2025-08-06 15:37:45,747 - Knowledge - INFO - Redis support added with prefix knowledge:b6613se:
2025-08-06 15:37:46,742 - Knowledge - INFO - load persisted knowledge: begin
2025-08-06 15:37:46,841 - Knowledge - INFO - load persisted knowledge: end
2025-08-06 15:37:46,920 - Knowledge - INFO - load persisted docinfo: begin
2025-08-06 15:37:47,023 - Knowledge - INFO - load persisted docinfo: end
2025-08-06 15:37:47,437 - Knowledge - INFO - worker kw1 created with dedicated MongoDB connection (total: 1)
2025-08-06 15:37:47,550 - Knowledge - INFO - knowledge worker kw1 start
2025-08-06 15:37:47,553 - Knowledge - INFO - worker kw2 created with dedicated MongoDB connection (total: 2)
2025-08-06 15:37:47,643 - Knowledge - INFO - worker kw1 pull /app/data/T0015/29462/b6613se/react-bank/api/extensions/users-permissions/models/User.settings.json from ingest queue
2025-08-06 15:37:47,737 - Knowledge - INFO - knowledge worker kw2 start
2025-08-06 15:37:47,739 - Knowledge - INFO - worker kw3 created with dedicated MongoDB connection (total: 3)
2025-08-06 15:37:47,872 - Knowledge - INFO - process ingested knowledge for /app/data/T0015/29462/b6613se/react-bank/api/extensions/users-permissions/models/User.settings.json
2025-08-06 15:37:47,914 - Knowledge - INFO - worker kw2 pull /app/data/T0015/29462/b6613se/react-bank/api/extensions/users-permissions/config/jwt.js from ingest queue
2025-08-06 15:37:48,011 - Knowledge - INFO - knowledge worker kw3 start
2025-08-06 15:37:48,013 - Knowledge - INFO - worker kw4 created with dedicated MongoDB connection (total: 4)
2025-08-06 15:37:48,131 - Knowledge - INFO - Found code-base-name: https://github.com/DanAnt123/react-bank.git:master
2025-08-06 15:37:48,270 - Knowledge - INFO - process ingested knowledge for /app/data/T0015/29462/b6613se/react-bank/api/extensions/users-permissions/config/jwt.js
2025-08-06 15:37:48,322 - Knowledge - INFO - worker kw3 pull /app/data/T0015/29462/b6613se/react-bank/api/extensions/users-permissions/config/routes.json from ingest queue
2025-08-06 15:37:48,415 - Knowledge - INFO - knowledge worker kw4 start
2025-08-06 15:37:48,425 - Knowledge - INFO - worker kw5 created with dedicated MongoDB connection (total: 5)
2025-08-06 15:37:48,490 - Knowledge - INFO - Found code_base: <app.utils.kg_build.knowledge.KnowledgeCodeBase object at 0x7fa3f4c2df50>
2025-08-06 15:37:48,948 - Knowledge - INFO - persist ingested knowledge for /app/data/T0015/29462/b6613se/react-bank/api/extensions/users-permissions/models/User.settings.json
2025-08-06 15:37:48,706 - Knowledge - INFO - process ingested knowledge for /app/data/T0015/29462/b6613se/react-bank/api/extensions/users-permissions/config/routes.json
2025-08-06 15:37:48,755 - Knowledge - INFO - worker kw4 pull /app/data/T0015/29462/b6613se/react-bank/api/extensions/users-permissions/controllers/user.js from ingest queue
2025-08-06 15:37:48,868 - Knowledge - INFO - knowledge worker kw5 start
2025-08-06 15:37:48,870 - Knowledge - INFO - worker kw6 created with dedicated MongoDB connection (total: 6)
2025-08-06 15:37:48,595 - Knowledge - INFO - Found code-base-name: https://github.com/DanAnt123/react-bank.git:master
2025-08-06 15:37:49,074 - Knowledge - INFO - adding /app/data/T0015/29462/b6613se/react-bank/api/extensions/users-permissions/models/User.settings.json to ingest queue
2025-08-06 15:37:49,244 - Knowledge - INFO - process ingested knowledge for /app/data/T0015/29462/b6613se/react-bank/api/extensions/users-permissions/controllers/user.js
2025-08-06 15:37:49,382 - Knowledge - INFO - knowledge worker kw6 start
2025-08-06 15:37:49,385 - Knowledge - INFO - worker kw7 created with dedicated MongoDB connection (total: 7)
2025-08-06 15:37:49,498 - Knowledge - INFO - Found code_base: <app.utils.kg_build.knowledge.KnowledgeCodeBase object at 0x7fa3f4c2df50>
2025-08-06 15:37:49,626 - Knowledge - INFO - Found code-base-name: https://github.com/DanAnt123/react-bank.git:master
2025-08-06 15:37:50,061 - Knowledge - INFO - Found code_base: <app.utils.kg_build.knowledge.KnowledgeCodeBase object at 0x7fa3f4c2df50>
2025-08-06 15:37:49,627 - Knowledge - INFO - worker kw1 pull /app/data/T0015/29462/b6613se/react-bank/api/extensions/users-permissions/controllers/functions/register-valids.js from ingest queue
2025-08-06 15:37:49,742 - Knowledge - INFO - Found code-base-name: https://github.com/DanAnt123/react-bank.git:master
2025-08-06 15:37:49,821 - Knowledge - INFO - worker kw6 pull /app/data/T0015/29462/b6613se/react-bank/api/extensions/users-permissions/controllers/functions/get-myself.js from ingest queue
2025-08-06 15:37:49,901 - Knowledge - INFO - knowledge worker kw7 start
2025-08-06 15:37:49,903 - Knowledge - INFO - worker kw8 created with dedicated MongoDB connection (total: 8)
2025-08-06 15:37:49,985 - Knowledge - INFO - persist ingested knowledge for /app/data/T0015/29462/b6613se/react-bank/api/extensions/users-permissions/config/jwt.js
2025-08-06 15:37:49,626 - Knowledge - INFO - worker kw5 pull /app/data/T0015/29462/b6613se/react-bank/api/extensions/users-permissions/controllers/functions/register.js from ingest queue
2025-08-06 15:37:50,171 - Knowledge - INFO - persist ingested knowledge for /app/data/T0015/29462/b6613se/react-bank/api/extensions/users-permissions/config/routes.json
2025-08-06 15:37:50,306 - Knowledge - INFO - process ingested knowledge for /app/data/T0015/29462/b6613se/react-bank/api/extensions/users-permissions/controllers/functions/register-valids.js
2025-08-06 15:37:50,351 - Knowledge - INFO - Found code_base: <app.utils.kg_build.knowledge.KnowledgeCodeBase object at 0x7fa3f4c2df50>
2025-08-06 15:37:50,520 - Knowledge - INFO - process ingested knowledge for /app/data/T0015/29462/b6613se/react-bank/api/extensions/users-permissions/controllers/functions/get-myself.js
2025-08-06 15:37:50,563 - Knowledge - INFO - worker kw7 pull /app/data/T0015/29462/b6613se/react-bank/api/extensions/users-permissions/controllers/functions/login.js from ingest queue
2025-08-06 15:37:50,640 - Knowledge - INFO - knowledge worker kw8 start
2025-08-06 15:37:50,642 - Knowledge - INFO - worker kw9 created with dedicated MongoDB connection (total: 9)
2025-08-06 15:37:50,767 - Knowledge - INFO - adding /app/data/T0015/29462/b6613se/react-bank/api/extensions/users-permissions/config/jwt.js to ingest queue
2025-08-06 15:37:50,843 - Knowledge - INFO - process ingested knowledge for /app/data/T0015/29462/b6613se/react-bank/api/extensions/users-permissions/controllers/functions/register.js
2025-08-06 15:37:51,074 - Knowledge - INFO - persist ingested knowledge for /app/data/T0015/29462/b6613se/react-bank/api/extensions/users-permissions/controllers/user.js
2025-08-06 15:37:51,274 - Knowledge - INFO - process ingested knowledge for /app/data/T0015/29462/b6613se/react-bank/api/extensions/users-permissions/controllers/functions/login.js
2025-08-06 15:37:51,420 - Knowledge - INFO - knowledge worker kw9 start
2025-08-06 15:37:51,423 - Knowledge - INFO - worker kw10 created with dedicated MongoDB connection (total: 10)
2025-08-06 15:37:51,578 - Knowledge - INFO - Found code-base-name: https://github.com/DanAnt123/react-bank.git:master
2025-08-06 15:37:51,578 - Knowledge - INFO - Found code-base-name: https://github.com/DanAnt123/react-bank.git:master
2025-08-06 15:37:51,578 - Knowledge - INFO - worker kw8 pull /app/data/T0015/29462/b6613se/react-bank/api/package.json from ingest queue
2025-08-06 15:37:51,578 - Knowledge - INFO - worker kw2 pull /app/data/T0015/29462/b6613se/react-bank/api/server.js from ingest queue
2025-08-06 15:37:51,578 - Knowledge - INFO - adding /app/data/T0015/29462/b6613se/react-bank/api/extensions/users-permissions/config/routes.json to ingest queue
2025-08-06 15:37:51,974 - Knowledge - INFO - knowledge worker kw10 start
2025-08-06 15:37:51,977 - Knowledge - INFO - worker kw11 created with dedicated MongoDB connection (total: 11)
2025-08-06 15:37:52,052 - Knowledge - INFO - Found code_base: <app.utils.kg_build.knowledge.KnowledgeCodeBase object at 0x7fa3f4c2df50>
2025-08-06 15:37:52,144 - Knowledge - INFO - Found code_base: <app.utils.kg_build.knowledge.KnowledgeCodeBase object at 0x7fa3f4c2df50>
2025-08-06 15:37:52,243 - Knowledge - INFO - process ingested knowledge for /app/data/T0015/29462/b6613se/react-bank/api/package.json
2025-08-06 15:37:52,322 - Knowledge - INFO - process ingested knowledge for /app/data/T0015/29462/b6613se/react-bank/api/server.js
2025-08-06 15:37:52,378 - Knowledge - INFO - Found code-base-name: https://github.com/DanAnt123/react-bank.git:master
2025-08-06 15:37:52,439 - Knowledge - INFO - adding /app/data/T0015/29462/b6613se/react-bank/api/extensions/users-permissions/controllers/user.js to ingest queue
2025-08-06 15:37:52,554 - Knowledge - INFO - knowledge worker kw11 start
2025-08-06 15:37:53,169 - Knowledge - INFO - worker kw11 pull /app/data/T0015/29462/b6613se/react-bank/api/api/card/controllers/card.js from ingest queue
2025-08-06 15:37:52,644 - Knowledge - INFO - persist ingested knowledge for /app/data/T0015/29462/b6613se/react-bank/api/extensions/users-permissions/controllers/functions/register-valids.js
2025-08-06 15:37:52,730 - Knowledge - INFO - persist ingested knowledge for /app/data/T0015/29462/b6613se/react-bank/api/extensions/users-permissions/controllers/functions/get-myself.js
2025-08-06 15:37:53,000 - Knowledge - INFO - Found code_base: <app.utils.kg_build.knowledge.KnowledgeCodeBase object at 0x7fa3f4c2df50>
2025-08-06 15:37:53,080 - Knowledge - INFO - worker kw9 pull /app/data/T0015/29462/b6613se/react-bank/api/api/form/config/routes.json from ingest queue
2025-08-06 15:37:53,081 - Knowledge - INFO - worker kw3 pull /app/data/T0015/29462/b6613se/react-bank/api/api/form/controllers/form.js from ingest queue
2025-08-06 15:37:53,081 - Knowledge - INFO - Found code-base-name: https://github.com/DanAnt123/react-bank.git:master
2025-08-06 15:37:53,081 - Knowledge - INFO - Found code-base-name: https://github.com/DanAnt123/react-bank.git:master
2025-08-06 15:37:53,081 - Knowledge - INFO - Found code-base-name: https://github.com/DanAnt123/react-bank.git:master
2025-08-06 15:37:53,081 - Knowledge - INFO - worker kw4 pull /app/data/T0015/29462/b6613se/react-bank/api/api/card/models/card.settings.json from ingest queue
2025-08-06 15:37:53,081 - Knowledge - INFO - worker kw10 pull /app/data/T0015/29462/b6613se/react-bank/api/api/card/config/routes.json from ingest queue
2025-08-06 15:37:52,556 - Knowledge - INFO - worker kw12 created with dedicated MongoDB connection (total: 12)
2025-08-06 15:37:53,293 - Knowledge - INFO - process ingested knowledge for /app/data/T0015/29462/b6613se/react-bank/api/api/card/controllers/card.js
2025-08-06 15:37:53,401 - Knowledge - INFO - adding /app/data/T0015/29462/b6613se/react-bank/api/extensions/users-permissions/controllers/functions/register-valids.js to ingest queue
2025-08-06 15:37:53,499 - Knowledge - INFO - persist ingested knowledge for /app/data/T0015/29462/b6613se/react-bank/api/extensions/users-permissions/controllers/functions/register.js
2025-08-06 15:37:53,600 - Knowledge - INFO - process ingested knowledge for /app/data/T0015/29462/b6613se/react-bank/api/api/form/config/routes.json
2025-08-06 15:37:53,711 - Knowledge - INFO - process ingested knowledge for /app/data/T0015/29462/b6613se/react-bank/api/api/form/controllers/form.js
2025-08-06 15:37:53,768 - Knowledge - INFO - Found code_base: <app.utils.kg_build.knowledge.KnowledgeCodeBase object at 0x7fa3f4c2df50>
2025-08-06 15:37:53,888 - Knowledge - INFO - Found code_base: <app.utils.kg_build.knowledge.KnowledgeCodeBase object at 0x7fa3f4c2df50>
2025-08-06 15:37:54,002 - Knowledge - INFO - Found code_base: <app.utils.kg_build.knowledge.KnowledgeCodeBase object at 0x7fa3f4c2df50>
2025-08-06 15:37:54,147 - Knowledge - INFO - process ingested knowledge for /app/data/T0015/29462/b6613se/react-bank/api/api/card/models/card.settings.json
2025-08-06 15:37:54,229 - Knowledge - INFO - process ingested knowledge for /app/data/T0015/29462/b6613se/react-bank/api/api/card/config/routes.json
2025-08-06 15:37:54,276 - Knowledge - INFO - knowledge worker kw12 start
2025-08-06 15:37:54,278 - Knowledge - INFO - worker kw13 created with dedicated MongoDB connection (total: 13)
2025-08-06 15:37:54,539 - Knowledge - INFO - Found code-base-name: https://github.com/DanAnt123/react-bank.git:master
2025-08-06 15:37:54,539 - Knowledge - INFO - worker kw1 pull /app/data/T0015/29462/b6613se/react-bank/api/api/settings/models/settings.settings.json from ingest queue
2025-08-06 15:37:54,539 - Knowledge - INFO - adding /app/data/T0015/29462/b6613se/react-bank/api/extensions/users-permissions/controllers/functions/get-myself.js to ingest queue
2025-08-06 15:37:54,840 - Knowledge - INFO - persist ingested knowledge for /app/data/T0015/29462/b6613se/react-bank/api/extensions/users-permissions/controllers/functions/login.js
2025-08-06 15:37:54,917 - Knowledge - INFO - persist ingested knowledge for /app/data/T0015/29462/b6613se/react-bank/api/package.json
2025-08-06 15:37:55,024 - Knowledge - INFO - persist ingested knowledge for /app/data/T0015/29462/b6613se/react-bank/api/server.js
2025-08-06 15:37:55,427 - Knowledge - INFO - knowledge worker kw13 start
2025-08-06 15:37:55,428 - Knowledge - INFO - worker kw14 created with dedicated MongoDB connection (total: 14)
2025-08-06 15:37:55,508 - Knowledge - INFO - Found code_base: <app.utils.kg_build.knowledge.KnowledgeCodeBase object at 0x7fa3f4c2df50>
2025-08-06 15:37:55,651 - Knowledge - INFO - process ingested knowledge for /app/data/T0015/29462/b6613se/react-bank/api/api/settings/models/settings.settings.json
2025-08-06 15:37:55,787 - Knowledge - INFO - Found code-base-name: https://github.com/DanAnt123/react-bank.git:master
2025-08-06 15:37:55,787 - Knowledge - INFO - Found code-base-name: https://github.com/DanAnt123/react-bank.git:master
2025-08-06 15:37:55,787 - Knowledge - INFO - Found code-base-name: https://github.com/DanAnt123/react-bank.git:master
2025-08-06 15:37:56,622 - Knowledge - INFO - Found code_base: <app.utils.kg_build.knowledge.KnowledgeCodeBase object at 0x7fa3f4c2df50>
2025-08-06 15:37:55,788 - Knowledge - INFO - worker kw12 pull /app/data/T0015/29462/b6613se/react-bank/api/api/settings/config/routes.json from ingest queue
2025-08-06 15:37:55,788 - Knowledge - INFO - worker kw6 pull /app/data/T0015/29462/b6613se/react-bank/api/api/settings/controllers/settings.js from ingest queue
2025-08-06 15:37:55,788 - Knowledge - INFO - adding /app/data/T0015/29462/b6613se/react-bank/api/extensions/users-permissions/controllers/functions/register.js to ingest queue
2025-08-06 15:37:56,179 - Knowledge - INFO - knowledge worker kw14 start
2025-08-06 15:37:56,181 - Knowledge - INFO - worker kw15 created with dedicated MongoDB connection (total: 15)
2025-08-06 15:37:56,273 - Knowledge - INFO - persist ingested knowledge for /app/data/T0015/29462/b6613se/react-bank/api/api/card/controllers/card.js
2025-08-06 15:37:56,466 - Knowledge - INFO - Found code_base: <app.utils.kg_build.knowledge.KnowledgeCodeBase object at 0x7fa3f4c2df50>
2025-08-06 15:37:56,542 - Knowledge - INFO - Found code_base: <app.utils.kg_build.knowledge.KnowledgeCodeBase object at 0x7fa3f4c2df50>
2025-08-06 15:37:57,397 - Knowledge - INFO - persist ingested knowledge for /app/data/T0015/29462/b6613se/react-bank/api/api/form/controllers/form.js
2025-08-06 15:37:56,692 - Knowledge - INFO - persist ingested knowledge for /app/data/T0015/29462/b6613se/react-bank/api/api/card/models/card.settings.json
2025-08-06 15:37:56,805 - Knowledge - INFO - process ingested knowledge for /app/data/T0015/29462/b6613se/react-bank/api/api/settings/config/routes.json
2025-08-06 15:37:56,932 - Knowledge - INFO - process ingested knowledge for /app/data/T0015/29462/b6613se/react-bank/api/api/settings/controllers/settings.js
2025-08-06 15:37:57,141 - Knowledge - INFO - worker kw13 pull /app/data/T0015/29462/b6613se/react-bank/api/api/common/config/routes.json from ingest queue
2025-08-06 15:37:57,141 - Knowledge - INFO - Found code-base-name: https://github.com/DanAnt123/react-bank.git:master
2025-08-06 15:37:57,141 - Knowledge - INFO - worker kw5 pull /app/data/T0015/29462/b6613se/react-bank/api/api/common/controllers/clean-database.js from ingest queue
2025-08-06 15:37:57,142 - Knowledge - INFO - worker kw14 pull /app/data/T0015/29462/b6613se/react-bank/api/api/common/controllers/common.js from ingest queue
2025-08-06 15:37:57,142 - Knowledge - INFO - adding /app/data/T0015/29462/b6613se/react-bank/api/package.json to ingest queue
2025-08-06 15:37:57,171 - Knowledge - INFO - knowledge worker kw15 start
2025-08-06 15:37:57,173 - Knowledge - INFO - worker kw16 created with dedicated MongoDB connection (total: 16)
2025-08-06 15:37:57,321 - Knowledge - INFO - persist ingested knowledge for /app/data/T0015/29462/b6613se/react-bank/api/api/form/config/routes.json
2025-08-06 15:37:55,787 - Knowledge - INFO - Found code-base-name: https://github.com/DanAnt123/react-bank.git:master
2025-08-06 15:37:58,538 - Knowledge - INFO - Found code_base: <app.utils.kg_build.knowledge.KnowledgeCodeBase object at 0x7fa3f4c2df50>
2025-08-06 15:37:57,929 - Knowledge - INFO - Found code_base: <app.utils.kg_build.knowledge.KnowledgeCodeBase object at 0x7fa3f4c2df50>
2025-08-06 15:37:58,091 - Knowledge - INFO - process ingested knowledge for /app/data/T0015/29462/b6613se/react-bank/api/api/common/controllers/clean-database.js
2025-08-06 15:37:58,173 - Knowledge - INFO - process ingested knowledge for /app/data/T0015/29462/b6613se/react-bank/api/api/common/controllers/common.js
2025-08-06 15:37:58,221 - Knowledge - INFO - adding /app/data/T0015/29462/b6613se/react-bank/api/server.js to ingest queue
2025-08-06 15:37:58,367 - Knowledge - INFO - knowledge worker kw16 start
2025-08-06 15:37:58,369 - Knowledge - INFO - worker kw17 created with dedicated MongoDB connection (total: 17)
2025-08-06 15:37:57,852 - Knowledge - INFO - process ingested knowledge for /app/data/T0015/29462/b6613se/react-bank/api/api/common/config/routes.json
2025-08-06 15:37:58,627 - Knowledge - INFO - persist ingested knowledge for /app/data/T0015/29462/b6613se/react-bank/api/api/card/config/routes.json
2025-08-06 15:37:58,698 - Knowledge - INFO - persist ingested knowledge for /app/data/T0015/29462/b6613se/react-bank/api/api/settings/models/settings.settings.json
2025-08-06 15:37:58,972 - Knowledge - INFO - adding /app/data/T0015/29462/b6613se/react-bank/api/extensions/users-permissions/controllers/functions/login.js to ingest queue
2025-08-06 15:37:59,166 - Knowledge - INFO - knowledge worker kw17 start
2025-08-06 15:37:59,168 - Knowledge - INFO - worker kw18 created with dedicated MongoDB connection (total: 18)
2025-08-06 15:37:59,681 - Knowledge - INFO - Found code-base-name: https://github.com/DanAnt123/react-bank.git:master
2025-08-06 15:37:59,681 - Knowledge - INFO - Found code-base-name: https://github.com/DanAnt123/react-bank.git:master
2025-08-06 15:37:59,681 - Knowledge - INFO - worker kw8 pull /app/data/T0015/29462/b6613se/react-bank/api/api/common/controllers/generate-dummy-data.js from ingest queue
2025-08-06 15:37:59,681 - Knowledge - INFO - worker kw15 pull /app/data/T0015/29462/b6613se/react-bank/api/api/transfer/models/transfer.settings.json from ingest queue
2025-08-06 15:37:59,681 - Knowledge - INFO - Found code-base-name: https://github.com/DanAnt123/react-bank.git:master
2025-08-06 15:37:59,681 - Knowledge - INFO - Found code-base-name: https://github.com/DanAnt123/react-bank.git:master
2025-08-06 15:37:59,682 - Knowledge - INFO - worker kw2 pull /app/data/T0015/29462/b6613se/react-bank/api/api/transfer/config/routes.json from ingest queue
2025-08-06 15:37:59,682 - Knowledge - INFO - worker kw16 pull /app/data/T0015/29462/b6613se/react-bank/api/api/transfer/controllers/transfer.js from ingest queue
2025-08-06 15:37:59,744 - Knowledge - INFO - knowledge worker kw18 start
2025-08-06 15:37:59,746 - Knowledge - INFO - worker kw19 created with dedicated MongoDB connection (total: 19)
2025-08-06 15:37:59,781 - Knowledge - INFO - worker kw7 pull /app/data/T0015/29462/b6613se/react-bank/api/api/transfer/controllers/create-valids.js from ingest queue
2025-08-06 15:37:59,781 - Knowledge - INFO - adding /app/data/T0015/29462/b6613se/react-bank/api/api/settings/models/settings.settings.json to ingest queue
2025-08-06 15:37:59,816 - Knowledge - INFO - Found code_base: <app.utils.kg_build.knowledge.KnowledgeCodeBase object at 0x7fa3f4c2df50>
2025-08-06 15:37:59,895 - Knowledge - INFO - Found code_base: <app.utils.kg_build.knowledge.KnowledgeCodeBase object at 0x7fa3f4c2df50>
2025-08-06 15:38:00,042 - Knowledge - INFO - process ingested knowledge for /app/data/T0015/29462/b6613se/react-bank/api/api/common/controllers/generate-dummy-data.js
2025-08-06 15:38:00,125 - Knowledge - INFO - process ingested knowledge for /app/data/T0015/29462/b6613se/react-bank/api/api/transfer/models/transfer.settings.json
2025-08-06 15:38:00,204 - Knowledge - INFO - Found code_base: <app.utils.kg_build.knowledge.KnowledgeCodeBase object at 0x7fa3f4c2df50>
2025-08-06 15:38:00,299 - Knowledge - INFO - Found code_base: <app.utils.kg_build.knowledge.KnowledgeCodeBase object at 0x7fa3f4c2df50>
2025-08-06 15:38:00,418 - Knowledge - INFO - process ingested knowledge for /app/data/T0015/29462/b6613se/react-bank/api/api/transfer/config/routes.json
2025-08-06 15:38:00,500 - Knowledge - INFO - process ingested knowledge for /app/data/T0015/29462/b6613se/react-bank/api/api/transfer/controllers/transfer.js
2025-08-06 15:38:00,663 - Knowledge - INFO - knowledge worker kw19 start
2025-08-06 15:38:00,666 - Knowledge - INFO - worker kw20 created with dedicated MongoDB connection (total: 20)
2025-08-06 15:38:00,828 - Knowledge - INFO - process ingested knowledge for /app/data/T0015/29462/b6613se/react-bank/api/api/transfer/controllers/create-valids.js
2025-08-06 15:38:00,876 - Knowledge - INFO - adding /app/data/T0015/29462/b6613se/react-bank/api/api/form/controllers/form.js to ingest queue
2025-08-06 15:38:00,997 - Knowledge - INFO - persist ingested knowledge for /app/data/T0015/29462/b6613se/react-bank/api/api/settings/config/routes.json
2025-08-06 15:38:01,097 - Knowledge - INFO - persist ingested knowledge for /app/data/T0015/29462/b6613se/react-bank/api/api/settings/controllers/settings.js
2025-08-06 15:38:01,414 - Knowledge - INFO - persist ingested knowledge for /app/data/T0015/29462/b6613se/react-bank/api/api/common/controllers/clean-database.js
2025-08-06 15:38:01,496 - Knowledge - INFO - persist ingested knowledge for /app/data/T0015/29462/b6613se/react-bank/api/api/common/controllers/common.js
2025-08-06 15:38:01,805 - Knowledge - INFO - knowledge worker kw20 start
2025-08-06 15:38:01,807 - Knowledge - WARNING - High connection count: 21 connections active
2025-08-06 15:38:01,987 - Knowledge - INFO - adding /app/data/T0015/29462/b6613se/react-bank/api/api/card/models/card.settings.json to ingest queue
2025-08-06 15:38:02,578 - Knowledge - INFO - worker kw21 created with dedicated MongoDB connection (total: 21)
2025-08-06 15:38:02,745 - Knowledge - INFO - Found code-base-name: https://github.com/DanAnt123/react-bank.git:master
2025-08-06 15:38:02,746 - Knowledge - INFO - adding /app/data/T0015/29462/b6613se/react-bank/api/api/card/config/routes.json to ingest queue
2025-08-06 15:38:02,758 - Knowledge - INFO - knowledge worker kw21 start
2025-08-06 15:38:02,762 - Knowledge - WARNING - High connection count: 22 connections active
2025-08-06 15:38:02,841 - Knowledge - INFO - Found code_base: <app.utils.kg_build.knowledge.KnowledgeCodeBase object at 0x7fa3f4c2df50>
2025-08-06 15:38:03,236 - Knowledge - INFO - persist ingested knowledge for /app/data/T0015/29462/b6613se/react-bank/api/api/common/config/routes.json
2025-08-06 15:38:03,150 - Knowledge - INFO - worker kw22 created with dedicated MongoDB connection (total: 22)
2025-08-06 15:38:02,944 - Knowledge - INFO - adding /app/data/T0015/29462/b6613se/react-bank/api/api/card/controllers/card.js to ingest queue
2025-08-06 15:38:03,409 - Knowledge - INFO - knowledge worker kw22 start
2025-08-06 15:38:03,411 - Knowledge - WARNING - High connection count: 23 connections active
2025-08-06 15:38:03,521 - Knowledge - INFO - worker kw17 pull /app/data/T0015/29462/b6613se/react-bank/api/api/message/models/message.settings.json from ingest queue
2025-08-06 15:38:03,524 - Knowledge - INFO - worker kw18 pull /app/data/T0015/29462/b6613se/react-bank/api/api/message/config/routes.json from ingest queue
2025-08-06 15:38:03,524 - Knowledge - INFO - worker kw1 pull /app/data/T0015/29462/b6613se/react-bank/api/api/message/controllers/message.js from ingest queue
2025-08-06 15:38:03,524 - Knowledge - INFO - Found code-base-name: https://github.com/DanAnt123/react-bank.git:master
2025-08-06 15:38:03,524 - Knowledge - INFO - Found code-base-name: https://github.com/DanAnt123/react-bank.git:master
2025-08-06 15:38:03,524 - Knowledge - INFO - worker kw19 pull /app/data/T0015/29462/b6613se/react-bank/api/api/errors/services/errors.js from ingest queue
2025-08-06 15:38:03,524 - Knowledge - INFO - Found code-base-name: https://github.com/DanAnt123/react-bank.git:master
2025-08-06 15:38:03,524 - Knowledge - INFO - worker kw3 pull /app/data/T0015/29462/b6613se/react-bank/api/api/account/models/account.settings.json from ingest queue
2025-08-06 15:38:03,684 - Knowledge - INFO - worker kw23 created with dedicated MongoDB connection (total: 23)
2025-08-06 15:38:03,722 - Knowledge - INFO - worker kw20 pull /app/data/T0015/29462/b6613se/react-bank/api/api/account/config/routes.json from ingest queue
2025-08-06 15:38:03,722 - Knowledge - INFO - worker kw4 pull /app/data/T0015/29462/b6613se/react-bank/api/api/account/controllers/account.js from ingest queue
2025-08-06 15:38:03,722 - Knowledge - INFO - worker kw10 pull /app/data/T0015/29462/b6613se/react-bank/api/api/stats/models/stats.settings.json from ingest queue
2025-08-06 15:38:03,772 - Knowledge - INFO - worker kw11 pull /app/data/T0015/29462/b6613se/react-bank/api/api/stats/config/routes.json from ingest queue
2025-08-06 15:38:03,773 - Knowledge - INFO - Found code-base-name: https://github.com/DanAnt123/react-bank.git:master
2025-08-06 15:38:03,773 - Knowledge - INFO - Found code-base-name: https://github.com/DanAnt123/react-bank.git:master
2025-08-06 15:38:03,841 - Knowledge - INFO - process ingested knowledge for /app/data/T0015/29462/b6613se/react-bank/api/api/message/models/message.settings.json
2025-08-06 15:38:03,856 - Knowledge - INFO - adding /app/data/T0015/29462/b6613se/react-bank/api/api/settings/config/routes.json to ingest queue
2025-08-06 15:38:03,909 - Knowledge - INFO - process ingested knowledge for /app/data/T0015/29462/b6613se/react-bank/api/api/message/config/routes.json
2025-08-06 15:38:04,011 - Knowledge - INFO - process ingested knowledge for /app/data/T0015/29462/b6613se/react-bank/api/api/message/controllers/message.js
2025-08-06 15:38:04,085 - Knowledge - INFO - Found code_base: <app.utils.kg_build.knowledge.KnowledgeCodeBase object at 0x7fa3f4c2df50>
2025-08-06 15:38:04,165 - Knowledge - INFO - Found code_base: <app.utils.kg_build.knowledge.KnowledgeCodeBase object at 0x7fa3f4c2df50>
2025-08-06 15:38:04,276 - Knowledge - INFO - process ingested knowledge for /app/data/T0015/29462/b6613se/react-bank/api/api/errors/services/errors.js
2025-08-06 15:38:04,315 - Knowledge - INFO - Found code_base: <app.utils.kg_build.knowledge.KnowledgeCodeBase object at 0x7fa3f4c2df50>
2025-08-06 15:38:04,426 - Knowledge - INFO - process ingested knowledge for /app/data/T0015/29462/b6613se/react-bank/api/api/account/models/account.settings.json
2025-08-06 15:38:04,481 - Knowledge - INFO - knowledge worker kw23 start
2025-08-06 15:38:04,482 - Knowledge - WARNING - High connection count: 24 connections active
2025-08-06 15:38:04,578 - Knowledge - INFO - process ingested knowledge for /app/data/T0015/29462/b6613se/react-bank/api/api/account/config/routes.json
2025-08-06 15:38:04,659 - Knowledge - INFO - process ingested knowledge for /app/data/T0015/29462/b6613se/react-bank/api/api/account/controllers/account.js
2025-08-06 15:38:04,748 - Knowledge - INFO - process ingested knowledge for /app/data/T0015/29462/b6613se/react-bank/api/api/stats/models/stats.settings.json
2025-08-06 15:38:04,859 - Knowledge - INFO - process ingested knowledge for /app/data/T0015/29462/b6613se/react-bank/api/api/stats/config/routes.json
2025-08-06 15:38:04,911 - Knowledge - INFO - Found code_base: <app.utils.kg_build.knowledge.KnowledgeCodeBase object at 0x7fa3f4c2df50>
2025-08-06 15:38:04,995 - Knowledge - INFO - Found code_base: <app.utils.kg_build.knowledge.KnowledgeCodeBase object at 0x7fa3f4c2df50>
2025-08-06 15:38:05,157 - Knowledge - INFO - worker kw22 pull /app/data/T0015/29462/b6613se/react-bank/api/api/stats/controllers/stats.js from ingest queue
2025-08-06 15:38:05,157 - Knowledge - INFO - adding /app/data/T0015/29462/b6613se/react-bank/api/api/common/controllers/clean-database.js to ingest queue
2025-08-06 15:38:05,607 - Knowledge - INFO - persist ingested knowledge for /app/data/T0015/29462/b6613se/react-bank/api/api/common/controllers/generate-dummy-data.js
2025-08-06 15:38:05,704 - Knowledge - INFO - persist ingested knowledge for /app/data/T0015/29462/b6613se/react-bank/api/api/transfer/controllers/transfer.js
2025-08-06 15:38:05,910 - Knowledge - INFO - persist ingested knowledge for /app/data/T0015/29462/b6613se/react-bank/api/api/transfer/controllers/create-valids.js
2025-08-06 15:38:06,237 - Knowledge - INFO - worker kw24 created with dedicated MongoDB connection (total: 24)
2025-08-06 15:38:06,664 - Knowledge - INFO - persist ingested knowledge for /app/data/T0015/29462/b6613se/react-bank/api/api/transfer/models/transfer.settings.json
2025-08-06 15:38:06,751 - Knowledge - INFO - persist ingested knowledge for /app/data/T0015/29462/b6613se/react-bank/api/api/transfer/config/routes.json
2025-08-06 15:38:06,854 - Knowledge - INFO - process ingested knowledge for /app/data/T0015/29462/b6613se/react-bank/api/api/stats/controllers/stats.js
2025-08-06 15:38:06,918 - Knowledge - INFO - adding /app/data/T0015/29462/b6613se/react-bank/api/api/common/controllers/common.js to ingest queue
2025-08-06 15:38:07,333 - Knowledge - INFO - knowledge worker kw24 start
2025-08-06 15:38:07,335 - Knowledge - WARNING - High connection count: 25 connections active
2025-08-06 15:38:07,657 - Knowledge - INFO - adding /app/data/T0015/29462/b6613se/react-bank/api/api/form/config/routes.json to ingest queue
2025-08-06 15:38:07,841 - Knowledge - INFO - worker kw25 created with dedicated MongoDB connection (total: 25)
2025-08-06 15:38:07,954 - Knowledge - INFO - worker kw21 pull /app/data/T0015/29462/b6613se/react-bank/api/components/stats/stats-component.json from ingest queue
2025-08-06 15:38:07,954 - Knowledge - INFO - adding /app/data/T0015/29462/b6613se/react-bank/api/api/common/config/routes.json to ingest queue
2025-08-06 15:38:08,052 - Knowledge - INFO - knowledge worker kw25 start
2025-08-06 15:38:08,192 - Knowledge - INFO - process ingested knowledge for /app/data/T0015/29462/b6613se/react-bank/api/components/stats/stats-component.json
2025-08-06 15:38:08,257 - Knowledge - INFO - adding /app/data/T0015/29462/b6613se/react-bank/api/api/settings/controllers/settings.js to ingest queue
2025-08-06 15:38:08,526 - Knowledge - INFO - Found code-base-name: https://github.com/DanAnt123/react-bank.git:master
2025-08-06 15:38:08,526 - Knowledge - INFO - worker kw12 pull /app/data/T0015/29462/b6613se/react-bank/api/config/policies/pass-jwt-user.js from ingest queue
2025-08-06 15:38:08,527 - Knowledge - INFO - Found code-base-name: https://github.com/DanAnt123/react-bank.git:master
2025-08-06 15:38:08,527 - Knowledge - INFO - Found code-base-name: https://github.com/DanAnt123/react-bank.git:master
2025-08-06 15:38:08,528 - Knowledge - INFO - Found code-base-name: https://github.com/DanAnt123/react-bank.git:master
2025-08-06 15:38:08,528 - Knowledge - INFO - worker kw23 pull /app/data/T0015/29462/b6613se/react-bank/api/config/functions/responses/404.js from ingest queue
2025-08-06 15:38:08,528 - Knowledge - INFO - Found code-base-name: https://github.com/DanAnt123/react-bank.git:master
2025-08-06 15:38:08,528 - Knowledge - INFO - Found code-base-name: https://github.com/DanAnt123/react-bank.git:master
2025-08-06 15:38:08,528 - Knowledge - INFO - Found code-base-name: https://github.com/DanAnt123/react-bank.git:master
2025-08-06 15:38:08,528 - Knowledge - INFO - Found code-base-name: https://github.com/DanAnt123/react-bank.git:master
2025-08-06 15:38:08,528 - Knowledge - INFO - worker kw5 pull /app/data/T0015/29462/b6613se/react-bank/api/config/functions/bootstrap.js from ingest queue
2025-08-06 15:38:08,612 - Knowledge - INFO - Found code_base: <app.utils.kg_build.knowledge.KnowledgeCodeBase object at 0x7fa3f4c2df50>
2025-08-06 15:38:08,746 - Knowledge - INFO - Found code-base-name: https://github.com/DanAnt123/react-bank.git:master
2025-08-06 15:38:08,747 - Knowledge - INFO - worker kw14 pull /app/data/T0015/29462/b6613se/react-bank/api/config/functions/cron.ts from ingest queue
2025-08-06 15:38:08,747 - Knowledge - INFO - worker kw24 pull /app/data/T0015/29462/b6613se/react-bank/api/tsconfig.base.json from ingest queue
2025-08-06 15:38:08,747 - Knowledge - INFO - worker kw13 pull /app/data/T0015/29462/b6613se/react-bank/api/middlewares/customErrorHandler/index.js from ingest queue
2025-08-06 15:38:08,747 - Knowledge - INFO - Found code-base-name: https://github.com/DanAnt123/react-bank.git:master
2025-08-06 15:38:08,747 - Knowledge - INFO - worker kw6 pull /app/data/T0015/29462/b6613se/react-bank/api/tsconfig.json from ingest queue
2025-08-06 15:38:08,747 - Knowledge - INFO - Found code-base-name: https://github.com/DanAnt123/react-bank.git:master
2025-08-06 15:38:08,747 - Knowledge - INFO - adding /app/data/T0015/29462/b6613se/react-bank/api/api/common/controllers/generate-dummy-data.js to ingest queue
2025-08-06 15:38:08,774 - Knowledge - INFO - process ingested knowledge for /app/data/T0015/29462/b6613se/react-bank/api/config/policies/pass-jwt-user.js
2025-08-06 15:38:08,825 - Knowledge - INFO - Found code_base: <app.utils.kg_build.knowledge.KnowledgeCodeBase object at 0x7fa3f4c2df50>
2025-08-06 15:38:10,540 - Knowledge - INFO - persist ingested knowledge for /app/data/T0015/29462/b6613se/react-bank/api/api/message/controllers/message.js
2025-08-06 15:38:08,967 - Knowledge - INFO - Found code_base: <app.utils.kg_build.knowledge.KnowledgeCodeBase object at 0x7fa3f4c2df50>
2025-08-06 15:38:09,097 - Knowledge - INFO - process ingested knowledge for /app/data/T0015/29462/b6613se/react-bank/api/config/functions/responses/404.js
2025-08-06 15:38:09,186 - Knowledge - INFO - Found code_base: <app.utils.kg_build.knowledge.KnowledgeCodeBase object at 0x7fa3f4c2df50>
2025-08-06 15:38:09,262 - Knowledge - INFO - Found code_base: <app.utils.kg_build.knowledge.KnowledgeCodeBase object at 0x7fa3f4c2df50>
2025-08-06 15:38:09,335 - Knowledge - INFO - Found code_base: <app.utils.kg_build.knowledge.KnowledgeCodeBase object at 0x7fa3f4c2df50>
2025-08-06 15:38:09,431 - Knowledge - INFO - Found code_base: <app.utils.kg_build.knowledge.KnowledgeCodeBase object at 0x7fa3f4c2df50>
2025-08-06 15:38:09,541 - Knowledge - INFO - process ingested knowledge for /app/data/T0015/29462/b6613se/react-bank/api/config/functions/bootstrap.js
2025-08-06 15:38:09,609 - Knowledge - INFO - persist ingested knowledge for /app/data/T0015/29462/b6613se/react-bank/api/api/message/models/message.settings.json
2025-08-06 15:38:09,707 - Knowledge - INFO - Found code_base: <app.utils.kg_build.knowledge.KnowledgeCodeBase object at 0x7fa3f4c2df50>
2025-08-06 15:38:09,815 - Knowledge - INFO - process ingested knowledge for /app/data/T0015/29462/b6613se/react-bank/api/config/functions/cron.ts
2025-08-06 15:38:09,891 - Knowledge - INFO - process ingested knowledge for /app/data/T0015/29462/b6613se/react-bank/api/tsconfig.base.json
2025-08-06 15:38:09,987 - Knowledge - INFO - process ingested knowledge for /app/data/T0015/29462/b6613se/react-bank/api/middlewares/customErrorHandler/index.js
2025-08-06 15:38:10,062 - Knowledge - INFO - Found code_base: <app.utils.kg_build.knowledge.KnowledgeCodeBase object at 0x7fa3f4c2df50>
2025-08-06 15:38:10,200 - Knowledge - INFO - process ingested knowledge for /app/data/T0015/29462/b6613se/react-bank/api/tsconfig.json
2025-08-06 15:38:10,270 - Knowledge - INFO - Found code_base: <app.utils.kg_build.knowledge.KnowledgeCodeBase object at 0x7fa3f4c2df50>
2025-08-06 15:38:10,365 - Knowledge - INFO - adding /app/data/T0015/29462/b6613se/react-bank/api/api/transfer/controllers/create-valids.js to ingest queue
2025-08-06 15:38:08,895 - Knowledge - INFO - Found code_base: <app.utils.kg_build.knowledge.KnowledgeCodeBase object at 0x7fa3f4c2df50>
2025-08-06 15:38:10,699 - Knowledge - INFO - persist ingested knowledge for /app/data/T0015/29462/b6613se/react-bank/api/api/account/models/account.settings.json
2025-08-06 15:38:10,890 - Knowledge - INFO - persist ingested knowledge for /app/data/T0015/29462/b6613se/react-bank/api/api/account/config/routes.json
2025-08-06 15:38:10,991 - Knowledge - INFO - persist ingested knowledge for /app/data/T0015/29462/b6613se/react-bank/api/api/account/controllers/account.js
2025-08-06 15:38:11,058 - Knowledge - INFO - persist ingested knowledge for /app/data/T0015/29462/b6613se/react-bank/api/api/stats/models/stats.settings.json
2025-08-06 15:38:11,174 - Knowledge - INFO - persist ingested knowledge for /app/data/T0015/29462/b6613se/react-bank/api/api/stats/config/routes.json
2025-08-06 15:38:11,463 - Knowledge - INFO - persist ingested knowledge for /app/data/T0015/29462/b6613se/react-bank/api/api/stats/controllers/stats.js
2025-08-06 15:38:11,790 - Knowledge - INFO - persist ingested knowledge for /app/data/T0015/29462/b6613se/react-bank/api/components/stats/stats-component.json
2025-08-06 15:38:11,986 - Knowledge - INFO - persist ingested knowledge for /app/data/T0015/29462/b6613se/react-bank/api/api/message/config/routes.json
2025-08-06 15:38:12,077 - Knowledge - INFO - adding /app/data/T0015/29462/b6613se/react-bank/api/api/transfer/models/transfer.settings.json to ingest queue
2025-08-06 15:38:12,158 - Knowledge - INFO - persist ingested knowledge for /app/data/T0015/29462/b6613se/react-bank/api/api/errors/services/errors.js
2025-08-06 15:38:13,005 - Knowledge - INFO - adding /app/data/T0015/29462/b6613se/react-bank/api/api/transfer/config/routes.json to ingest queue
2025-08-06 15:38:13,196 - Knowledge - INFO - worker kw2 pull /app/data/T0015/29462/b6613se/react-bank/api/develop-inspect.js from ingest queue
2025-08-06 15:38:13,197 - Knowledge - INFO - worker kw25 pull /app/data/T0015/29462/b6613se/react-bank/api/ecosystem.config.js from ingest queue
2025-08-06 15:38:13,197 - Knowledge - INFO - worker kw8 pull /app/data/T0015/29462/b6613se/react-bank/api/public/robots.txt from ingest queue
2025-08-06 15:38:13,198 - Knowledge - INFO - Found code-base-name: https://github.com/DanAnt123/react-bank.git:master
2025-08-06 15:38:13,198 - Knowledge - INFO - Found code-base-name: https://github.com/DanAnt123/react-bank.git:master
2025-08-06 15:38:13,198 - Knowledge - INFO - Found code-base-name: https://github.com/DanAnt123/react-bank.git:master
2025-08-06 15:38:13,270 - Knowledge - INFO - Found code-base-name: https://github.com/DanAnt123/react-bank.git:master
2025-08-06 15:38:13,270 - Knowledge - INFO - Found code-base-name: https://github.com/DanAnt123/react-bank.git:master
2025-08-06 15:38:13,270 - Knowledge - INFO - Found code-base-name: https://github.com/DanAnt123/react-bank.git:master
2025-08-06 15:38:13,270 - Knowledge - INFO - Found code-base-name: https://github.com/DanAnt123/react-bank.git:master
2025-08-06 15:38:13,271 - Knowledge - INFO - worker kw7 pull /app/data/T0015/29462/b6613se/react-bank/old-api/package.json from ingest queue
2025-08-06 15:38:13,326 - Knowledge - INFO - process ingested knowledge for /app/data/T0015/29462/b6613se/react-bank/api/develop-inspect.js
2025-08-06 15:38:13,404 - Knowledge - INFO - process ingested knowledge for /app/data/T0015/29462/b6613se/react-bank/api/ecosystem.config.js
2025-08-06 15:38:13,481 - Knowledge - INFO - process ingested knowledge for /app/data/T0015/29462/b6613se/react-bank/api/public/robots.txt
2025-08-06 15:38:13,531 - Knowledge - INFO - adding /app/data/T0015/29462/b6613se/react-bank/api/api/stats/controllers/stats.js to ingest queue
2025-08-06 15:38:13,562 - Knowledge - INFO - Found code_base: <app.utils.kg_build.knowledge.KnowledgeCodeBase object at 0x7fa3f4c2df50>
2025-08-06 15:38:13,650 - Knowledge - INFO - Found code_base: <app.utils.kg_build.knowledge.KnowledgeCodeBase object at 0x7fa3f4c2df50>
2025-08-06 15:38:13,735 - Knowledge - INFO - Found code_base: <app.utils.kg_build.knowledge.KnowledgeCodeBase object at 0x7fa3f4c2df50>
2025-08-06 15:38:13,840 - Knowledge - INFO - Found code_base: <app.utils.kg_build.knowledge.KnowledgeCodeBase object at 0x7fa3f4c2df50>
2025-08-06 15:38:13,914 - Knowledge - INFO - Found code_base: <app.utils.kg_build.knowledge.KnowledgeCodeBase object at 0x7fa3f4c2df50>
2025-08-06 15:38:14,014 - Knowledge - INFO - Found code_base: <app.utils.kg_build.knowledge.KnowledgeCodeBase object at 0x7fa3f4c2df50>
2025-08-06 15:38:14,114 - Knowledge - INFO - Found code_base: <app.utils.kg_build.knowledge.KnowledgeCodeBase object at 0x7fa3f4c2df50>
2025-08-06 15:38:14,271 - Knowledge - INFO - process ingested knowledge for /app/data/T0015/29462/b6613se/react-bank/old-api/package.json
2025-08-06 15:38:14,685 - Knowledge - INFO - persist ingested knowledge for /app/data/T0015/29462/b6613se/react-bank/api/config/policies/pass-jwt-user.js
2025-08-06 15:38:14,760 - Knowledge - INFO - worker kw9 pull /app/data/T0015/29462/b6613se/react-bank/old-api/models/message.js from ingest queue
2025-08-06 15:38:14,782 - Knowledge - INFO - persist ingested knowledge for /app/data/T0015/29462/b6613se/react-bank/api/config/functions/responses/404.js
2025-08-06 15:38:14,853 - Knowledge - INFO - persist ingested knowledge for /app/data/T0015/29462/b6613se/react-bank/api/config/functions/bootstrap.js
2025-08-06 15:38:14,860 - Knowledge - INFO - adding /app/data/T0015/29462/b6613se/react-bank/api/api/account/models/account.settings.json to ingest queue
2025-08-06 15:38:14,945 - Knowledge - INFO - persist ingested knowledge for /app/data/T0015/29462/b6613se/react-bank/api/config/functions/cron.ts
2025-08-06 15:38:15,058 - Knowledge - INFO - persist ingested knowledge for /app/data/T0015/29462/b6613se/react-bank/api/tsconfig.base.json
2025-08-06 15:38:15,176 - Knowledge - INFO - persist ingested knowledge for /app/data/T0015/29462/b6613se/react-bank/api/middlewares/customErrorHandler/index.js
2025-08-06 15:38:15,288 - Knowledge - INFO - persist ingested knowledge for /app/data/T0015/29462/b6613se/react-bank/api/tsconfig.json
2025-08-06 15:38:15,595 - Knowledge - INFO - process ingested knowledge for /app/data/T0015/29462/b6613se/react-bank/old-api/models/message.js
2025-08-06 15:38:15,882 - Knowledge - INFO - adding /app/data/T0015/29462/b6613se/react-bank/api/api/account/controllers/account.js to ingest queue
2025-08-06 15:38:16,435 - Knowledge - INFO - adding /app/data/T0015/29462/b6613se/react-bank/api/api/stats/models/stats.settings.json to ingest queue
2025-08-06 15:38:16,526 - Knowledge - INFO - adding /app/data/T0015/29462/b6613se/react-bank/api/api/stats/config/routes.json to ingest queue
2025-08-06 15:38:16,676 - Knowledge - INFO - Found code-base-name: https://github.com/DanAnt123/react-bank.git:master
2025-08-06 15:38:16,677 - Knowledge - INFO - Found code-base-name: https://github.com/DanAnt123/react-bank.git:master
2025-08-06 15:38:16,678 - Knowledge - INFO - Found code-base-name: https://github.com/DanAnt123/react-bank.git:master
2025-08-06 15:38:16,678 - Knowledge - INFO - worker kw22 pull /app/data/T0015/29462/b6613se/react-bank/old-api/models/transfer.js from ingest queue
2025-08-06 15:38:16,678 - Knowledge - INFO - worker kw15 pull /app/data/T0015/29462/b6613se/react-bank/old-api/models/account.js from ingest queue
2025-08-06 15:38:16,678 - Knowledge - INFO - adding /app/data/T0015/29462/b6613se/react-bank/api/api/errors/services/errors.js to ingest queue
2025-08-06 15:38:16,777 - Knowledge - INFO - Found code_base: <app.utils.kg_build.knowledge.KnowledgeCodeBase object at 0x7fa3f4c2df50>
2025-08-06 15:38:16,902 - Knowledge - INFO - Found code_base: <app.utils.kg_build.knowledge.KnowledgeCodeBase object at 0x7fa3f4c2df50>
2025-08-06 15:38:17,008 - Knowledge - INFO - Found code_base: <app.utils.kg_build.knowledge.KnowledgeCodeBase object at 0x7fa3f4c2df50>
2025-08-06 15:38:17,138 - Knowledge - INFO - process ingested knowledge for /app/data/T0015/29462/b6613se/react-bank/old-api/models/transfer.js
2025-08-06 15:38:17,241 - Knowledge - INFO - process ingested knowledge for /app/data/T0015/29462/b6613se/react-bank/old-api/models/account.js
2025-08-06 15:38:17,315 - Knowledge - INFO - adding /app/data/T0015/29462/b6613se/react-bank/api/api/message/models/message.settings.json to ingest queue
2025-08-06 15:38:17,436 - Knowledge - INFO - persist ingested knowledge for /app/data/T0015/29462/b6613se/react-bank/api/develop-inspect.js
2025-08-06 15:38:17,549 - Knowledge - INFO - persist ingested knowledge for /app/data/T0015/29462/b6613se/react-bank/api/ecosystem.config.js
2025-08-06 15:38:17,645 - Knowledge - INFO - persist ingested knowledge for /app/data/T0015/29462/b6613se/react-bank/api/public/robots.txt
2025-08-06 15:38:17,906 - Knowledge - INFO - adding /app/data/T0015/29462/b6613se/react-bank/api/api/transfer/controllers/transfer.js to ingest queue
2025-08-06 15:38:18,338 - Knowledge - INFO - adding /app/data/T0015/29462/b6613se/react-bank/api/api/message/controllers/message.js to ingest queue
2025-08-06 15:38:18,426 - Knowledge - INFO - adding /app/data/T0015/29462/b6613se/react-bank/api/api/account/config/routes.json to ingest queue
2025-08-06 15:38:18,509 - Knowledge - INFO - Found code-base-name: https://github.com/DanAnt123/react-bank.git:master
2025-08-06 15:38:18,511 - Knowledge - INFO - worker kw20 pull /app/data/T0015/29462/b6613se/react-bank/old-api/models/user.js from ingest queue
2025-08-06 15:38:18,568 - Knowledge - INFO - worker kw3 pull /app/data/T0015/29462/b6613se/react-bank/old-api/models/card.js from ingest queue
2025-08-06 15:38:18,628 - Knowledge - INFO - Found code_base: <app.utils.kg_build.knowledge.KnowledgeCodeBase object at 0x7fa3f4c2df50>
2025-08-06 15:38:18,720 - Knowledge - INFO - Found code-base-name: https://github.com/DanAnt123/react-bank.git:master
2025-08-06 15:38:18,720 - Knowledge - INFO - worker kw4 pull /app/data/T0015/29462/b6613se/react-bank/old-api/models/stat.js from ingest queue
2025-08-06 15:38:18,721 - Knowledge - INFO - worker kw11 pull /app/data/T0015/29462/b6613se/react-bank/old-api/app.js from ingest queue
2025-08-06 15:38:18,721 - Knowledge - INFO - adding /app/data/T0015/29462/b6613se/react-bank/api/components/stats/stats-component.json to ingest queue
2025-08-06 15:38:18,741 - Knowledge - INFO - process ingested knowledge for /app/data/T0015/29462/b6613se/react-bank/old-api/models/user.js
2025-08-06 15:38:18,841 - Knowledge - INFO - process ingested knowledge for /app/data/T0015/29462/b6613se/react-bank/old-api/models/card.js
2025-08-06 15:38:18,926 - Knowledge - INFO - persist ingested knowledge for /app/data/T0015/29462/b6613se/react-bank/old-api/package.json
2025-08-06 15:38:19,006 - Knowledge - INFO - Found code_base: <app.utils.kg_build.knowledge.KnowledgeCodeBase object at 0x7fa3f4c2df50>
2025-08-06 15:38:19,120 - Knowledge - INFO - process ingested knowledge for /app/data/T0015/29462/b6613se/react-bank/old-api/models/stat.js
2025-08-06 15:38:19,190 - Knowledge - INFO - process ingested knowledge for /app/data/T0015/29462/b6613se/react-bank/old-api/app.js
2025-08-06 15:38:19,261 - Knowledge - INFO - worker kw19 pull /app/data/T0015/29462/b6613se/react-bank/old-api/routes/cards.js from ingest queue
2025-08-06 15:38:19,262 - Knowledge - INFO - Found code-base-name: https://github.com/DanAnt123/react-bank.git:master
2025-08-06 15:38:19,262 - Knowledge - INFO - worker kw17 pull /app/data/T0015/29462/b6613se/react-bank/old-api/routes/common.js from ingest queue
2025-08-06 15:38:19,366 - Knowledge - INFO - worker kw16 pull /app/data/T0015/29462/b6613se/react-bank/old-api/routes/forms.js from ingest queue
2025-08-06 15:38:19,366 - Knowledge - INFO - worker kw1 pull /app/data/T0015/29462/b6613se/react-bank/old-api/routes/stats.js from ingest queue
2025-08-06 15:38:19,422 - Knowledge - INFO - adding /app/data/T0015/29462/b6613se/react-bank/api/config/policies/pass-jwt-user.js to ingest queue
2025-08-06 15:38:19,644 - Knowledge - INFO - persist ingested knowledge for /app/data/T0015/29462/b6613se/react-bank/old-api/models/message.js
2025-08-06 15:38:19,938 - Knowledge - INFO - process ingested knowledge for /app/data/T0015/29462/b6613se/react-bank/old-api/routes/cards.js
2025-08-06 15:38:20,012 - Knowledge - INFO - Found code_base: <app.utils.kg_build.knowledge.KnowledgeCodeBase object at 0x7fa3f4c2df50>
2025-08-06 15:38:20,122 - Knowledge - INFO - process ingested knowledge for /app/data/T0015/29462/b6613se/react-bank/old-api/routes/common.js
2025-08-06 15:38:20,211 - Knowledge - INFO - process ingested knowledge for /app/data/T0015/29462/b6613se/react-bank/old-api/routes/forms.js
2025-08-06 15:38:20,299 - Knowledge - INFO - process ingested knowledge for /app/data/T0015/29462/b6613se/react-bank/old-api/routes/stats.js
2025-08-06 15:38:20,384 - Knowledge - INFO - adding /app/data/T0015/29462/b6613se/react-bank/api/config/functions/cron.ts to ingest queue
2025-08-06 15:38:20,644 - Knowledge - INFO - persist ingested knowledge for /app/data/T0015/29462/b6613se/react-bank/old-api/models/transfer.js
2025-08-06 15:38:21,034 - Knowledge - INFO - adding /app/data/T0015/29462/b6613se/react-bank/api/middlewares/customErrorHandler/index.js to ingest queue
2025-08-06 15:38:21,233 - Knowledge - INFO - worker kw13 pull /app/data/T0015/29462/b6613se/react-bank/old-api/routes/users.js from ingest queue
2025-08-06 15:38:21,233 - Knowledge - INFO - worker kw10 pull /app/data/T0015/29462/b6613se/react-bank/old-api/routes/auth.js from ingest queue
2025-08-06 15:38:21,234 - Knowledge - INFO - Found code-base-name: https://github.com/DanAnt123/react-bank.git:master
2025-08-06 15:38:21,290 - Knowledge - INFO - adding /app/data/T0015/29462/b6613se/react-bank/api/develop-inspect.js to ingest queue
2025-08-06 15:38:21,374 - Knowledge - INFO - process ingested knowledge for /app/data/T0015/29462/b6613se/react-bank/old-api/routes/users.js
2025-08-06 15:38:21,475 - Knowledge - INFO - process ingested knowledge for /app/data/T0015/29462/b6613se/react-bank/old-api/routes/auth.js
2025-08-06 15:38:21,573 - Knowledge - INFO - Found code_base: <app.utils.kg_build.knowledge.KnowledgeCodeBase object at 0x7fa3f4c2df50>
2025-08-06 15:38:21,675 - Knowledge - INFO - Found code-base-name: https://github.com/DanAnt123/react-bank.git:master
2025-08-06 15:38:21,800 - Knowledge - INFO - adding /app/data/T0015/29462/b6613se/react-bank/api/public/robots.txt to ingest queue
2025-08-06 15:38:21,987 - Knowledge - INFO - persist ingested knowledge for /app/data/T0015/29462/b6613se/react-bank/old-api/models/account.js
2025-08-06 15:38:22,071 - Knowledge - INFO - Found code_base: <app.utils.kg_build.knowledge.KnowledgeCodeBase object at 0x7fa3f4c2df50>
2025-08-06 15:38:22,142 - Knowledge - INFO - adding /app/data/T0015/29462/b6613se/react-bank/api/config/functions/bootstrap.js to ingest queue
2025-08-06 15:38:22,366 - Knowledge - INFO - persist ingested knowledge for /app/data/T0015/29462/b6613se/react-bank/old-api/models/user.js
2025-08-06 15:38:22,477 - Knowledge - INFO - Found code-base-name: https://github.com/DanAnt123/react-bank.git:master
2025-08-06 15:38:22,640 - Knowledge - INFO - Found code_base: <app.utils.kg_build.knowledge.KnowledgeCodeBase object at 0x7fa3f4c2df50>
2025-08-06 15:38:22,536 - Knowledge - INFO - Found code-base-name: https://github.com/DanAnt123/react-bank.git:master
2025-08-06 15:38:22,536 - Knowledge - INFO - worker kw12 pull /app/data/T0015/29462/b6613se/react-bank/old-api/routes/transfers.js from ingest queue
2025-08-06 15:38:22,592 - Knowledge - INFO - Found code-base-name: https://github.com/DanAnt123/react-bank.git:master
2025-08-06 15:38:22,592 - Knowledge - INFO - Found code-base-name: https://github.com/DanAnt123/react-bank.git:master
2025-08-06 15:38:22,593 - Knowledge - INFO - Found code-base-name: https://github.com/DanAnt123/react-bank.git:master
2025-08-06 15:38:22,593 - Knowledge - INFO - worker kw14 pull /app/data/T0015/29462/b6613se/react-bank/old-api/routes/messages.js from ingest queue
2025-08-06 15:38:22,535 - Knowledge - INFO - Found code-base-name: https://github.com/DanAnt123/react-bank.git:master
2025-08-06 15:38:22,645 - Knowledge - INFO - adding /app/data/T0015/29462/b6613se/react-bank/api/tsconfig.json to ingest queue
2025-08-06 15:38:22,731 - Knowledge - INFO - persist ingested knowledge for /app/data/T0015/29462/b6613se/react-bank/old-api/models/card.js
2025-08-06 15:38:22,850 - Knowledge - INFO - Found code_base: <app.utils.kg_build.knowledge.KnowledgeCodeBase object at 0x7fa3f4c2df50>
2025-08-06 15:38:22,988 - Knowledge - INFO - process ingested knowledge for /app/data/T0015/29462/b6613se/react-bank/old-api/routes/transfers.js
2025-08-06 15:38:23,076 - Knowledge - INFO - Found code_base: <app.utils.kg_build.knowledge.KnowledgeCodeBase object at 0x7fa3f4c2df50>
2025-08-06 15:38:23,161 - Knowledge - INFO - Found code_base: <app.utils.kg_build.knowledge.KnowledgeCodeBase object at 0x7fa3f4c2df50>
2025-08-06 15:38:23,237 - Knowledge - INFO - Found code_base: <app.utils.kg_build.knowledge.KnowledgeCodeBase object at 0x7fa3f4c2df50>
2025-08-06 15:38:23,343 - Knowledge - INFO - process ingested knowledge for /app/data/T0015/29462/b6613se/react-bank/old-api/routes/messages.js
2025-08-06 15:38:23,420 - Knowledge - INFO - Found code_base: <app.utils.kg_build.knowledge.KnowledgeCodeBase object at 0x7fa3f4c2df50>
2025-08-06 15:38:23,549 - Knowledge - INFO - worker kw21 pull /app/data/T0015/29462/b6613se/react-bank/old-api/routes/accounts.js from ingest queue
2025-08-06 15:38:23,550 - Knowledge - INFO - worker kw2 pull /app/data/T0015/29462/b6613se/react-bank/old-api/db/mongoose.js from ingest queue
2025-08-06 15:38:23,551 - Knowledge - INFO - Found code-base-name: https://github.com/DanAnt123/react-bank.git:master
2025-08-06 15:38:23,551 - Knowledge - INFO - adding /app/data/T0015/29462/b6613se/react-bank/api/config/functions/responses/404.js to ingest queue
2025-08-06 15:38:23,734 - Knowledge - INFO - persist ingested knowledge for /app/data/T0015/29462/b6613se/react-bank/old-api/app.js
2025-08-06 15:38:23,942 - Knowledge - INFO - persist ingested knowledge for /app/data/T0015/29462/b6613se/react-bank/old-api/routes/common.js
2025-08-06 15:38:24,065 - Knowledge - INFO - persist ingested knowledge for /app/data/T0015/29462/b6613se/react-bank/old-api/routes/forms.js
2025-08-06 15:38:24,147 - Knowledge - INFO - persist ingested knowledge for /app/data/T0015/29462/b6613se/react-bank/old-api/routes/stats.js
2025-08-06 15:38:24,329 - Knowledge - INFO - persist ingested knowledge for /app/data/T0015/29462/b6613se/react-bank/old-api/models/stat.js
2025-08-06 15:38:24,435 - Knowledge - INFO - process ingested knowledge for /app/data/T0015/29462/b6613se/react-bank/old-api/routes/accounts.js
2025-08-06 15:38:24,545 - Knowledge - INFO - process ingested knowledge for /app/data/T0015/29462/b6613se/react-bank/old-api/db/mongoose.js
2025-08-06 15:38:24,588 - Knowledge - INFO - Found code_base: <app.utils.kg_build.knowledge.KnowledgeCodeBase object at 0x7fa3f4c2df50>
2025-08-06 15:38:24,687 - Knowledge - INFO - Found code-base-name: https://github.com/DanAnt123/react-bank.git:master
2025-08-06 15:38:24,688 - Knowledge - INFO - worker kw8 pull /app/data/T0015/29462/b6613se/react-bank/old-api/config/config.js from ingest queue
2025-08-06 15:38:24,740 - Knowledge - INFO - adding /app/data/T0015/29462/b6613se/react-bank/old-api/package.json to ingest queue
2025-08-06 15:38:25,368 - Knowledge - INFO - persist ingested knowledge for /app/data/T0015/29462/b6613se/react-bank/old-api/routes/users.js
2025-08-06 15:38:25,443 - Knowledge - INFO - Found code_base: <app.utils.kg_build.knowledge.KnowledgeCodeBase object at 0x7fa3f4c2df50>
2025-08-06 15:38:25,586 - Knowledge - INFO - process ingested knowledge for /app/data/T0015/29462/b6613se/react-bank/old-api/config/config.js
2025-08-06 15:38:25,671 - Knowledge - INFO - Found code-base-name: https://github.com/DanAnt123/react-bank.git:master
2025-08-06 15:38:26,080 - Knowledge - INFO - Found code_base: <app.utils.kg_build.knowledge.KnowledgeCodeBase object at 0x7fa3f4c2df50>
2025-08-06 15:38:25,900 - Knowledge - INFO - persist ingested knowledge for /app/data/T0015/29462/b6613se/react-bank/old-api/routes/auth.js
2025-08-06 15:38:25,725 - Knowledge - INFO - adding /app/data/T0015/29462/b6613se/react-bank/old-api/models/message.js to ingest queue
2025-08-06 15:38:26,163 - Knowledge - INFO - persist ingested knowledge for /app/data/T0015/29462/b6613se/react-bank/old-api/routes/cards.js
2025-08-06 15:38:26,394 - Knowledge - INFO - adding /app/data/T0015/29462/b6613se/react-bank/api/api/message/config/routes.json to ingest queue
2025-08-06 15:38:26,613 - Knowledge - INFO - adding /app/data/T0015/29462/b6613se/react-bank/old-api/models/transfer.js to ingest queue
2025-08-06 15:38:26,727 - Knowledge - INFO - adding /app/data/T0015/29462/b6613se/react-bank/api/ecosystem.config.js to ingest queue
2025-08-06 15:38:26,821 - Knowledge - INFO - worker kw6 pull /app/data/T0015/29462/b6613se/react-bank/old-api/middleware/error-handler.js from ingest queue
2025-08-06 15:38:26,822 - Knowledge - INFO - adding /app/data/T0015/29462/b6613se/react-bank/api/tsconfig.base.json to ingest queue
2025-08-06 15:38:26,963 - Knowledge - INFO - process ingested knowledge for /app/data/T0015/29462/b6613se/react-bank/old-api/middleware/error-handler.js
2025-08-06 15:38:27,012 - Knowledge - INFO - Found code-base-name: https://github.com/DanAnt123/react-bank.git:master
2025-08-06 15:38:27,175 - Knowledge - INFO - Found code_base: <app.utils.kg_build.knowledge.KnowledgeCodeBase object at 0x7fa3f4c2df50>
2025-08-06 15:38:27,013 - Knowledge - INFO - worker kw23 pull /app/data/T0015/29462/b6613se/react-bank/old-api/middleware/maintenance.js from ingest queue
2025-08-06 15:38:27,014 - Knowledge - INFO - worker kw5 pull /app/data/T0015/29462/b6613se/react-bank/old-api/middleware/auth.js from ingest queue
2025-08-06 15:38:27,012 - Knowledge - INFO - Found code-base-name: https://github.com/DanAnt123/react-bank.git:master
2025-08-06 15:38:27,188 - Knowledge - INFO - adding /app/data/T0015/29462/b6613se/react-bank/old-api/routes/stats.js to ingest queue
2025-08-06 15:38:27,303 - Knowledge - INFO - persist ingested knowledge for /app/data/T0015/29462/b6613se/react-bank/old-api/routes/transfers.js
2025-08-06 15:38:27,421 - Knowledge - INFO - process ingested knowledge for /app/data/T0015/29462/b6613se/react-bank/old-api/middleware/maintenance.js
2025-08-06 15:38:27,506 - Knowledge - INFO - process ingested knowledge for /app/data/T0015/29462/b6613se/react-bank/old-api/middleware/auth.js
2025-08-06 15:38:27,596 - Knowledge - INFO - Found code_base: <app.utils.kg_build.knowledge.KnowledgeCodeBase object at 0x7fa3f4c2df50>
2025-08-06 15:38:27,682 - Knowledge - INFO - Found code-base-name: https://github.com/DanAnt123/react-bank.git:master
2025-08-06 15:38:27,684 - Knowledge - INFO - Found code-base-name: https://github.com/DanAnt123/react-bank.git:master
2025-08-06 15:38:27,684 - Knowledge - INFO - worker kw7 pull /app/data/T0015/29462/b6613se/react-bank/old-api/util/errors.js from ingest queue
2025-08-06 15:38:27,684 - Knowledge - INFO - adding /app/data/T0015/29462/b6613se/react-bank/old-api/models/user.js to ingest queue
2025-08-06 15:38:28,012 - Knowledge - INFO - persist ingested knowledge for /app/data/T0015/29462/b6613se/react-bank/old-api/routes/messages.js
2025-08-06 15:38:28,086 - Knowledge - INFO - Found code_base: <app.utils.kg_build.knowledge.KnowledgeCodeBase object at 0x7fa3f4c2df50>
2025-08-06 15:38:28,169 - Knowledge - INFO - Found code_base: <app.utils.kg_build.knowledge.KnowledgeCodeBase object at 0x7fa3f4c2df50>
2025-08-06 15:38:28,280 - Knowledge - INFO - process ingested knowledge for /app/data/T0015/29462/b6613se/react-bank/old-api/util/errors.js
2025-08-06 15:38:28,317 - Knowledge - INFO - Found code-base-name: https://github.com/DanAnt123/react-bank.git:master
2025-08-06 15:38:28,371 - Knowledge - INFO - worker kw9 pull /app/data/T0015/29462/b6613se/react-bank/old-api/util/notifications/send-email.js from ingest queue
2025-08-06 15:38:28,417 - Knowledge - INFO - worker kw22 pull /app/data/T0015/29462/b6613se/react-bank/old-api/util/notifications/templates/password-remind.js from ingest queue
2025-08-06 15:38:28,468 - Knowledge - INFO - worker kw24 pull /app/data/T0015/29462/b6613se/react-bank/old-api/util/notifications/templates/password-reset.js from ingest queue
2025-08-06 15:38:28,468 - Knowledge - INFO - adding /app/data/T0015/29462/b6613se/react-bank/old-api/models/account.js to ingest queue
2025-08-06 15:38:28,479 - Knowledge - INFO - persist ingested knowledge for /app/data/T0015/29462/b6613se/react-bank/old-api/routes/accounts.js
2025-08-06 15:38:28,579 - Knowledge - INFO - persist ingested knowledge for /app/data/T0015/29462/b6613se/react-bank/old-api/db/mongoose.js
2025-08-06 15:38:28,771 - Knowledge - INFO - Found code_base: <app.utils.kg_build.knowledge.KnowledgeCodeBase object at 0x7fa3f4c2df50>
2025-08-06 15:38:28,915 - Knowledge - INFO - process ingested knowledge for /app/data/T0015/29462/b6613se/react-bank/old-api/util/notifications/send-email.js
2025-08-06 15:38:29,025 - Knowledge - INFO - process ingested knowledge for /app/data/T0015/29462/b6613se/react-bank/old-api/util/notifications/templates/password-remind.js
2025-08-06 15:38:29,114 - Knowledge - INFO - process ingested knowledge for /app/data/T0015/29462/b6613se/react-bank/old-api/util/notifications/templates/password-reset.js
2025-08-06 15:38:29,170 - Knowledge - INFO - adding /app/data/T0015/29462/b6613se/react-bank/old-api/app.js to ingest queue
2025-08-06 15:38:29,414 - Knowledge - INFO - persist ingested knowledge for /app/data/T0015/29462/b6613se/react-bank/old-api/config/config.js
2025-08-06 15:38:29,804 - Knowledge - INFO - Found code-base-name: https://github.com/DanAnt123/react-bank.git:master
2025-08-06 15:38:29,804 - Knowledge - INFO - adding /app/data/T0015/29462/b6613se/react-bank/old-api/routes/forms.js to ingest queue
2025-08-06 15:38:30,003 - Knowledge - INFO - Found code_base: <app.utils.kg_build.knowledge.KnowledgeCodeBase object at 0x7fa3f4c2df50>
2025-08-06 15:38:30,145 - Knowledge - INFO - worker kw1 pull /app/data/T0015/29462/b6613se/react-bank/old-api/util/notifications/templates/welcome.js from ingest queue
2025-08-06 15:38:30,191 - Knowledge - INFO - persist ingested knowledge for /app/data/T0015/29462/b6613se/react-bank/old-api/middleware/error-handler.js
2025-08-06 15:38:30,194 - Knowledge - INFO - Found code-base-name: https://github.com/DanAnt123/react-bank.git:master
2025-08-06 15:38:30,194 - Knowledge - INFO - Found code-base-name: https://github.com/DanAnt123/react-bank.git:master
2025-08-06 15:38:30,194 - Knowledge - INFO - worker kw20 pull /app/data/T0015/29462/b6613se/react-bank/old-api/util/dummy-data.js from ingest queue
2025-08-06 15:38:30,194 - Knowledge - INFO - worker kw18 pull /app/data/T0015/29462/b6613se/react-bank/old-api/util/updates.js from ingest queue
2025-08-06 15:38:30,194 - Knowledge - INFO - worker kw25 pull /app/data/T0015/29462/b6613se/react-bank/old-api/jsconfig.json from ingest queue
2025-08-06 15:38:30,195 - Knowledge - INFO - adding /app/data/T0015/29462/b6613se/react-bank/old-api/routes/cards.js to ingest queue
2025-08-06 15:38:30,299 - Knowledge - INFO - process ingested knowledge for /app/data/T0015/29462/b6613se/react-bank/old-api/util/notifications/templates/welcome.js
2025-08-06 15:38:30,454 - Knowledge - INFO - Found code_base: <app.utils.kg_build.knowledge.KnowledgeCodeBase object at 0x7fa3f4c2df50>
2025-08-06 15:38:30,544 - Knowledge - INFO - Found code_base: <app.utils.kg_build.knowledge.KnowledgeCodeBase object at 0x7fa3f4c2df50>
2025-08-06 15:38:30,683 - Knowledge - INFO - process ingested knowledge for /app/data/T0015/29462/b6613se/react-bank/old-api/util/dummy-data.js
2025-08-06 15:38:30,771 - Knowledge - INFO - process ingested knowledge for /app/data/T0015/29462/b6613se/react-bank/old-api/util/updates.js
2025-08-06 15:38:30,888 - Knowledge - INFO - process ingested knowledge for /app/data/T0015/29462/b6613se/react-bank/old-api/jsconfig.json
2025-08-06 15:38:30,951 - Knowledge - INFO - adding /app/data/T0015/29462/b6613se/react-bank/old-api/models/card.js to ingest queue
2025-08-06 15:38:31,121 - Knowledge - INFO - persist ingested knowledge for /app/data/T0015/29462/b6613se/react-bank/old-api/middleware/maintenance.js
2025-08-06 15:38:31,209 - Knowledge - INFO - persist ingested knowledge for /app/data/T0015/29462/b6613se/react-bank/old-api/middleware/auth.js
2025-08-06 15:38:31,569 - Knowledge - INFO - Found code-base-name: https://github.com/DanAnt123/react-bank.git:master
2025-08-06 15:38:31,569 - Knowledge - INFO - worker kw15 pull /app/data/T0015/29462/b6613se/react-bank/old-api/controllers/cards.js from ingest queue
2025-08-06 15:38:31,629 - Knowledge - INFO - Found code-base-name: https://github.com/DanAnt123/react-bank.git:master
2025-08-06 15:38:31,629 - Knowledge - INFO - Found code-base-name: https://github.com/DanAnt123/react-bank.git:master
2025-08-06 15:38:31,629 - Knowledge - INFO - Found code-base-name: https://github.com/DanAnt123/react-bank.git:master
2025-08-06 15:38:31,631 - Knowledge - INFO - worker kw11 pull /app/data/T0015/29462/b6613se/react-bank/old-api/controllers/common.js from ingest queue
2025-08-06 15:38:31,734 - Knowledge - INFO - adding /app/data/T0015/29462/b6613se/react-bank/old-api/models/stat.js to ingest queue
2025-08-06 15:38:31,833 - Knowledge - INFO - Found code_base: <app.utils.kg_build.knowledge.KnowledgeCodeBase object at 0x7fa3f4c2df50>
2025-08-06 15:38:32,523 - Knowledge - INFO - persist ingested knowledge for /app/data/T0015/29462/b6613se/react-bank/old-api/util/errors.js
2025-08-06 15:38:32,026 - Knowledge - INFO - Found code_base: <app.utils.kg_build.knowledge.KnowledgeCodeBase object at 0x7fa3f4c2df50>
2025-08-06 15:38:32,099 - Knowledge - INFO - Found code_base: <app.utils.kg_build.knowledge.KnowledgeCodeBase object at 0x7fa3f4c2df50>
2025-08-06 15:38:32,200 - Knowledge - INFO - Found code_base: <app.utils.kg_build.knowledge.KnowledgeCodeBase object at 0x7fa3f4c2df50>
2025-08-06 15:38:32,339 - Knowledge - INFO - process ingested knowledge for /app/data/T0015/29462/b6613se/react-bank/old-api/controllers/common.js
2025-08-06 15:38:32,416 - Knowledge - INFO - adding /app/data/T0015/29462/b6613se/react-bank/old-api/routes/users.js to ingest queue
2025-08-06 15:38:31,955 - Knowledge - INFO - process ingested knowledge for /app/data/T0015/29462/b6613se/react-bank/old-api/controllers/cards.js
2025-08-06 15:38:32,704 - Knowledge - INFO - persist ingested knowledge for /app/data/T0015/29462/b6613se/react-bank/old-api/util/notifications/send-email.js
2025-08-06 15:38:32,813 - Knowledge - INFO - persist ingested knowledge for /app/data/T0015/29462/b6613se/react-bank/old-api/util/notifications/templates/password-remind.js
2025-08-06 15:38:32,881 - Knowledge - INFO - persist ingested knowledge for /app/data/T0015/29462/b6613se/react-bank/old-api/util/notifications/templates/password-reset.js
2025-08-06 15:38:33,103 - Knowledge - INFO - adding /app/data/T0015/29462/b6613se/react-bank/old-api/routes/auth.js to ingest queue
2025-08-06 15:38:33,796 - Knowledge - INFO - worker kw19 pull /app/data/T0015/29462/b6613se/react-bank/old-api/controllers/forms.js from ingest queue
2025-08-06 15:38:33,796 - Knowledge - INFO - Found code-base-name: https://github.com/DanAnt123/react-bank.git:master
2025-08-06 15:38:33,797 - Knowledge - INFO - Found code-base-name: https://github.com/DanAnt123/react-bank.git:master
2025-08-06 15:38:33,797 - Knowledge - INFO - Found code-base-name: https://github.com/DanAnt123/react-bank.git:master
2025-08-06 15:38:33,797 - Knowledge - INFO - worker kw3 pull /app/data/T0015/29462/b6613se/react-bank/old-api/controllers/stats.js from ingest queue
2025-08-06 15:38:33,855 - Knowledge - INFO - worker kw16 pull /app/data/T0015/29462/b6613se/react-bank/old-api/controllers/users.js from ingest queue
2025-08-06 15:38:33,905 - Knowledge - INFO - adding /app/data/T0015/29462/b6613se/react-bank/old-api/routes/transfers.js to ingest queue
2025-08-06 15:38:33,949 - Knowledge - INFO - process ingested knowledge for /app/data/T0015/29462/b6613se/react-bank/old-api/controllers/forms.js
2025-08-06 15:38:34,002 - Knowledge - INFO - Found code_base: <app.utils.kg_build.knowledge.KnowledgeCodeBase object at 0x7fa3f4c2df50>
2025-08-06 15:38:34,086 - Knowledge - INFO - Found code_base: <app.utils.kg_build.knowledge.KnowledgeCodeBase object at 0x7fa3f4c2df50>
2025-08-06 15:38:34,195 - Knowledge - INFO - Found code_base: <app.utils.kg_build.knowledge.KnowledgeCodeBase object at 0x7fa3f4c2df50>
2025-08-06 15:38:34,342 - Knowledge - INFO - process ingested knowledge for /app/data/T0015/29462/b6613se/react-bank/old-api/controllers/stats.js
2025-08-06 15:38:34,469 - Knowledge - INFO - process ingested knowledge for /app/data/T0015/29462/b6613se/react-bank/old-api/controllers/users.js
2025-08-06 15:38:34,553 - Knowledge - INFO - worker kw4 pull /app/data/T0015/29462/b6613se/react-bank/old-api/controllers/auth.js from ingest queue
2025-08-06 15:38:34,553 - Knowledge - INFO - Found code-base-name: https://github.com/DanAnt123/react-bank.git:master
2025-08-06 15:38:34,553 - Knowledge - INFO - worker kw13 pull /app/data/T0015/29462/b6613se/react-bank/old-api/controllers/transfers.js from ingest queue
2025-08-06 15:38:34,554 - Knowledge - INFO - Found code-base-name: https://github.com/DanAnt123/react-bank.git:master
2025-08-06 15:38:34,671 - Knowledge - INFO - worker kw10 pull /app/data/T0015/29462/b6613se/react-bank/old-api/controllers/messages.js from ingest queue
2025-08-06 15:38:34,671 - Knowledge - INFO - adding /app/data/T0015/29462/b6613se/react-bank/old-api/routes/messages.js to ingest queue
2025-08-06 15:38:34,687 - Knowledge - INFO - persist ingested knowledge for /app/data/T0015/29462/b6613se/react-bank/old-api/util/dummy-data.js
2025-08-06 15:38:34,779 - Knowledge - INFO - persist ingested knowledge for /app/data/T0015/29462/b6613se/react-bank/old-api/util/updates.js
2025-08-06 15:38:34,865 - Knowledge - INFO - persist ingested knowledge for /app/data/T0015/29462/b6613se/react-bank/old-api/jsconfig.json
2025-08-06 15:38:35,151 - Knowledge - INFO - process ingested knowledge for /app/data/T0015/29462/b6613se/react-bank/old-api/controllers/auth.js
2025-08-06 15:38:35,232 - Knowledge - INFO - Found code_base: <app.utils.kg_build.knowledge.KnowledgeCodeBase object at 0x7fa3f4c2df50>
2025-08-06 15:38:35,366 - Knowledge - INFO - process ingested knowledge for /app/data/T0015/29462/b6613se/react-bank/old-api/controllers/transfers.js
2025-08-06 15:38:35,430 - Knowledge - INFO - Found code_base: <app.utils.kg_build.knowledge.KnowledgeCodeBase object at 0x7fa3f4c2df50>
2025-08-06 15:38:35,535 - Knowledge - INFO - process ingested knowledge for /app/data/T0015/29462/b6613se/react-bank/old-api/controllers/messages.js
2025-08-06 15:38:35,577 - Knowledge - INFO - Found code-base-name: https://github.com/DanAnt123/react-bank.git:master
2025-08-06 15:38:35,578 - Knowledge - INFO - adding /app/data/T0015/29462/b6613se/react-bank/old-api/middleware/error-handler.js to ingest queue
2025-08-06 15:38:36,069 - Knowledge - INFO - persist ingested knowledge for /app/data/T0015/29462/b6613se/react-bank/old-api/controllers/common.js
2025-08-06 15:38:36,251 - Knowledge - INFO - persist ingested knowledge for /app/data/T0015/29462/b6613se/react-bank/old-api/controllers/cards.js
2025-08-06 15:38:36,420 - Knowledge - INFO - Found code_base: <app.utils.kg_build.knowledge.KnowledgeCodeBase object at 0x7fa3f4c2df50>
2025-08-06 15:38:36,500 - Knowledge - INFO - adding /app/data/T0015/29462/b6613se/react-bank/old-api/db/mongoose.js to ingest queue
2025-08-06 15:38:36,755 - Knowledge - INFO - persist ingested knowledge for /app/data/T0015/29462/b6613se/react-bank/old-api/util/notifications/templates/welcome.js
2025-08-06 15:38:36,826 - Knowledge - INFO - adding /app/data/T0015/29462/b6613se/react-bank/old-api/config/config.js to ingest queue
2025-08-06 15:38:37,034 - Knowledge - INFO - adding /app/data/T0015/29462/b6613se/react-bank/old-api/routes/accounts.js to ingest queue
2025-08-06 15:38:37,134 - Knowledge - INFO - adding /app/data/T0015/29462/b6613se/react-bank/old-api/middleware/maintenance.js to ingest queue
2025-08-06 15:38:37,216 - Knowledge - INFO - worker kw12 pull /app/data/T0015/29462/b6613se/react-bank/old-api/controllers/accounts.js from ingest queue
2025-08-06 15:38:37,217 - Knowledge - INFO - adding /app/data/T0015/29462/b6613se/react-bank/old-api/middleware/auth.js to ingest queue
2025-08-06 15:38:37,328 - Knowledge - INFO - process ingested knowledge for /app/data/T0015/29462/b6613se/react-bank/old-api/controllers/accounts.js
2025-08-06 15:38:37,418 - Knowledge - INFO - Found code-base-name: https://github.com/DanAnt123/react-bank.git:master
2025-08-06 15:38:37,418 - Knowledge - INFO - adding /app/data/T0015/29462/b6613se/react-bank/old-api/util/notifications/templates/password-remind.js to ingest queue
2025-08-06 15:38:37,585 - Knowledge - INFO - Found code_base: <app.utils.kg_build.knowledge.KnowledgeCodeBase object at 0x7fa3f4c2df50>
2025-08-06 15:38:37,654 - Knowledge - INFO - adding /app/data/T0015/29462/b6613se/react-bank/old-api/routes/common.js to ingest queue
2025-08-06 15:38:37,742 - Knowledge - INFO - persist ingested knowledge for /app/data/T0015/29462/b6613se/react-bank/old-api/controllers/forms.js
2025-08-06 15:38:37,851 - Knowledge - INFO - adding /app/data/T0015/29462/b6613se/react-bank/old-api/util/notifications/templates/password-reset.js to ingest queue
2025-08-06 15:38:38,060 - Knowledge - INFO - Found code-base-name: https://github.com/DanAnt123/react-bank.git:master
2025-08-06 15:38:38,062 - Knowledge - INFO - Found code-base-name: https://github.com/DanAnt123/react-bank.git:master
2025-08-06 15:38:38,062 - Knowledge - INFO - worker kw14 pull /app/data/T0015/29462/b6613se/react-bank/web/src/@hooks/index.ts from ingest queue
2025-08-06 15:38:38,139 - Knowledge - INFO - Found code_base: <app.utils.kg_build.knowledge.KnowledgeCodeBase object at 0x7fa3f4c2df50>
2025-08-06 15:38:38,174 - Knowledge - INFO - Found code-base-name: https://github.com/DanAnt123/react-bank.git:master
2025-08-06 15:38:38,174 - Knowledge - INFO - Found code-base-name: https://github.com/DanAnt123/react-bank.git:master
2025-08-06 15:38:38,174 - Knowledge - INFO - Found code-base-name: https://github.com/DanAnt123/react-bank.git:master
2025-08-06 15:38:38,175 - Knowledge - INFO - worker kw6 pull /app/data/T0015/29462/b6613se/react-bank/web/src/api/base.ts from ingest queue
2025-08-06 15:38:38,221 - Knowledge - INFO - worker kw2 pull /app/data/T0015/29462/b6613se/react-bank/web/src/api/stats.ts from ingest queue
2025-08-06 15:38:38,221 - Knowledge - INFO - worker kw8 pull /app/data/T0015/29462/b6613se/react-bank/web/src/api/forms.ts from ingest queue
2025-08-06 15:38:38,253 - Knowledge - INFO - Found code_base: <app.utils.kg_build.knowledge.KnowledgeCodeBase object at 0x7fa3f4c2df50>
2025-08-06 15:38:38,272 - Knowledge - INFO - worker kw5 pull /app/data/T0015/29462/b6613se/react-bank/web/src/api/cards.ts from ingest queue
2025-08-06 15:38:38,272 - Knowledge - INFO - Found code-base-name: https://github.com/DanAnt123/react-bank.git:master
2025-08-06 15:38:38,272 - Knowledge - INFO - worker kw22 pull /app/data/T0015/29462/b6613se/react-bank/web/src/api/common.ts from ingest queue
2025-08-06 15:38:38,330 - Knowledge - INFO - worker kw24 pull /app/data/T0015/29462/b6613se/react-bank/web/src/api/accounts.ts from ingest queue
2025-08-06 15:38:38,378 - Knowledge - INFO - adding /app/data/T0015/29462/b6613se/react-bank/old-api/jsconfig.json to ingest queue
2025-08-06 15:38:38,399 - Knowledge - INFO - process ingested knowledge for /app/data/T0015/29462/b6613se/react-bank/web/src/@hooks/index.ts
2025-08-06 15:38:38,480 - Knowledge - INFO - persist ingested knowledge for /app/data/T0015/29462/b6613se/react-bank/old-api/controllers/stats.js
2025-08-06 15:38:38,587 - Knowledge - INFO - Found code_base: <app.utils.kg_build.knowledge.KnowledgeCodeBase object at 0x7fa3f4c2df50>
2025-08-06 15:38:38,675 - Knowledge - INFO - Found code_base: <app.utils.kg_build.knowledge.KnowledgeCodeBase object at 0x7fa3f4c2df50>
2025-08-06 15:38:38,783 - Knowledge - INFO - Found code_base: <app.utils.kg_build.knowledge.KnowledgeCodeBase object at 0x7fa3f4c2df50>
2025-08-06 15:38:38,927 - Knowledge - INFO - process ingested knowledge for /app/data/T0015/29462/b6613se/react-bank/web/src/api/base.ts
2025-08-06 15:38:39,045 - Knowledge - INFO - process ingested knowledge for /app/data/T0015/29462/b6613se/react-bank/web/src/api/stats.ts
2025-08-06 15:38:39,138 - Knowledge - INFO - process ingested knowledge for /app/data/T0015/29462/b6613se/react-bank/web/src/api/forms.ts
2025-08-06 15:38:39,200 - Knowledge - INFO - persist ingested knowledge for /app/data/T0015/29462/b6613se/react-bank/old-api/controllers/users.js
2025-08-06 15:38:39,349 - Knowledge - INFO - process ingested knowledge for /app/data/T0015/29462/b6613se/react-bank/web/src/api/cards.ts
2025-08-06 15:38:39,424 - Knowledge - INFO - Found code_base: <app.utils.kg_build.knowledge.KnowledgeCodeBase object at 0x7fa3f4c2df50>
2025-08-06 15:38:39,573 - Knowledge - INFO - process ingested knowledge for /app/data/T0015/29462/b6613se/react-bank/web/src/api/common.ts
2025-08-06 15:38:39,669 - Knowledge - INFO - process ingested knowledge for /app/data/T0015/29462/b6613se/react-bank/web/src/api/accounts.ts
2025-08-06 15:38:39,833 - Knowledge - INFO - adding /app/data/T0015/29462/b6613se/react-bank/old-api/controllers/cards.js to ingest queue
2025-08-06 15:38:39,996 - Knowledge - INFO - persist ingested knowledge for /app/data/T0015/29462/b6613se/react-bank/old-api/controllers/auth.js
2025-08-06 15:38:40,122 - Knowledge - INFO - persist ingested knowledge for /app/data/T0015/29462/b6613se/react-bank/old-api/controllers/transfers.js
2025-08-06 15:38:40,239 - Knowledge - INFO - persist ingested knowledge for /app/data/T0015/29462/b6613se/react-bank/old-api/controllers/messages.js
2025-08-06 15:38:40,800 - Knowledge - INFO - persist ingested knowledge for /app/data/T0015/29462/b6613se/react-bank/old-api/controllers/accounts.js
2025-08-06 15:38:41,030 - Knowledge - INFO - worker kw21 pull /app/data/T0015/29462/b6613se/react-bank/web/src/api/messages.ts from ingest queue
2025-08-06 15:38:41,031 - Knowledge - INFO - worker kw23 pull /app/data/T0015/29462/b6613se/react-bank/web/src/api/transfers.ts from ingest queue
2025-08-06 15:38:41,031 - Knowledge - INFO - adding /app/data/T0015/29462/b6613se/react-bank/old-api/util/notifications/send-email.js to ingest queue
2025-08-06 15:38:41,479 - Knowledge - INFO - process ingested knowledge for /app/data/T0015/29462/b6613se/react-bank/web/src/api/messages.ts
2025-08-06 15:38:41,557 - Knowledge - INFO - process ingested knowledge for /app/data/T0015/29462/b6613se/react-bank/web/src/api/transfers.ts
2025-08-06 15:38:41,618 - Knowledge - INFO - worker kw17 pull /app/data/T0015/29462/b6613se/react-bank/web/src/api/auth.ts from ingest queue
2025-08-06 15:38:41,619 - Knowledge - INFO - adding /app/data/T0015/29462/b6613se/react-bank/old-api/util/dummy-data.js to ingest queue
2025-08-06 15:38:41,948 - Knowledge - INFO - process ingested knowledge for /app/data/T0015/29462/b6613se/react-bank/web/src/api/auth.ts
2025-08-06 15:38:42,016 - Knowledge - INFO - adding /app/data/T0015/29462/b6613se/react-bank/old-api/util/updates.js to ingest queue
2025-08-06 15:38:42,188 - Knowledge - INFO - worker kw25 pull /app/data/T0015/29462/b6613se/react-bank/web/src/api/users.ts from ingest queue
2025-08-06 15:38:42,189 - Knowledge - INFO - adding /app/data/T0015/29462/b6613se/react-bank/old-api/controllers/common.js to ingest queue
2025-08-06 15:38:42,297 - Knowledge - INFO - process ingested knowledge for /app/data/T0015/29462/b6613se/react-bank/web/src/api/users.ts
2025-08-06 15:38:42,375 - Knowledge - INFO - Found code-base-name: https://github.com/DanAnt123/react-bank.git:master
2025-08-06 15:38:42,433 - Knowledge - INFO - Found code-base-name: https://github.com/DanAnt123/react-bank.git:master
2025-08-06 15:38:42,433 - Knowledge - INFO - Found code-base-name: https://github.com/DanAnt123/react-bank.git:master
2025-08-06 15:38:42,433 - Knowledge - INFO - Found code-base-name: https://github.com/DanAnt123/react-bank.git:master
2025-08-06 15:38:42,497 - Knowledge - INFO - Found code-base-name: https://github.com/DanAnt123/react-bank.git:master
2025-08-06 15:38:42,497 - Knowledge - INFO - Found code-base-name: https://github.com/DanAnt123/react-bank.git:master
2025-08-06 15:38:42,497 - Knowledge - INFO - Found code-base-name: https://github.com/DanAnt123/react-bank.git:master
2025-08-06 15:38:42,497 - Knowledge - INFO - adding /app/data/T0015/29462/b6613se/react-bank/old-api/util/errors.js to ingest queue
2025-08-06 15:38:42,547 - Knowledge - INFO - Found code_base: <app.utils.kg_build.knowledge.KnowledgeCodeBase object at 0x7fa3f4c2df50>
2025-08-06 15:38:42,662 - Knowledge - INFO - Found code_base: <app.utils.kg_build.knowledge.KnowledgeCodeBase object at 0x7fa3f4c2df50>
2025-08-06 15:38:42,779 - Knowledge - INFO - Found code_base: <app.utils.kg_build.knowledge.KnowledgeCodeBase object at 0x7fa3f4c2df50>
2025-08-06 15:38:43,559 - Knowledge - INFO - persist ingested knowledge for /app/data/T0015/29462/b6613se/react-bank/web/src/api/stats.ts
2025-08-06 15:38:42,967 - Knowledge - INFO - Found code_base: <app.utils.kg_build.knowledge.KnowledgeCodeBase object at 0x7fa3f4c2df50>
2025-08-06 15:38:43,047 - Knowledge - INFO - Found code_base: <app.utils.kg_build.knowledge.KnowledgeCodeBase object at 0x7fa3f4c2df50>
2025-08-06 15:38:43,139 - Knowledge - INFO - Found code_base: <app.utils.kg_build.knowledge.KnowledgeCodeBase object at 0x7fa3f4c2df50>
2025-08-06 15:38:43,268 - Knowledge - INFO - worker kw7 pull /app/data/T0015/29462/b6613se/react-bank/web/src/components/Navigation/Header/index.tsx from ingest queue
2025-08-06 15:38:43,346 - Knowledge - INFO - persist ingested knowledge for /app/data/T0015/29462/b6613se/react-bank/web/src/@hooks/index.ts
2025-08-06 15:38:43,431 - Knowledge - INFO - worker kw9 pull /app/data/T0015/29462/b6613se/react-bank/web/src/components/Navigation/Header/style.scss from ingest queue
2025-08-06 15:38:43,432 - Knowledge - INFO - adding /app/data/T0015/29462/b6613se/react-bank/old-api/controllers/forms.js to ingest queue
2025-08-06 15:38:43,442 - Knowledge - INFO - persist ingested knowledge for /app/data/T0015/29462/b6613se/react-bank/web/src/api/base.ts
2025-08-06 15:38:42,876 - Knowledge - INFO - Found code_base: <app.utils.kg_build.knowledge.KnowledgeCodeBase object at 0x7fa3f4c2df50>
2025-08-06 15:38:43,755 - Knowledge - INFO - persist ingested knowledge for /app/data/T0015/29462/b6613se/react-bank/web/src/api/cards.ts
2025-08-06 15:38:43,871 - Knowledge - INFO - persist ingested knowledge for /app/data/T0015/29462/b6613se/react-bank/web/src/api/common.ts
2025-08-06 15:38:43,947 - Knowledge - INFO - persist ingested knowledge for /app/data/T0015/29462/b6613se/react-bank/web/src/api/accounts.ts
2025-08-06 15:38:44,093 - Knowledge - INFO - process ingested knowledge for /app/data/T0015/29462/b6613se/react-bank/web/src/components/Navigation/Header/index.tsx
2025-08-06 15:38:44,293 - Knowledge - INFO - process ingested knowledge for /app/data/T0015/29462/b6613se/react-bank/web/src/components/Navigation/Header/style.scss
2025-08-06 15:38:44,362 - Knowledge - INFO - Found code-base-name: https://github.com/DanAnt123/react-bank.git:master
2025-08-06 15:38:44,364 - Knowledge - INFO - Found code-base-name: https://github.com/DanAnt123/react-bank.git:master
2025-08-06 15:38:44,364 - Knowledge - INFO - adding /app/data/T0015/29462/b6613se/react-bank/old-api/util/notifications/templates/welcome.js to ingest queue
2025-08-06 15:38:44,548 - Knowledge - INFO - persist ingested knowledge for /app/data/T0015/29462/b6613se/react-bank/web/src/api/forms.ts
2025-08-06 15:38:45,128 - Knowledge - INFO - Found code_base: <app.utils.kg_build.knowledge.KnowledgeCodeBase object at 0x7fa3f4c2df50>
2025-08-06 15:38:45,202 - Knowledge - INFO - Found code_base: <app.utils.kg_build.knowledge.KnowledgeCodeBase object at 0x7fa3f4c2df50>
2025-08-06 15:38:45,294 - Knowledge - INFO - worker kw18 pull /app/data/T0015/29462/b6613se/react-bank/web/src/components/Navigation/MainNavigation/index.tsx from ingest queue
2025-08-06 15:38:45,295 - Knowledge - INFO - worker kw11 pull /app/data/T0015/29462/b6613se/react-bank/web/src/components/Navigation/MainNavigation/style.scss from ingest queue
2025-08-06 15:38:45,296 - Knowledge - INFO - adding /app/data/T0015/29462/b6613se/react-bank/old-api/controllers/users.js to ingest queue
2025-08-06 15:38:45,457 - Knowledge - INFO - persist ingested knowledge for /app/data/T0015/29462/b6613se/react-bank/web/src/api/transfers.ts
2025-08-06 15:38:45,566 - Knowledge - INFO - persist ingested knowledge for /app/data/T0015/29462/b6613se/react-bank/web/src/api/auth.ts
2025-08-06 15:38:45,707 - Knowledge - INFO - process ingested knowledge for /app/data/T0015/29462/b6613se/react-bank/web/src/components/Navigation/MainNavigation/index.tsx
2025-08-06 15:38:45,802 - Knowledge - INFO - process ingested knowledge for /app/data/T0015/29462/b6613se/react-bank/web/src/components/Navigation/MainNavigation/style.scss
2025-08-06 15:38:45,929 - Knowledge - INFO - worker kw15 pull /app/data/T0015/29462/b6613se/react-bank/web/src/components/Accounts/List/index.tsx from ingest queue
2025-08-06 15:38:45,929 - Knowledge - INFO - adding /app/data/T0015/29462/b6613se/react-bank/old-api/controllers/messages.js to ingest queue
2025-08-06 15:38:46,382 - Knowledge - INFO - process ingested knowledge for /app/data/T0015/29462/b6613se/react-bank/web/src/components/Accounts/List/index.tsx
2025-08-06 15:38:46,465 - Knowledge - INFO - Found code-base-name: https://github.com/DanAnt123/react-bank.git:master
2025-08-06 15:38:46,465 - Knowledge - INFO - adding /app/data/T0015/29462/b6613se/react-bank/old-api/controllers/accounts.js to ingest queue
2025-08-06 15:38:46,650 - Knowledge - INFO - Found code_base: <app.utils.kg_build.knowledge.KnowledgeCodeBase object at 0x7fa3f4c2df50>
2025-08-06 15:38:46,872 - Knowledge - INFO - persist ingested knowledge for /app/data/T0015/29462/b6613se/react-bank/web/src/api/messages.ts
2025-08-06 15:38:46,908 - Knowledge - INFO - worker kw20 pull /app/data/T0015/29462/b6613se/react-bank/web/src/components/Accounts/Single/index.tsx from ingest queue
2025-08-06 15:38:46,908 - Knowledge - INFO - worker kw19 pull /app/data/T0015/29462/b6613se/react-bank/web/src/components/Accounts/ListElement/index.tsx from ingest queue
2025-08-06 15:38:47,053 - Knowledge - INFO - Found code-base-name: https://github.com/DanAnt123/react-bank.git:master
2025-08-06 15:38:47,054 - Knowledge - INFO - Found code-base-name: https://github.com/DanAnt123/react-bank.git:master
2025-08-06 15:38:47,054 - Knowledge - INFO - adding /app/data/T0015/29462/b6613se/react-bank/old-api/controllers/stats.js to ingest queue
2025-08-06 15:38:47,109 - Knowledge - INFO - process ingested knowledge for /app/data/T0015/29462/b6613se/react-bank/web/src/components/Accounts/Single/index.tsx
2025-08-06 15:38:47,179 - Knowledge - INFO - process ingested knowledge for /app/data/T0015/29462/b6613se/react-bank/web/src/components/Accounts/ListElement/index.tsx
2025-08-06 15:38:47,246 - Knowledge - INFO - Found code_base: <app.utils.kg_build.knowledge.KnowledgeCodeBase object at 0x7fa3f4c2df50>
2025-08-06 15:38:47,346 - Knowledge - INFO - Found code_base: <app.utils.kg_build.knowledge.KnowledgeCodeBase object at 0x7fa3f4c2df50>
2025-08-06 15:38:47,428 - Knowledge - INFO - worker kw1 pull /app/data/T0015/29462/b6613se/react-bank/web/src/components/Messages/List/index.tsx from ingest queue
2025-08-06 15:38:47,429 - Knowledge - INFO - Found code-base-name: https://github.com/DanAnt123/react-bank.git:master
2025-08-06 15:38:47,430 - Knowledge - INFO - worker kw16 pull /app/data/T0015/29462/b6613se/react-bank/web/src/components/Messages/Single/index.tsx from ingest queue
2025-08-06 15:38:47,430 - Knowledge - INFO - adding /app/data/T0015/29462/b6613se/react-bank/old-api/controllers/transfers.js to ingest queue
2025-08-06 15:38:47,647 - Knowledge - INFO - persist ingested knowledge for /app/data/T0015/29462/b6613se/react-bank/web/src/components/Navigation/Header/index.tsx
2025-08-06 15:38:47,730 - Knowledge - INFO - persist ingested knowledge for /app/data/T0015/29462/b6613se/react-bank/web/src/components/Navigation/Header/style.scss
2025-08-06 15:38:47,870 - Knowledge - INFO - process ingested knowledge for /app/data/T0015/29462/b6613se/react-bank/web/src/components/Messages/List/index.tsx
2025-08-06 15:38:47,907 - Knowledge - INFO - Found code_base: <app.utils.kg_build.knowledge.KnowledgeCodeBase object at 0x7fa3f4c2df50>
2025-08-06 15:38:48,012 - Knowledge - INFO - process ingested knowledge for /app/data/T0015/29462/b6613se/react-bank/web/src/components/Messages/Single/index.tsx
2025-08-06 15:38:48,131 - Knowledge - INFO - adding /app/data/T0015/29462/b6613se/react-bank/web/src/api/transfers.ts to ingest queue
2025-08-06 15:38:48,483 - Knowledge - INFO - persist ingested knowledge for /app/data/T0015/29462/b6613se/react-bank/web/src/api/users.ts
2025-08-06 15:38:48,675 - Knowledge - INFO - Found code-base-name: https://github.com/DanAnt123/react-bank.git:master
2025-08-06 15:38:48,676 - Knowledge - INFO - Found code-base-name: https://github.com/DanAnt123/react-bank.git:master
2025-08-06 15:38:48,676 - Knowledge - INFO - worker kw10 pull /app/data/T0015/29462/b6613se/react-bank/web/src/components/Messages/ListElement/index.tsx from ingest queue
2025-08-06 15:38:48,676 - Knowledge - INFO - Found code-base-name: https://github.com/DanAnt123/react-bank.git:master
2025-08-06 15:38:48,676 - Knowledge - INFO - adding /app/data/T0015/29462/b6613se/react-bank/web/src/api/stats.ts to ingest queue
2025-08-06 15:38:48,850 - Knowledge - INFO - Found code_base: <app.utils.kg_build.knowledge.KnowledgeCodeBase object at 0x7fa3f4c2df50>
2025-08-06 15:38:48,922 - Knowledge - INFO - Found code_base: <app.utils.kg_build.knowledge.KnowledgeCodeBase object at 0x7fa3f4c2df50>
2025-08-06 15:38:49,076 - Knowledge - INFO - process ingested knowledge for /app/data/T0015/29462/b6613se/react-bank/web/src/components/Messages/ListElement/index.tsx
2025-08-06 15:38:49,122 - Knowledge - INFO - Found code_base: <app.utils.kg_build.knowledge.KnowledgeCodeBase object at 0x7fa3f4c2df50>
2025-08-06 15:38:49,191 - Knowledge - INFO - adding /app/data/T0015/29462/b6613se/react-bank/web/src/@hooks/index.ts to ingest queue
2025-08-06 15:38:49,285 - Knowledge - INFO - persist ingested knowledge for /app/data/T0015/29462/b6613se/react-bank/web/src/components/Navigation/MainNavigation/index.tsx
2025-08-06 15:38:49,369 - Knowledge - INFO - persist ingested knowledge for /app/data/T0015/29462/b6613se/react-bank/web/src/components/Navigation/MainNavigation/style.scss
2025-08-06 15:38:49,542 - Knowledge - INFO - persist ingested knowledge for /app/data/T0015/29462/b6613se/react-bank/web/src/components/Accounts/List/index.tsx
2025-08-06 15:38:49,686 - Knowledge - INFO - adding /app/data/T0015/29462/b6613se/react-bank/web/src/api/base.ts to ingest queue
2025-08-06 15:38:50,045 - Knowledge - INFO - adding /app/data/T0015/29462/b6613se/react-bank/web/src/api/common.ts to ingest queue
2025-08-06 15:38:50,132 - Knowledge - INFO - adding /app/data/T0015/29462/b6613se/react-bank/web/src/api/accounts.ts to ingest queue
2025-08-06 15:38:50,320 - Knowledge - INFO - worker kw3 pull /app/data/T0015/29462/b6613se/react-bank/web/src/components/Messages/ListElement/style.scss from ingest queue
2025-08-06 15:38:50,320 - Knowledge - INFO - Found code-base-name: https://github.com/DanAnt123/react-bank.git:master
2025-08-06 15:38:50,321 - Knowledge - INFO - Found code-base-name: https://github.com/DanAnt123/react-bank.git:master
2025-08-06 15:38:50,322 - Knowledge - INFO - worker kw13 pull /app/data/T0015/29462/b6613se/react-bank/web/src/components/Transfers/List/index.tsx from ingest queue
2025-08-06 15:38:50,423 - Knowledge - INFO - Found code-base-name: https://github.com/DanAnt123/react-bank.git:master
2025-08-06 15:38:50,423 - Knowledge - INFO - Found code-base-name: https://github.com/DanAnt123/react-bank.git:master
2025-08-06 15:38:50,424 - Knowledge - INFO - worker kw23 pull /app/data/T0015/29462/b6613se/react-bank/web/src/components/Transfers/Single/index.tsx from ingest queue
2025-08-06 15:38:50,424 - Knowledge - INFO - worker kw12 pull /app/data/T0015/29462/b6613se/react-bank/web/src/components/Transfers/New/Form.tsx from ingest queue
2025-08-06 15:38:50,424 - Knowledge - INFO - Found code-base-name: https://github.com/DanAnt123/react-bank.git:master
2025-08-06 15:38:50,424 - Knowledge - INFO - worker kw14 pull /app/data/T0015/29462/b6613se/react-bank/web/src/components/Transfers/New/index.tsx from ingest queue
2025-08-06 15:38:50,424 - Knowledge - INFO - adding /app/data/T0015/29462/b6613se/react-bank/web/src/api/cards.ts to ingest queue
2025-08-06 15:38:50,458 - Knowledge - INFO - process ingested knowledge for /app/data/T0015/29462/b6613se/react-bank/web/src/components/Messages/ListElement/style.scss
2025-08-06 15:38:50,542 - Knowledge - INFO - Found code_base: <app.utils.kg_build.knowledge.KnowledgeCodeBase object at 0x7fa3f4c2df50>
2025-08-06 15:38:50,626 - Knowledge - INFO - Found code_base: <app.utils.kg_build.knowledge.KnowledgeCodeBase object at 0x7fa3f4c2df50>
2025-08-06 15:38:50,772 - Knowledge - INFO - process ingested knowledge for /app/data/T0015/29462/b6613se/react-bank/web/src/components/Transfers/List/index.tsx
2025-08-06 15:38:50,826 - Knowledge - INFO - Found code_base: <app.utils.kg_build.knowledge.KnowledgeCodeBase object at 0x7fa3f4c2df50>
2025-08-06 15:38:50,899 - Knowledge - INFO - Found code_base: <app.utils.kg_build.knowledge.KnowledgeCodeBase object at 0x7fa3f4c2df50>
2025-08-06 15:38:51,011 - Knowledge - INFO - process ingested knowledge for /app/data/T0015/29462/b6613se/react-bank/web/src/components/Transfers/Single/index.tsx
2025-08-06 15:38:51,107 - Knowledge - INFO - process ingested knowledge for /app/data/T0015/29462/b6613se/react-bank/web/src/components/Transfers/New/Form.tsx
2025-08-06 15:38:51,144 - Knowledge - INFO - Found code_base: <app.utils.kg_build.knowledge.KnowledgeCodeBase object at 0x7fa3f4c2df50>
2025-08-06 15:38:51,257 - Knowledge - INFO - process ingested knowledge for /app/data/T0015/29462/b6613se/react-bank/web/src/components/Transfers/New/index.tsx
2025-08-06 15:38:51,417 - Knowledge - INFO - worker kw6 pull /app/data/T0015/29462/b6613se/react-bank/web/src/components/Transfers/New/validations.ts from ingest queue
2025-08-06 15:38:51,417 - Knowledge - INFO - adding /app/data/T0015/29462/b6613se/react-bank/web/src/api/messages.ts to ingest queue
2025-08-06 15:38:51,490 - Knowledge - INFO - persist ingested knowledge for /app/data/T0015/29462/b6613se/react-bank/web/src/components/Accounts/Single/index.tsx
2025-08-06 15:38:51,608 - Knowledge - INFO - persist ingested knowledge for /app/data/T0015/29462/b6613se/react-bank/web/src/components/Accounts/ListElement/index.tsx
2025-08-06 15:38:51,785 - Knowledge - INFO - persist ingested knowledge for /app/data/T0015/29462/b6613se/react-bank/web/src/components/Messages/List/index.tsx
2025-08-06 15:38:51,873 - Knowledge - INFO - persist ingested knowledge for /app/data/T0015/29462/b6613se/react-bank/web/src/components/Messages/Single/index.tsx
2025-08-06 15:38:52,164 - Knowledge - INFO - persist ingested knowledge for /app/data/T0015/29462/b6613se/react-bank/web/src/components/Messages/ListElement/index.tsx
2025-08-06 15:38:52,447 - Knowledge - INFO - process ingested knowledge for /app/data/T0015/29462/b6613se/react-bank/web/src/components/Transfers/New/validations.ts
2025-08-06 15:38:52,523 - Knowledge - INFO - worker kw24 pull /app/data/T0015/29462/b6613se/react-bank/web/src/components/Transfers/ListElement/index.tsx from ingest queue
2025-08-06 15:38:52,524 - Knowledge - INFO - adding /app/data/T0015/29462/b6613se/react-bank/old-api/controllers/auth.js to ingest queue
2025-08-06 15:38:53,269 - Knowledge - INFO - process ingested knowledge for /app/data/T0015/29462/b6613se/react-bank/web/src/components/Transfers/ListElement/index.tsx
2025-08-06 15:38:53,399 - Knowledge - INFO - adding /app/data/T0015/29462/b6613se/react-bank/web/src/components/Navigation/Header/index.tsx to ingest queue
2025-08-06 15:38:53,526 - Knowledge - INFO - adding /app/data/T0015/29462/b6613se/react-bank/web/src/components/Navigation/Header/style.scss to ingest queue
2025-08-06 15:38:53,678 - Knowledge - INFO - worker kw2 pull /app/data/T0015/29462/b6613se/react-bank/web/src/components/Auth/Logout/index.tsx from ingest queue
2025-08-06 15:38:53,736 - Knowledge - INFO - adding /app/data/T0015/29462/b6613se/react-bank/web/src/components/Navigation/MainNavigation/style.scss to ingest queue
2025-08-06 15:38:53,783 - Knowledge - INFO - process ingested knowledge for /app/data/T0015/29462/b6613se/react-bank/web/src/components/Auth/Logout/index.tsx
2025-08-06 15:38:53,838 - Knowledge - INFO - Found code-base-name: https://github.com/DanAnt123/react-bank.git:master
2025-08-06 15:38:53,840 - Knowledge - INFO - worker kw22 pull /app/data/T0015/29462/b6613se/react-bank/web/src/components/Auth/Login/Form.tsx from ingest queue
2025-08-06 15:38:53,840 - Knowledge - INFO - adding /app/data/T0015/29462/b6613se/react-bank/web/src/components/Accounts/List/index.tsx to ingest queue
2025-08-06 15:38:54,054 - Knowledge - INFO - Found code_base: <app.utils.kg_build.knowledge.KnowledgeCodeBase object at 0x7fa3f4c2df50>
2025-08-06 15:38:54,201 - Knowledge - INFO - process ingested knowledge for /app/data/T0015/29462/b6613se/react-bank/web/src/components/Auth/Login/Form.tsx
2025-08-06 15:38:54,258 - Knowledge - INFO - Found code-base-name: https://github.com/DanAnt123/react-bank.git:master
2025-08-06 15:38:54,259 - Knowledge - INFO - Found code-base-name: https://github.com/DanAnt123/react-bank.git:master
2025-08-06 15:38:54,260 - Knowledge - INFO - Found code-base-name: https://github.com/DanAnt123/react-bank.git:master
2025-08-06 15:38:54,260 - Knowledge - INFO - worker kw21 pull /app/data/T0015/29462/b6613se/react-bank/web/src/components/Auth/Login/index.tsx from ingest queue
2025-08-06 15:38:54,260 - Knowledge - INFO - adding /app/data/T0015/29462/b6613se/react-bank/web/src/api/forms.ts to ingest queue
2025-08-06 15:38:54,343 - Knowledge - INFO - persist ingested knowledge for /app/data/T0015/29462/b6613se/react-bank/web/src/components/Messages/ListElement/style.scss
2025-08-06 15:38:54,535 - Knowledge - INFO - Found code_base: <app.utils.kg_build.knowledge.KnowledgeCodeBase object at 0x7fa3f4c2df50>
2025-08-06 15:38:54,649 - Knowledge - INFO - Found code_base: <app.utils.kg_build.knowledge.KnowledgeCodeBase object at 0x7fa3f4c2df50>
2025-08-06 15:38:54,749 - Knowledge - INFO - Found code_base: <app.utils.kg_build.knowledge.KnowledgeCodeBase object at 0x7fa3f4c2df50>
2025-08-06 15:38:54,893 - Knowledge - INFO - process ingested knowledge for /app/data/T0015/29462/b6613se/react-bank/web/src/components/Auth/Login/index.tsx
2025-08-06 15:38:55,155 - Knowledge - INFO - persist ingested knowledge for /app/data/T0015/29462/b6613se/react-bank/web/src/components/Transfers/Single/index.tsx
2025-08-06 15:38:55,207 - Knowledge - INFO - Found code-base-name: https://github.com/DanAnt123/react-bank.git:master
2025-08-06 15:38:55,207 - Knowledge - INFO - worker kw4 pull /app/data/T0015/29462/b6613se/react-bank/web/src/components/Auth/Register/Form.tsx from ingest queue
2025-08-06 15:38:55,207 - Knowledge - INFO - adding /app/data/T0015/29462/b6613se/react-bank/web/src/api/auth.ts to ingest queue
2025-08-06 15:38:55,230 - Knowledge - INFO - persist ingested knowledge for /app/data/T0015/29462/b6613se/react-bank/web/src/components/Transfers/New/Form.tsx
2025-08-06 15:38:55,344 - Knowledge - INFO - persist ingested knowledge for /app/data/T0015/29462/b6613se/react-bank/web/src/components/Transfers/New/index.tsx
2025-08-06 15:38:55,624 - Knowledge - INFO - Found code_base: <app.utils.kg_build.knowledge.KnowledgeCodeBase object at 0x7fa3f4c2df50>
2025-08-06 15:38:55,747 - Knowledge - INFO - process ingested knowledge for /app/data/T0015/29462/b6613se/react-bank/web/src/components/Auth/Register/Form.tsx
2025-08-06 15:38:55,779 - Knowledge - INFO - worker kw9 pull /app/data/T0015/29462/b6613se/react-bank/web/src/components/Auth/Register/index.tsx from ingest queue
2025-08-06 15:38:55,780 - Knowledge - INFO - adding /app/data/T0015/29462/b6613se/react-bank/web/src/api/users.ts to ingest queue
2025-08-06 15:38:56,321 - Knowledge - INFO - adding /app/data/T0015/29462/b6613se/react-bank/web/src/components/Navigation/MainNavigation/index.tsx to ingest queue
2025-08-06 15:38:56,261 - Knowledge - INFO - process ingested knowledge for /app/data/T0015/29462/b6613se/react-bank/web/src/components/Auth/Register/index.tsx
2025-08-06 15:38:56,060 - Knowledge - INFO - persist ingested knowledge for /app/data/T0015/29462/b6613se/react-bank/web/src/components/Transfers/New/validations.ts
2025-08-06 15:38:56,412 - Knowledge - INFO - Found code-base-name: https://github.com/DanAnt123/react-bank.git:master
2025-08-06 15:38:56,412 - Knowledge - INFO - worker kw11 pull /app/data/T0015/29462/b6613se/react-bank/web/src/components/PageNotFound/index.tsx from ingest queue
2025-08-06 15:38:56,413 - Knowledge - INFO - Found code-base-name: https://github.com/DanAnt123/react-bank.git:master
2025-08-06 15:38:56,476 - Knowledge - INFO - Found code-base-name: https://github.com/DanAnt123/react-bank.git:master
2025-08-06 15:38:56,476 - Knowledge - INFO - worker kw8 pull /app/data/T0015/29462/b6613se/react-bank/web/src/components/CurrencyStats/CurrencyBox/index.tsx from ingest queue
2025-08-06 15:38:56,476 - Knowledge - INFO - adding /app/data/T0015/29462/b6613se/react-bank/web/src/components/Accounts/ListElement/index.tsx to ingest queue
2025-08-06 15:38:56,706 - Knowledge - INFO - Found code_base: <app.utils.kg_build.knowledge.KnowledgeCodeBase object at 0x7fa3f4c2df50>
2025-08-06 15:38:56,840 - Knowledge - INFO - process ingested knowledge for /app/data/T0015/29462/b6613se/react-bank/web/src/components/PageNotFound/index.tsx
2025-08-06 15:38:56,885 - Knowledge - INFO - Found code_base: <app.utils.kg_build.knowledge.KnowledgeCodeBase object at 0x7fa3f4c2df50>
2025-08-06 15:38:57,001 - Knowledge - INFO - Found code_base: <app.utils.kg_build.knowledge.KnowledgeCodeBase object at 0x7fa3f4c2df50>
2025-08-06 15:38:57,125 - Knowledge - INFO - process ingested knowledge for /app/data/T0015/29462/b6613se/react-bank/web/src/components/CurrencyStats/CurrencyBox/index.tsx
2025-08-06 15:38:57,209 - Knowledge - INFO - adding /app/data/T0015/29462/b6613se/react-bank/web/src/components/Messages/List/index.tsx to ingest queue
2025-08-06 15:38:57,284 - Knowledge - INFO - persist ingested knowledge for /app/data/T0015/29462/b6613se/react-bank/web/src/components/Transfers/List/index.tsx
2025-08-06 15:38:57,496 - Knowledge - INFO - persist ingested knowledge for /app/data/T0015/29462/b6613se/react-bank/web/src/components/Auth/Logout/index.tsx
2025-08-06 15:38:57,577 - Knowledge - INFO - persist ingested knowledge for /app/data/T0015/29462/b6613se/react-bank/web/src/components/Auth/Login/Form.tsx
2025-08-06 15:38:57,777 - Knowledge - INFO - adding /app/data/T0015/29462/b6613se/react-bank/web/src/components/Messages/Single/index.tsx to ingest queue
2025-08-06 15:38:58,143 - Knowledge - INFO - adding /app/data/T0015/29462/b6613se/react-bank/web/src/components/Messages/ListElement/index.tsx to ingest queue
2025-08-06 15:38:58,208 - Knowledge - INFO - Found code-base-name: https://github.com/DanAnt123/react-bank.git:master
2025-08-06 15:38:58,210 - Knowledge - INFO - Found code-base-name: https://github.com/DanAnt123/react-bank.git:master
2025-08-06 15:38:58,268 - Knowledge - INFO - worker kw7 pull /app/data/T0015/29462/b6613se/react-bank/web/src/components/CurrencyStats/CurrencyBox/style.scss from ingest queue
2025-08-06 15:38:58,268 - Knowledge - INFO - worker kw17 pull /app/data/T0015/29462/b6613se/react-bank/web/src/components/CurrencyStats/List/index.tsx from ingest queue
2025-08-06 15:38:58,269 - Knowledge - INFO - worker kw5 pull /app/data/T0015/29462/b6613se/react-bank/web/src/components/CurrencyStats/List/style.scss from ingest queue
2025-08-06 15:38:58,313 - Knowledge - INFO - Found code_base: <app.utils.kg_build.knowledge.KnowledgeCodeBase object at 0x7fa3f4c2df50>
2025-08-06 15:38:58,316 - Knowledge - INFO - worker kw25 pull /app/data/T0015/29462/b6613se/react-bank/web/src/components/CurrencyStats/CurrencySettings/index.tsx from ingest queue
2025-08-06 15:38:58,317 - Knowledge - INFO - worker kw15 pull /app/data/T0015/29462/b6613se/react-bank/web/src/components/CurrencyStats/CurrencySettings/style.scss from ingest queue
2025-08-06 15:38:58,317 - Knowledge - INFO - adding /app/data/T0015/29462/b6613se/react-bank/web/src/components/Accounts/Single/index.tsx to ingest queue
2025-08-06 15:38:58,425 - Knowledge - INFO - Found code_base: <app.utils.kg_build.knowledge.KnowledgeCodeBase object at 0x7fa3f4c2df50>
2025-08-06 15:38:58,550 - Knowledge - INFO - process ingested knowledge for /app/data/T0015/29462/b6613se/react-bank/web/src/components/CurrencyStats/CurrencyBox/style.scss
2025-08-06 15:38:58,629 - Knowledge - INFO - process ingested knowledge for /app/data/T0015/29462/b6613se/react-bank/web/src/components/CurrencyStats/List/index.tsx
2025-08-06 15:38:58,734 - Knowledge - INFO - process ingested knowledge for /app/data/T0015/29462/b6613se/react-bank/web/src/components/CurrencyStats/List/style.scss
2025-08-06 15:38:58,790 - Knowledge - INFO - persist ingested knowledge for /app/data/T0015/29462/b6613se/react-bank/web/src/components/Transfers/ListElement/index.tsx
2025-08-06 15:38:58,933 - Knowledge - INFO - process ingested knowledge for /app/data/T0015/29462/b6613se/react-bank/web/src/components/CurrencyStats/CurrencySettings/index.tsx
2025-08-06 15:38:59,041 - Knowledge - INFO - process ingested knowledge for /app/data/T0015/29462/b6613se/react-bank/web/src/components/CurrencyStats/CurrencySettings/style.scss
2025-08-06 15:38:59,098 - Knowledge - INFO - Found code-base-name: https://github.com/DanAnt123/react-bank.git:master
2025-08-06 15:38:59,156 - Knowledge - INFO - adding /app/data/T0015/29462/b6613se/react-bank/web/src/components/Transfers/New/validations.ts to ingest queue
2025-08-06 15:38:59,193 - Knowledge - INFO - persist ingested knowledge for /app/data/T0015/29462/b6613se/react-bank/web/src/components/Auth/Login/index.tsx
2025-08-06 15:38:59,877 - Knowledge - INFO - Found code_base: <app.utils.kg_build.knowledge.KnowledgeCodeBase object at 0x7fa3f4c2df50>
2025-08-06 15:38:59,986 - Knowledge - INFO - Found code-base-name: https://github.com/DanAnt123/react-bank.git:master
2025-08-06 15:38:59,987 - Knowledge - INFO - worker kw1 pull /app/data/T0015/29462/b6613se/react-bank/web/src/components/CurrencyStats/Header/index.tsx from ingest queue
2025-08-06 15:39:00,111 - Knowledge - INFO - worker kw16 pull /app/data/T0015/29462/b6613se/react-bank/web/src/components/CurrencyStats/Header/style.scss from ingest queue
2025-08-06 15:39:00,112 - Knowledge - INFO - worker kw10 pull /app/data/T0015/29462/b6613se/react-bank/web/src/components/UI/Backdrop/index.tsx from ingest queue
2025-08-06 15:39:00,154 - Knowledge - INFO - persist ingested knowledge for /app/data/T0015/29462/b6613se/react-bank/web/src/components/Auth/Register/index.tsx
2025-08-06 15:39:00,164 - Knowledge - INFO - worker kw18 pull /app/data/T0015/29462/b6613se/react-bank/web/src/components/UI/Backdrop/style.scss from ingest queue
2025-08-06 15:39:00,165 - Knowledge - INFO - adding /app/data/T0015/29462/b6613se/react-bank/web/src/components/Transfers/New/index.tsx to ingest queue
2025-08-06 15:39:00,245 - Knowledge - INFO - Found code_base: <app.utils.kg_build.knowledge.KnowledgeCodeBase object at 0x7fa3f4c2df50>
2025-08-06 15:39:00,894 - Knowledge - INFO - persist ingested knowledge for /app/data/T0015/29462/b6613se/react-bank/web/src/components/CurrencyStats/CurrencyBox/index.tsx
2025-08-06 15:39:00,439 - Knowledge - INFO - process ingested knowledge for /app/data/T0015/29462/b6613se/react-bank/web/src/components/CurrencyStats/Header/style.scss
2025-08-06 15:39:00,540 - Knowledge - INFO - process ingested knowledge for /app/data/T0015/29462/b6613se/react-bank/web/src/components/UI/Backdrop/index.tsx
2025-08-06 15:39:00,715 - Knowledge - INFO - process ingested knowledge for /app/data/T0015/29462/b6613se/react-bank/web/src/components/UI/Backdrop/style.scss
2025-08-06 15:39:00,784 - Knowledge - INFO - worker kw20 pull /app/data/T0015/29462/b6613se/react-bank/web/src/components/UI/FormBoxes/Small/index.tsx from ingest queue
2025-08-06 15:39:00,784 - Knowledge - INFO - worker kw19 pull /app/data/T0015/29462/b6613se/react-bank/web/src/components/UI/FormBoxes/Small/style.scss from ingest queue
2025-08-06 15:39:00,785 - Knowledge - INFO - Found code-base-name: https://github.com/DanAnt123/react-bank.git:master
2025-08-06 15:39:01,505 - Knowledge - INFO - Found code_base: <app.utils.kg_build.knowledge.KnowledgeCodeBase object at 0x7fa3f4c2df50>
2025-08-06 15:39:00,786 - Knowledge - INFO - Found code-base-name: https://github.com/DanAnt123/react-bank.git:master
2025-08-06 15:39:00,843 - Knowledge - INFO - Found code-base-name: https://github.com/DanAnt123/react-bank.git:master
2025-08-06 15:39:00,843 - Knowledge - INFO - Found code-base-name: https://github.com/DanAnt123/react-bank.git:master
2025-08-06 15:39:00,844 - Knowledge - INFO - worker kw6 pull /app/data/T0015/29462/b6613se/react-bank/web/src/components/UI/Loader/LoadingAnimation/index.tsx from ingest queue
2025-08-06 15:39:00,844 - Knowledge - INFO - adding /app/data/T0015/29462/b6613se/react-bank/web/src/components/Auth/Logout/index.tsx to ingest queue
2025-08-06 15:39:00,353 - Knowledge - INFO - process ingested knowledge for /app/data/T0015/29462/b6613se/react-bank/web/src/components/CurrencyStats/Header/index.tsx
2025-08-06 15:39:01,360 - Knowledge - INFO - process ingested knowledge for /app/data/T0015/29462/b6613se/react-bank/web/src/components/UI/FormBoxes/Small/index.tsx
2025-08-06 15:39:01,472 - Knowledge - INFO - process ingested knowledge for /app/data/T0015/29462/b6613se/react-bank/web/src/components/UI/FormBoxes/Small/style.scss
2025-08-06 15:39:00,785 - Knowledge - INFO - Found code-base-name: https://github.com/DanAnt123/react-bank.git:master
2025-08-06 15:39:02,403 - Knowledge - INFO - Found code_base: <app.utils.kg_build.knowledge.KnowledgeCodeBase object at 0x7fa3f4c2df50>
2025-08-06 15:39:01,648 - Knowledge - INFO - Found code_base: <app.utils.kg_build.knowledge.KnowledgeCodeBase object at 0x7fa3f4c2df50>
2025-08-06 15:39:01,732 - Knowledge - INFO - Found code_base: <app.utils.kg_build.knowledge.KnowledgeCodeBase object at 0x7fa3f4c2df50>
2025-08-06 15:39:01,805 - Knowledge - INFO - Found code_base: <app.utils.kg_build.knowledge.KnowledgeCodeBase object at 0x7fa3f4c2df50>
2025-08-06 15:39:01,930 - Knowledge - INFO - process ingested knowledge for /app/data/T0015/29462/b6613se/react-bank/web/src/components/UI/Loader/LoadingAnimation/index.tsx
2025-08-06 15:39:02,071 - Knowledge - INFO - adding /app/data/T0015/29462/b6613se/react-bank/web/src/components/Auth/Login/Form.tsx to ingest queue
2025-08-06 15:39:01,577 - Knowledge - INFO - persist ingested knowledge for /app/data/T0015/29462/b6613se/react-bank/web/src/components/PageNotFound/index.tsx
2025-08-06 15:39:02,514 - Knowledge - INFO - persist ingested knowledge for /app/data/T0015/29462/b6613se/react-bank/web/src/components/CurrencyStats/List/index.tsx
2025-08-06 15:39:02,604 - Knowledge - INFO - persist ingested knowledge for /app/data/T0015/29462/b6613se/react-bank/web/src/components/CurrencyStats/List/style.scss
2025-08-06 15:39:02,721 - Knowledge - INFO - persist ingested knowledge for /app/data/T0015/29462/b6613se/react-bank/web/src/components/CurrencyStats/CurrencySettings/index.tsx
2025-08-06 15:39:02,829 - Knowledge - INFO - persist ingested knowledge for /app/data/T0015/29462/b6613se/react-bank/web/src/components/CurrencyStats/CurrencySettings/style.scss
2025-08-06 15:39:02,980 - Knowledge - INFO - adding /app/data/T0015/29462/b6613se/react-bank/web/src/components/Transfers/Single/index.tsx to ingest queue
2025-08-06 15:39:03,462 - Knowledge - INFO - Found code-base-name: https://github.com/DanAnt123/react-bank.git:master
2025-08-06 15:39:03,518 - Knowledge - INFO - adding /app/data/T0015/29462/b6613se/react-bank/web/src/components/Transfers/New/Form.tsx to ingest queue
2025-08-06 15:39:03,546 - Knowledge - INFO - Found code_base: <app.utils.kg_build.knowledge.KnowledgeCodeBase object at 0x7fa3f4c2df50>
2025-08-06 15:39:03,683 - Knowledge - INFO - worker kw14 pull /app/data/T0015/29462/b6613se/react-bank/web/src/components/UI/Loader/LoadingAnimation/style.scss from ingest queue
2025-08-06 15:39:03,683 - Knowledge - INFO - Found code-base-name: https://github.com/DanAnt123/react-bank.git:master
2025-08-06 15:39:03,749 - Knowledge - INFO - persist ingested knowledge for /app/data/T0015/29462/b6613se/react-bank/web/src/components/Auth/Register/Form.tsx
2025-08-06 15:39:03,789 - Knowledge - INFO - Found code-base-name: https://github.com/DanAnt123/react-bank.git:master
2025-08-06 15:39:03,789 - Knowledge - INFO - Found code-base-name: https://github.com/DanAnt123/react-bank.git:master
2025-08-06 15:39:03,789 - Knowledge - INFO - Found code-base-name: https://github.com/DanAnt123/react-bank.git:master
2025-08-06 15:39:03,790 - Knowledge - INFO - worker kw2 pull /app/data/T0015/29462/b6613se/react-bank/web/src/components/UI/Loader/index.tsx from ingest queue
2025-08-06 15:39:03,790 - Knowledge - INFO - Found code-base-name: https://github.com/DanAnt123/react-bank.git:master
2025-08-06 15:39:03,790 - Knowledge - INFO - Found code-base-name: https://github.com/DanAnt123/react-bank.git:master
2025-08-06 15:39:03,790 - Knowledge - INFO - Found code-base-name: https://github.com/DanAnt123/react-bank.git:master
2025-08-06 15:39:03,790 - Knowledge - INFO - Found code-base-name: https://github.com/DanAnt123/react-bank.git:master
2025-08-06 15:39:03,790 - Knowledge - INFO - worker kw22 pull /app/data/T0015/29462/b6613se/react-bank/web/src/components/UI/Buttons/MultiModuleButtons/index.tsx from ingest queue
2025-08-06 15:39:03,893 - Knowledge - INFO - process ingested knowledge for /app/data/T0015/29462/b6613se/react-bank/web/src/components/UI/Loader/LoadingAnimation/style.scss
2025-08-06 15:39:03,987 - Knowledge - INFO - worker kw23 pull /app/data/T0015/29462/b6613se/react-bank/web/src/components/UI/Buttons/MultiModuleButtons/style.scss from ingest queue
2025-08-06 15:39:03,987 - Knowledge - INFO - adding /app/data/T0015/29462/b6613se/react-bank/web/src/components/Messages/ListElement/style.scss to ingest queue
2025-08-06 15:39:04,001 - Knowledge - INFO - Found code_base: <app.utils.kg_build.knowledge.KnowledgeCodeBase object at 0x7fa3f4c2df50>
2025-08-06 15:39:04,189 - Knowledge - INFO - Found code_base: <app.utils.kg_build.knowledge.KnowledgeCodeBase object at 0x7fa3f4c2df50>
2025-08-06 15:39:04,295 - Knowledge - INFO - Found code_base: <app.utils.kg_build.knowledge.KnowledgeCodeBase object at 0x7fa3f4c2df50>
2025-08-06 15:39:04,395 - Knowledge - INFO - Found code_base: <app.utils.kg_build.knowledge.KnowledgeCodeBase object at 0x7fa3f4c2df50>
2025-08-06 15:39:04,514 - Knowledge - INFO - process ingested knowledge for /app/data/T0015/29462/b6613se/react-bank/web/src/components/UI/Loader/index.tsx
2025-08-06 15:39:04,560 - Knowledge - INFO - Found code_base: <app.utils.kg_build.knowledge.KnowledgeCodeBase object at 0x7fa3f4c2df50>
2025-08-06 15:39:04,645 - Knowledge - INFO - Found code_base: <app.utils.kg_build.knowledge.KnowledgeCodeBase object at 0x7fa3f4c2df50>
2025-08-06 15:39:04,719 - Knowledge - INFO - Found code_base: <app.utils.kg_build.knowledge.KnowledgeCodeBase object at 0x7fa3f4c2df50>
2025-08-06 15:39:04,826 - Knowledge - INFO - Found code_base: <app.utils.kg_build.knowledge.KnowledgeCodeBase object at 0x7fa3f4c2df50>
2025-08-06 15:39:04,941 - Knowledge - INFO - process ingested knowledge for /app/data/T0015/29462/b6613se/react-bank/web/src/components/UI/Buttons/MultiModuleButtons/index.tsx
2025-08-06 15:39:05,129 - Knowledge - INFO - process ingested knowledge for /app/data/T0015/29462/b6613se/react-bank/web/src/components/UI/Buttons/MultiModuleButtons/style.scss
2025-08-06 15:39:05,171 - Knowledge - INFO - adding /app/data/T0015/29462/b6613se/react-bank/web/src/components/Transfers/ListElement/index.tsx to ingest queue
2025-08-06 15:39:05,262 - Knowledge - INFO - persist ingested knowledge for /app/data/T0015/29462/b6613se/react-bank/web/src/components/CurrencyStats/CurrencyBox/style.scss
2025-08-06 15:39:05,384 - Knowledge - INFO - persist ingested knowledge for /app/data/T0015/29462/b6613se/react-bank/web/src/components/CurrencyStats/Header/style.scss
2025-08-06 15:39:05,477 - Knowledge - INFO - persist ingested knowledge for /app/data/T0015/29462/b6613se/react-bank/web/src/components/UI/Backdrop/index.tsx
2025-08-06 15:39:05,587 - Knowledge - INFO - persist ingested knowledge for /app/data/T0015/29462/b6613se/react-bank/web/src/components/UI/Backdrop/style.scss
2025-08-06 15:39:05,748 - Knowledge - INFO - persist ingested knowledge for /app/data/T0015/29462/b6613se/react-bank/web/src/components/CurrencyStats/Header/index.tsx
2025-08-06 15:39:05,843 - Knowledge - INFO - persist ingested knowledge for /app/data/T0015/29462/b6613se/react-bank/web/src/components/UI/FormBoxes/Small/index.tsx
2025-08-06 15:39:05,921 - Knowledge - INFO - persist ingested knowledge for /app/data/T0015/29462/b6613se/react-bank/web/src/components/UI/FormBoxes/Small/style.scss
2025-08-06 15:39:05,997 - Knowledge - INFO - persist ingested knowledge for /app/data/T0015/29462/b6613se/react-bank/web/src/components/UI/Loader/LoadingAnimation/index.tsx
2025-08-06 15:39:06,207 - Knowledge - INFO - adding /app/data/T0015/29462/b6613se/react-bank/web/src/components/Auth/Register/index.tsx to ingest queue
2025-08-06 15:39:07,059 - Knowledge - INFO - adding /app/data/T0015/29462/b6613se/react-bank/web/src/components/Transfers/List/index.tsx to ingest queue
2025-08-06 15:39:07,140 - Knowledge - INFO - adding /app/data/T0015/29462/b6613se/react-bank/web/src/components/CurrencyStats/CurrencyBox/index.tsx to ingest queue
2025-08-06 15:39:07,216 - Knowledge - INFO - adding /app/data/T0015/29462/b6613se/react-bank/web/src/components/Auth/Login/index.tsx to ingest queue
2025-08-06 15:39:07,371 - Knowledge - INFO - adding /app/data/T0015/29462/b6613se/react-bank/web/src/components/PageNotFound/index.tsx to ingest queue
2025-08-06 15:39:07,454 - Knowledge - INFO - adding /app/data/T0015/29462/b6613se/react-bank/web/src/components/CurrencyStats/List/style.scss to ingest queue
2025-08-06 15:39:07,558 - Knowledge - INFO - adding /app/data/T0015/29462/b6613se/react-bank/web/src/components/CurrencyStats/CurrencySettings/index.tsx to ingest queue
2025-08-06 15:39:07,671 - Knowledge - INFO - worker kw12 pull /app/data/T0015/29462/b6613se/react-bank/web/src/components/UI/Buttons/SingleModuleButton/index.tsx from ingest queue
2025-08-06 15:39:07,671 - Knowledge - INFO - adding /app/data/T0015/29462/b6613se/react-bank/web/src/components/CurrencyStats/CurrencySettings/style.scss to ingest queue
2025-08-06 15:39:07,798 - Knowledge - INFO - process ingested knowledge for /app/data/T0015/29462/b6613se/react-bank/web/src/components/UI/Buttons/SingleModuleButton/index.tsx
2025-08-06 15:39:07,850 - Knowledge - INFO - Found code-base-name: https://github.com/DanAnt123/react-bank.git:master
2025-08-06 15:39:07,850 - Knowledge - INFO - worker kw3 pull /app/data/T0015/29462/b6613se/react-bank/web/src/components/UI/Buttons/SingleModuleButton/style.scss from ingest queue
2025-08-06 15:39:07,851 - Knowledge - INFO - Found code-base-name: https://github.com/DanAnt123/react-bank.git:master
2025-08-06 15:39:07,852 - Knowledge - INFO - Found code-base-name: https://github.com/DanAnt123/react-bank.git:master
2025-08-06 15:39:07,852 - Knowledge - INFO - worker kw24 pull /app/data/T0015/29462/b6613se/react-bank/web/src/components/UI/Buttons/SingleButton/index.tsx from ingest queue
2025-08-06 15:39:08,026 - Knowledge - INFO - Found code_base: <app.utils.kg_build.knowledge.KnowledgeCodeBase object at 0x7fa3f4c2df50>
2025-08-06 15:39:08,137 - Knowledge - INFO - process ingested knowledge for /app/data/T0015/29462/b6613se/react-bank/web/src/components/UI/Buttons/SingleModuleButton/style.scss
2025-08-06 15:39:08,205 - Knowledge - INFO - worker kw9 pull /app/data/T0015/29462/b6613se/react-bank/web/src/components/UI/Buttons/SingleMultiButton/index.tsx from ingest queue
2025-08-06 15:39:08,206 - Knowledge - INFO - worker kw8 pull /app/data/T0015/29462/b6613se/react-bank/web/src/components/UI/Buttons/style.scss from ingest queue
2025-08-06 15:39:08,206 - Knowledge - INFO - adding /app/data/T0015/29462/b6613se/react-bank/web/src/components/CurrencyStats/List/index.tsx to ingest queue
2025-08-06 15:39:08,226 - Knowledge - INFO - Found code_base: <app.utils.kg_build.knowledge.KnowledgeCodeBase object at 0x7fa3f4c2df50>
2025-08-06 15:39:08,334 - Knowledge - INFO - Found code_base: <app.utils.kg_build.knowledge.KnowledgeCodeBase object at 0x7fa3f4c2df50>
2025-08-06 15:39:08,484 - Knowledge - INFO - process ingested knowledge for /app/data/T0015/29462/b6613se/react-bank/web/src/components/UI/Buttons/SingleButton/index.tsx
2025-08-06 15:39:08,551 - Knowledge - INFO - persist ingested knowledge for /app/data/T0015/29462/b6613se/react-bank/web/src/components/UI/Loader/LoadingAnimation/style.scss
2025-08-06 15:39:08,758 - Knowledge - INFO - process ingested knowledge for /app/data/T0015/29462/b6613se/react-bank/web/src/components/UI/Buttons/SingleMultiButton/index.tsx
2025-08-06 15:39:08,842 - Knowledge - INFO - process ingested knowledge for /app/data/T0015/29462/b6613se/react-bank/web/src/components/UI/Buttons/style.scss
2025-08-06 15:39:08,912 - Knowledge - INFO - worker kw5 pull /app/data/T0015/29462/b6613se/react-bank/web/src/components/App/index.tsx from ingest queue
2025-08-06 15:39:08,970 - Knowledge - INFO - worker kw15 pull /app/data/T0015/29462/b6613se/react-bank/web/src/components/App/app.scss from ingest queue
2025-08-06 15:39:08,970 - Knowledge - INFO - Found code-base-name: https://github.com/DanAnt123/react-bank.git:master
2025-08-06 15:39:08,970 - Knowledge - INFO - adding /app/data/T0015/29462/b6613se/react-bank/web/src/components/CurrencyStats/CurrencyBox/style.scss to ingest queue
2025-08-06 15:39:08,985 - Knowledge - INFO - persist ingested knowledge for /app/data/T0015/29462/b6613se/react-bank/web/src/components/UI/Loader/index.tsx
2025-08-06 15:39:09,073 - Knowledge - INFO - persist ingested knowledge for /app/data/T0015/29462/b6613se/react-bank/web/src/components/UI/Buttons/MultiModuleButtons/style.scss
2025-08-06 15:39:09,557 - Knowledge - INFO - process ingested knowledge for /app/data/T0015/29462/b6613se/react-bank/web/src/components/App/index.tsx
2025-08-06 15:39:09,636 - Knowledge - INFO - process ingested knowledge for /app/data/T0015/29462/b6613se/react-bank/web/src/components/App/app.scss
2025-08-06 15:39:09,732 - Knowledge - INFO - Found code_base: <app.utils.kg_build.knowledge.KnowledgeCodeBase object at 0x7fa3f4c2df50>
2025-08-06 15:39:09,839 - Knowledge - INFO - Found code-base-name: https://github.com/DanAnt123/react-bank.git:master
2025-08-06 15:39:09,839 - Knowledge - INFO - adding /app/data/T0015/29462/b6613se/react-bank/web/src/components/UI/Backdrop/index.tsx to ingest queue
2025-08-06 15:39:10,320 - Knowledge - INFO - persist ingested knowledge for /app/data/T0015/29462/b6613se/react-bank/web/src/components/UI/Buttons/MultiModuleButtons/index.tsx
2025-08-06 15:39:10,414 - Knowledge - INFO - Found code_base: <app.utils.kg_build.knowledge.KnowledgeCodeBase object at 0x7fa3f4c2df50>
2025-08-06 15:39:10,529 - Knowledge - INFO - adding /app/data/T0015/29462/b6613se/react-bank/web/src/components/UI/Backdrop/style.scss to ingest queue
2025-08-06 15:39:10,747 - Knowledge - INFO - persist ingested knowledge for /app/data/T0015/29462/b6613se/react-bank/web/src/components/UI/Buttons/SingleModuleButton/index.tsx
2025-08-06 15:39:10,855 - Knowledge - INFO - adding /app/data/T0015/29462/b6613se/react-bank/web/src/components/CurrencyStats/Header/index.tsx to ingest queue
2025-08-06 15:39:11,046 - Knowledge - INFO - adding /app/data/T0015/29462/b6613se/react-bank/web/src/components/UI/FormBoxes/Small/index.tsx to ingest queue
2025-08-06 15:39:11,160 - Knowledge - INFO - adding /app/data/T0015/29462/b6613se/react-bank/web/src/components/UI/FormBoxes/Small/style.scss to ingest queue
2025-08-06 15:39:11,277 - Knowledge - INFO - worker kw13 pull /app/data/T0015/29462/b6613se/react-bank/web/src/components/Profile/Links/index.tsx from ingest queue
2025-08-06 15:39:11,278 - Knowledge - INFO - worker kw21 pull /app/data/T0015/29462/b6613se/react-bank/web/src/components/Profile/Links/style.scss from ingest queue
2025-08-06 15:39:11,278 - Knowledge - INFO - worker kw11 pull /app/data/T0015/29462/b6613se/react-bank/web/src/components/Profile/Header/index.tsx from ingest queue
2025-08-06 15:39:11,278 - Knowledge - INFO - worker kw17 pull /app/data/T0015/29462/b6613se/react-bank/web/src/components/Profile/Header/style.scss from ingest queue
2025-08-06 15:39:11,279 - Knowledge - INFO - worker kw25 pull /app/data/T0015/29462/b6613se/react-bank/web/src/components/Profile/Stats/index.tsx from ingest queue
2025-08-06 15:39:11,279 - Knowledge - INFO - adding /app/data/T0015/29462/b6613se/react-bank/web/src/components/Auth/Register/Form.tsx to ingest queue
2025-08-06 15:39:11,389 - Knowledge - INFO - process ingested knowledge for /app/data/T0015/29462/b6613se/react-bank/web/src/components/Profile/Links/index.tsx
2025-08-06 15:39:11,491 - Knowledge - INFO - process ingested knowledge for /app/data/T0015/29462/b6613se/react-bank/web/src/components/Profile/Links/style.scss
2025-08-06 15:39:11,563 - Knowledge - INFO - process ingested knowledge for /app/data/T0015/29462/b6613se/react-bank/web/src/components/Profile/Header/index.tsx
2025-08-06 15:39:11,662 - Knowledge - INFO - process ingested knowledge for /app/data/T0015/29462/b6613se/react-bank/web/src/components/Profile/Header/style.scss
2025-08-06 15:39:11,730 - Knowledge - INFO - process ingested knowledge for /app/data/T0015/29462/b6613se/react-bank/web/src/components/Profile/Stats/index.tsx
2025-08-06 15:39:11,866 - Knowledge - INFO - Found code-base-name: https://github.com/DanAnt123/react-bank.git:master
2025-08-06 15:39:11,866 - Knowledge - INFO - Found code-base-name: https://github.com/DanAnt123/react-bank.git:master
2025-08-06 15:39:11,867 - Knowledge - INFO - worker kw7 pull /app/data/T0015/29462/b6613se/react-bank/web/src/components/Profile/Stats/style.scss from ingest queue
2025-08-06 15:39:11,925 - Knowledge - INFO - Found code-base-name: https://github.com/DanAnt123/react-bank.git:master
2025-08-06 15:39:11,925 - Knowledge - INFO - Found code-base-name: https://github.com/DanAnt123/react-bank.git:master
2025-08-06 15:39:11,925 - Knowledge - INFO - worker kw10 pull /app/data/T0015/29462/b6613se/react-bank/web/src/components/Help/Form.tsx from ingest queue
2025-08-06 15:39:12,032 - Knowledge - INFO - worker kw1 pull /app/data/T0015/29462/b6613se/react-bank/web/src/components/Help/index.tsx from ingest queue
2025-08-06 15:39:12,032 - Knowledge - INFO - worker kw20 pull /app/data/T0015/29462/b6613se/react-bank/web/src/components/Home/Header/index.tsx from ingest queue
2025-08-06 15:39:12,032 - Knowledge - INFO - Found code-base-name: https://github.com/DanAnt123/react-bank.git:master
2025-08-06 15:39:12,032 - Knowledge - INFO - Found code-base-name: https://github.com/DanAnt123/react-bank.git:master
2025-08-06 15:39:12,033 - Knowledge - INFO - worker kw4 pull /app/data/T0015/29462/b6613se/react-bank/web/src/components/Home/Header/style.scss from ingest queue
2025-08-06 15:39:12,033 - Knowledge - INFO - adding /app/data/T0015/29462/b6613se/react-bank/web/src/components/UI/Loader/LoadingAnimation/style.scss to ingest queue
2025-08-06 15:39:13,304 - Knowledge - INFO - Found code-base-name: https://github.com/DanAnt123/react-bank.git:master
2025-08-06 15:39:12,482 - Knowledge - INFO - Found code_base: <app.utils.kg_build.knowledge.KnowledgeCodeBase object at 0x7fa3f4c2df50>
2025-08-06 15:39:12,593 - Knowledge - INFO - process ingested knowledge for /app/data/T0015/29462/b6613se/react-bank/web/src/components/Profile/Stats/style.scss
2025-08-06 15:39:12,673 - Knowledge - INFO - Found code_base: <app.utils.kg_build.knowledge.KnowledgeCodeBase object at 0x7fa3f4c2df50>
2025-08-06 15:39:12,748 - Knowledge - INFO - Found code_base: <app.utils.kg_build.knowledge.KnowledgeCodeBase object at 0x7fa3f4c2df50>
2025-08-06 15:39:12,871 - Knowledge - INFO - process ingested knowledge for /app/data/T0015/29462/b6613se/react-bank/web/src/components/Help/Form.tsx
2025-08-06 15:39:12,945 - Knowledge - INFO - process ingested knowledge for /app/data/T0015/29462/b6613se/react-bank/web/src/components/Help/index.tsx
2025-08-06 15:39:13,022 - Knowledge - INFO - process ingested knowledge for /app/data/T0015/29462/b6613se/react-bank/web/src/components/Home/Header/index.tsx
2025-08-06 15:39:13,074 - Knowledge - INFO - Found code_base: <app.utils.kg_build.knowledge.KnowledgeCodeBase object at 0x7fa3f4c2df50>
2025-08-06 15:39:13,148 - Knowledge - INFO - Found code_base: <app.utils.kg_build.knowledge.KnowledgeCodeBase object at 0x7fa3f4c2df50>
2025-08-06 15:39:13,261 - Knowledge - INFO - process ingested knowledge for /app/data/T0015/29462/b6613se/react-bank/web/src/components/Home/Header/style.scss
2025-08-06 15:39:12,388 - Knowledge - INFO - Found code_base: <app.utils.kg_build.knowledge.KnowledgeCodeBase object at 0x7fa3f4c2df50>
2025-08-06 15:39:13,305 - Knowledge - INFO - adding /app/data/T0015/29462/b6613se/react-bank/web/src/components/UI/Buttons/MultiModuleButtons/style.scss to ingest queue
2025-08-06 15:39:13,407 - Knowledge - INFO - Found code_base: <app.utils.kg_build.knowledge.KnowledgeCodeBase object at 0x7fa3f4c2df50>
2025-08-06 15:39:13,481 - Knowledge - INFO - persist ingested knowledge for /app/data/T0015/29462/b6613se/react-bank/web/src/components/UI/Buttons/style.scss
2025-08-06 15:39:13,677 - Knowledge - INFO - persist ingested knowledge for /app/data/T0015/29462/b6613se/react-bank/web/src/components/App/index.tsx
2025-08-06 15:39:13,791 - Knowledge - INFO - persist ingested knowledge for /app/data/T0015/29462/b6613se/react-bank/web/src/components/App/app.scss
2025-08-06 15:39:14,118 - Knowledge - INFO - persist ingested knowledge for /app/data/T0015/29462/b6613se/react-bank/web/src/components/UI/Buttons/SingleModuleButton/style.scss
2025-08-06 15:39:14,199 - Knowledge - INFO - persist ingested knowledge for /app/data/T0015/29462/b6613se/react-bank/web/src/components/UI/Buttons/SingleButton/index.tsx
2025-08-06 15:39:14,366 - Knowledge - INFO - persist ingested knowledge for /app/data/T0015/29462/b6613se/react-bank/web/src/components/UI/Buttons/SingleMultiButton/index.tsx
2025-08-06 15:39:14,449 - Knowledge - INFO - worker kw18 pull /app/data/T0015/29462/b6613se/react-bank/web/src/components/Home/NewFeatures/index.tsx from ingest queue
2025-08-06 15:39:14,449 - Knowledge - INFO - adding /app/data/T0015/29462/b6613se/react-bank/web/src/components/UI/Buttons/MultiModuleButtons/index.tsx to ingest queue
2025-08-06 15:39:14,514 - Knowledge - INFO - persist ingested knowledge for /app/data/T0015/29462/b6613se/react-bank/web/src/components/Profile/Links/index.tsx
2025-08-06 15:39:15,176 - Knowledge - INFO - process ingested knowledge for /app/data/T0015/29462/b6613se/react-bank/web/src/components/Home/NewFeatures/index.tsx
2025-08-06 15:39:15,245 - Knowledge - INFO - adding /app/data/T0015/29462/b6613se/react-bank/web/src/components/UI/Buttons/SingleModuleButton/index.tsx to ingest queue
2025-08-06 15:39:15,513 - Knowledge - INFO - adding /app/data/T0015/29462/b6613se/react-bank/web/src/components/UI/Loader/LoadingAnimation/index.tsx to ingest queue
2025-08-06 15:39:15,593 - Knowledge - INFO - worker kw19 pull /app/data/T0015/29462/b6613se/react-bank/web/src/components/Home/NewFeatures/style.scss from ingest queue
2025-08-06 15:39:15,698 - Knowledge - INFO - process ingested knowledge for /app/data/T0015/29462/b6613se/react-bank/web/src/components/Home/NewFeatures/style.scss
2025-08-06 15:39:15,698 - Knowledge - INFO - Found code-base-name: https://github.com/DanAnt123/react-bank.git:master
2025-08-06 15:39:15,699 - Knowledge - INFO - Found code-base-name: https://github.com/DanAnt123/react-bank.git:master
2025-08-06 15:39:15,700 - Knowledge - INFO - Found code-base-name: https://github.com/DanAnt123/react-bank.git:master
2025-08-06 15:39:15,700 - Knowledge - INFO - worker kw14 pull /app/data/T0015/29462/b6613se/react-bank/web/src/components/Home/Features/index.tsx from ingest queue
2025-08-06 15:39:15,700 - Knowledge - INFO - Found code-base-name: https://github.com/DanAnt123/react-bank.git:master
2025-08-06 15:39:15,700 - Knowledge - INFO - Found code-base-name: https://github.com/DanAnt123/react-bank.git:master
2025-08-06 15:39:16,440 - Knowledge - INFO - Found code_base: <app.utils.kg_build.knowledge.KnowledgeCodeBase object at 0x7fa3f4c2df50>
2025-08-06 15:39:15,700 - Knowledge - INFO - Found code-base-name: https://github.com/DanAnt123/react-bank.git:master
2025-08-06 15:39:15,700 - Knowledge - INFO - worker kw23 pull /app/data/T0015/29462/b6613se/react-bank/web/src/components/Home/Features/style.scss from ingest queue
2025-08-06 15:39:15,928 - Knowledge - INFO - Found code_base: <app.utils.kg_build.knowledge.KnowledgeCodeBase object at 0x7fa3f4c2df50>
2025-08-06 15:39:16,001 - Knowledge - INFO - Found code_base: <app.utils.kg_build.knowledge.KnowledgeCodeBase object at 0x7fa3f4c2df50>
2025-08-06 15:39:16,011 - Knowledge - INFO - worker kw22 pull /app/data/T0015/29462/b6613se/react-bank/web/src/components/Infobox/CardDetails/index.tsx from ingest queue
2025-08-06 15:39:16,066 - Knowledge - INFO - worker kw12 pull /app/data/T0015/29462/b6613se/react-bank/web/src/components/Infobox/CardDetails/style.scss from ingest queue
2025-08-06 15:39:16,066 - Knowledge - INFO - worker kw6 pull /app/data/T0015/29462/b6613se/react-bank/web/src/components/Infobox/AccountInfobox/index.tsx from ingest queue
2025-08-06 15:39:16,066 - Knowledge - INFO - adding /app/data/T0015/29462/b6613se/react-bank/web/src/components/UI/Loader/index.tsx to ingest queue
2025-08-06 15:39:16,140 - Knowledge - INFO - Found code_base: <app.utils.kg_build.knowledge.KnowledgeCodeBase object at 0x7fa3f4c2df50>
2025-08-06 15:39:16,280 - Knowledge - INFO - process ingested knowledge for /app/data/T0015/29462/b6613se/react-bank/web/src/components/Home/Features/index.tsx
2025-08-06 15:39:16,333 - Knowledge - INFO - Found code_base: <app.utils.kg_build.knowledge.KnowledgeCodeBase object at 0x7fa3f4c2df50>
2025-08-06 15:39:15,700 - Knowledge - INFO - Found code-base-name: https://github.com/DanAnt123/react-bank.git:master
2025-08-06 15:39:16,534 - Knowledge - INFO - persist ingested knowledge for /app/data/T0015/29462/b6613se/react-bank/web/src/components/Help/index.tsx
2025-08-06 15:39:16,665 - Knowledge - INFO - Found code_base: <app.utils.kg_build.knowledge.KnowledgeCodeBase object at 0x7fa3f4c2df50>
2025-08-06 15:39:16,791 - Knowledge - INFO - process ingested knowledge for /app/data/T0015/29462/b6613se/react-bank/web/src/components/Home/Features/style.scss
2025-08-06 15:39:16,869 - Knowledge - INFO - persist ingested knowledge for /app/data/T0015/29462/b6613se/react-bank/web/src/components/Profile/Header/index.tsx
2025-08-06 15:39:16,956 - Knowledge - INFO - persist ingested knowledge for /app/data/T0015/29462/b6613se/react-bank/web/src/components/Profile/Header/style.scss
2025-08-06 15:39:17,069 - Knowledge - INFO - process ingested knowledge for /app/data/T0015/29462/b6613se/react-bank/web/src/components/Infobox/CardDetails/index.tsx
2025-08-06 15:39:17,147 - Knowledge - INFO - process ingested knowledge for /app/data/T0015/29462/b6613se/react-bank/web/src/components/Infobox/CardDetails/style.scss
2025-08-06 15:39:17,259 - Knowledge - INFO - process ingested knowledge for /app/data/T0015/29462/b6613se/react-bank/web/src/components/Infobox/AccountInfobox/index.tsx
2025-08-06 15:39:17,309 - Knowledge - INFO - Found code-base-name: https://github.com/DanAnt123/react-bank.git:master
2025-08-06 15:39:17,310 - Knowledge - INFO - adding /app/data/T0015/29462/b6613se/react-bank/web/src/components/UI/Buttons/style.scss to ingest queue
2025-08-06 15:39:17,419 - Knowledge - INFO - persist ingested knowledge for /app/data/T0015/29462/b6613se/react-bank/web/src/components/Profile/Stats/index.tsx
2025-08-06 15:39:17,617 - Knowledge - INFO - persist ingested knowledge for /app/data/T0015/29462/b6613se/react-bank/web/src/components/Profile/Stats/style.scss
2025-08-06 15:39:17,730 - Knowledge - INFO - Found code_base: <app.utils.kg_build.knowledge.KnowledgeCodeBase object at 0x7fa3f4c2df50>
2025-08-06 15:39:17,906 - Knowledge - INFO - persist ingested knowledge for /app/data/T0015/29462/b6613se/react-bank/web/src/components/Home/Header/style.scss
2025-08-06 15:39:18,630 - Knowledge - INFO - Found code_base: <app.utils.kg_build.knowledge.KnowledgeCodeBase object at 0x7fa3f4c2df50>
2025-08-06 15:39:18,747 - Knowledge - INFO - adding /app/data/T0015/29462/b6613se/react-bank/web/src/components/App/index.tsx to ingest queue
2025-08-06 15:39:19,046 - Knowledge - INFO - persist ingested knowledge for /app/data/T0015/29462/b6613se/react-bank/web/src/components/Home/Header/index.tsx
2025-08-06 15:39:19,214 - Knowledge - INFO - persist ingested knowledge for /app/data/T0015/29462/b6613se/react-bank/web/src/components/Profile/Links/style.scss
2025-08-06 15:39:19,288 - Knowledge - INFO - Found code-base-name: https://github.com/DanAnt123/react-bank.git:master
2025-08-06 15:39:19,290 - Knowledge - INFO - adding /app/data/T0015/29462/b6613se/react-bank/web/src/components/App/app.scss to ingest queue
2025-08-06 15:39:19,563 - Knowledge - INFO - Found code_base: <app.utils.kg_build.knowledge.KnowledgeCodeBase object at 0x7fa3f4c2df50>
2025-08-06 15:39:19,648 - Knowledge - INFO - adding /app/data/T0015/29462/b6613se/react-bank/web/src/components/UI/Buttons/SingleModuleButton/style.scss to ingest queue
2025-08-06 15:39:19,746 - Knowledge - INFO - persist ingested knowledge for /app/data/T0015/29462/b6613se/react-bank/web/src/components/Home/NewFeatures/style.scss
2025-08-06 15:39:19,860 - Knowledge - INFO - adding /app/data/T0015/29462/b6613se/react-bank/web/src/components/UI/Buttons/SingleButton/index.tsx to ingest queue
2025-08-06 15:39:20,041 - Knowledge - INFO - Found code-base-name: https://github.com/DanAnt123/react-bank.git:master
2025-08-06 15:39:20,042 - Knowledge - INFO - adding /app/data/T0015/29462/b6613se/react-bank/web/src/components/UI/Buttons/SingleMultiButton/index.tsx to ingest queue
2025-08-06 15:39:20,114 - Knowledge - INFO - Found code_base: <app.utils.kg_build.knowledge.KnowledgeCodeBase object at 0x7fa3f4c2df50>
2025-08-06 15:39:20,205 - Knowledge - INFO - adding /app/data/T0015/29462/b6613se/react-bank/web/src/components/CurrencyStats/Header/style.scss to ingest queue
2025-08-06 15:39:20,286 - Knowledge - INFO - persist ingested knowledge for /app/data/T0015/29462/b6613se/react-bank/web/src/components/Home/NewFeatures/index.tsx
2025-08-06 15:39:20,368 - Knowledge - INFO - adding /app/data/T0015/29462/b6613se/react-bank/web/src/components/Profile/Links/index.tsx to ingest queue
2025-08-06 15:39:20,533 - Knowledge - INFO - Found code-base-name: https://github.com/DanAnt123/react-bank.git:master
2025-08-06 15:39:20,535 - Knowledge - INFO - worker kw2 pull /app/data/T0015/29462/b6613se/react-bank/web/src/components/Infobox/AccountInfobox/style.scss from ingest queue
2025-08-06 15:39:20,535 - Knowledge - INFO - Found code-base-name: https://github.com/DanAnt123/react-bank.git:master
2025-08-06 15:39:20,535 - Knowledge - INFO - Found code-base-name: https://github.com/DanAnt123/react-bank.git:master
2025-08-06 15:39:20,627 - Knowledge - INFO - Found code_base: <app.utils.kg_build.knowledge.KnowledgeCodeBase object at 0x7fa3f4c2df50>
2025-08-06 15:39:20,650 - Knowledge - INFO - Found code-base-name: https://github.com/DanAnt123/react-bank.git:master
2025-08-06 15:39:20,650 - Knowledge - INFO - Found code-base-name: https://github.com/DanAnt123/react-bank.git:master
2025-08-06 15:39:20,650 - Knowledge - INFO - Found code-base-name: https://github.com/DanAnt123/react-bank.git:master
2025-08-06 15:39:20,650 - Knowledge - INFO - worker kw8 pull /app/data/T0015/29462/b6613se/react-bank/web/src/components/Infobox/CardLogos/index.tsx from ingest queue
2025-08-06 15:39:20,731 - Knowledge - INFO - process ingested knowledge for /app/data/T0015/29462/b6613se/react-bank/web/src/components/Infobox/AccountInfobox/style.scss
2025-08-06 15:39:20,765 - Knowledge - INFO - worker kw5 pull /app/data/T0015/29462/b6613se/react-bank/web/src/components/Infobox/CardLogos/style.scss from ingest queue
2025-08-06 15:39:20,783 - Knowledge - INFO - Found code_base: <app.utils.kg_build.knowledge.KnowledgeCodeBase object at 0x7fa3f4c2df50>
2025-08-06 15:39:20,821 - Knowledge - INFO - worker kw15 pull /app/data/T0015/29462/b6613se/react-bank/web/src/components/Infobox/AccountName/index.tsx from ingest queue
2025-08-06 15:39:20,868 - Knowledge - INFO - worker kw24 pull /app/data/T0015/29462/b6613se/react-bank/web/src/components/Infobox/AccountName/style.scss from ingest queue
2025-08-06 15:39:20,869 - Knowledge - INFO - worker kw16 pull /app/data/T0015/29462/b6613se/react-bank/web/src/components/Infobox/AccountDetails/index.tsx from ingest queue
2025-08-06 15:39:20,871 - Knowledge - INFO - Found code_base: <app.utils.kg_build.knowledge.KnowledgeCodeBase object at 0x7fa3f4c2df50>
2025-08-06 15:39:20,927 - Knowledge - INFO - worker kw13 pull /app/data/T0015/29462/b6613se/react-bank/web/src/components/Infobox/AccountDetails/style.scss from ingest queue
2025-08-06 15:39:20,927 - Knowledge - INFO - adding /app/data/T0015/29462/b6613se/react-bank/web/src/components/Profile/Header/index.tsx to ingest queue
2025-08-06 15:39:20,983 - Knowledge - INFO - persist ingested knowledge for /app/data/T0015/29462/b6613se/react-bank/web/src/components/Help/Form.tsx
2025-08-06 15:39:21,072 - Knowledge - INFO - Found code_base: <app.utils.kg_build.knowledge.KnowledgeCodeBase object at 0x7fa3f4c2df50>
2025-08-06 15:39:21,158 - Knowledge - INFO - Found code_base: <app.utils.kg_build.knowledge.KnowledgeCodeBase object at 0x7fa3f4c2df50>
2025-08-06 15:39:21,231 - Knowledge - INFO - Found code_base: <app.utils.kg_build.knowledge.KnowledgeCodeBase object at 0x7fa3f4c2df50>
2025-08-06 15:39:21,383 - Knowledge - INFO - process ingested knowledge for /app/data/T0015/29462/b6613se/react-bank/web/src/components/Infobox/CardLogos/index.tsx
2025-08-06 15:39:21,533 - Knowledge - INFO - process ingested knowledge for /app/data/T0015/29462/b6613se/react-bank/web/src/components/Infobox/CardLogos/style.scss
2025-08-06 15:39:21,600 - Knowledge - INFO - persist ingested knowledge for /app/data/T0015/29462/b6613se/react-bank/web/src/components/Home/Features/index.tsx
2025-08-06 15:39:21,748 - Knowledge - INFO - process ingested knowledge for /app/data/T0015/29462/b6613se/react-bank/web/src/components/Infobox/AccountName/index.tsx
2025-08-06 15:39:21,859 - Knowledge - INFO - process ingested knowledge for /app/data/T0015/29462/b6613se/react-bank/web/src/components/Infobox/AccountName/style.scss
2025-08-06 15:39:21,925 - Knowledge - INFO - process ingested knowledge for /app/data/T0015/29462/b6613se/react-bank/web/src/components/Infobox/AccountDetails/index.tsx
2025-08-06 15:39:21,977 - Knowledge - INFO - persist ingested knowledge for /app/data/T0015/29462/b6613se/react-bank/web/src/components/Home/Features/style.scss
2025-08-06 15:39:22,082 - Knowledge - INFO - process ingested knowledge for /app/data/T0015/29462/b6613se/react-bank/web/src/components/Infobox/AccountDetails/style.scss
2025-08-06 15:39:22,226 - Knowledge - INFO - adding /app/data/T0015/29462/b6613se/react-bank/web/src/components/Profile/Stats/index.tsx to ingest queue
2025-08-06 15:39:22,372 - Knowledge - INFO - persist ingested knowledge for /app/data/T0015/29462/b6613se/react-bank/web/src/components/Infobox/CardDetails/index.tsx
2025-08-06 15:39:22,479 - Knowledge - INFO - persist ingested knowledge for /app/data/T0015/29462/b6613se/react-bank/web/src/components/Infobox/CardDetails/style.scss
2025-08-06 15:39:22,565 - Knowledge - INFO - persist ingested knowledge for /app/data/T0015/29462/b6613se/react-bank/web/src/components/Infobox/AccountInfobox/index.tsx
2025-08-06 15:39:23,507 - Knowledge - INFO - adding /app/data/T0015/29462/b6613se/react-bank/web/src/components/Home/Header/style.scss to ingest queue
2025-08-06 15:39:23,859 - Knowledge - INFO - worker kw3 pull /app/data/T0015/29462/b6613se/react-bank/web/src/components/Infobox/AccountSummary/index.tsx from ingest queue
2025-08-06 15:39:23,859 - Knowledge - INFO - adding /app/data/T0015/29462/b6613se/react-bank/web/src/components/Home/Header/index.tsx to ingest queue
2025-08-06 15:39:24,003 - Knowledge - INFO - process ingested knowledge for /app/data/T0015/29462/b6613se/react-bank/web/src/components/Infobox/AccountSummary/index.tsx
2025-08-06 15:39:24,070 - Knowledge - INFO - adding /app/data/T0015/29462/b6613se/react-bank/web/src/components/Home/NewFeatures/style.scss to ingest queue
2025-08-06 15:39:24,299 - Knowledge - INFO - adding /app/data/T0015/29462/b6613se/react-bank/web/src/components/Profile/Header/style.scss to ingest queue
2025-08-06 15:39:24,414 - Knowledge - INFO - adding /app/data/T0015/29462/b6613se/react-bank/web/src/components/Home/NewFeatures/index.tsx to ingest queue
2025-08-06 15:39:24,512 - Knowledge - INFO - Found code-base-name: https://github.com/DanAnt123/react-bank.git:master
2025-08-06 15:39:24,513 - Knowledge - INFO - worker kw11 pull /app/data/T0015/29462/b6613se/react-bank/web/src/components/Infobox/AccountSummary/style.scss from ingest queue
2025-08-06 15:39:24,570 - Knowledge - INFO - adding /app/data/T0015/29462/b6613se/react-bank/web/src/components/Help/Form.tsx to ingest queue
2025-08-06 15:39:24,621 - Knowledge - INFO - Found code_base: <app.utils.kg_build.knowledge.KnowledgeCodeBase object at 0x7fa3f4c2df50>
2025-08-06 15:39:24,738 - Knowledge - INFO - process ingested knowledge for /app/data/T0015/29462/b6613se/react-bank/web/src/components/Infobox/AccountSummary/style.scss
2025-08-06 15:39:24,827 - Knowledge - INFO - Found code-base-name: https://github.com/DanAnt123/react-bank.git:master
2025-08-06 15:39:24,886 - Knowledge - INFO - Found code-base-name: https://github.com/DanAnt123/react-bank.git:master
2025-08-06 15:39:24,886 - Knowledge - INFO - Found code-base-name: https://github.com/DanAnt123/react-bank.git:master
2025-08-06 15:39:24,886 - Knowledge - INFO - Found code-base-name: https://github.com/DanAnt123/react-bank.git:master
2025-08-06 15:39:24,905 - Knowledge - INFO - persist ingested knowledge for /app/data/T0015/29462/b6613se/react-bank/web/src/components/Infobox/AccountInfobox/style.scss
2025-08-06 15:39:24,942 - Knowledge - INFO - Found code-base-name: https://github.com/DanAnt123/react-bank.git:master
2025-08-06 15:39:24,943 - Knowledge - INFO - worker kw25 pull /app/data/T0015/29462/b6613se/react-bank/web/src/components/Infobox/style.scss from ingest queue
2025-08-06 15:39:25,081 - Knowledge - INFO - Found code_base: <app.utils.kg_build.knowledge.KnowledgeCodeBase object at 0x7fa3f4c2df50>
2025-08-06 15:39:25,119 - Knowledge - INFO - worker kw9 pull /app/data/T0015/29462/b6613se/react-bank/web/src/components/Infobox/CardInfobox/index.tsx from ingest queue
2025-08-06 15:39:25,119 - Knowledge - INFO - worker kw4 pull /app/data/T0015/29462/b6613se/react-bank/web/src/components/Infobox/CardInfobox/style.scss from ingest queue
2025-08-06 15:39:25,119 - Knowledge - INFO - worker kw19 pull /app/data/T0015/29462/b6613se/react-bank/web/src/components/Cards/LimitsChange/Form.tsx from ingest queue
2025-08-06 15:39:25,119 - Knowledge - INFO - adding /app/data/T0015/29462/b6613se/react-bank/web/src/components/Help/index.tsx to ingest queue
2025-08-06 15:39:25,156 - Knowledge - INFO - Found code_base: <app.utils.kg_build.knowledge.KnowledgeCodeBase object at 0x7fa3f4c2df50>
2025-08-06 15:39:25,275 - Knowledge - INFO - Found code_base: <app.utils.kg_build.knowledge.KnowledgeCodeBase object at 0x7fa3f4c2df50>
2025-08-06 15:39:25,364 - Knowledge - INFO - Found code_base: <app.utils.kg_build.knowledge.KnowledgeCodeBase object at 0x7fa3f4c2df50>
2025-08-06 15:39:25,550 - Knowledge - INFO - Found code_base: <app.utils.kg_build.knowledge.KnowledgeCodeBase object at 0x7fa3f4c2df50>
2025-08-06 15:39:25,663 - Knowledge - INFO - process ingested knowledge for /app/data/T0015/29462/b6613se/react-bank/web/src/components/Infobox/style.scss
2025-08-06 15:39:25,714 - Knowledge - INFO - persist ingested knowledge for /app/data/T0015/29462/b6613se/react-bank/web/src/components/Infobox/CardLogos/style.scss
2025-08-06 15:39:25,851 - Knowledge - INFO - process ingested knowledge for /app/data/T0015/29462/b6613se/react-bank/web/src/components/Infobox/CardInfobox/index.tsx
2025-08-06 15:39:25,964 - Knowledge - INFO - process ingested knowledge for /app/data/T0015/29462/b6613se/react-bank/web/src/components/Infobox/CardInfobox/style.scss
2025-08-06 15:39:26,060 - Knowledge - INFO - process ingested knowledge for /app/data/T0015/29462/b6613se/react-bank/web/src/components/Cards/LimitsChange/Form.tsx
2025-08-06 15:39:26,085 - Knowledge - INFO - worker kw18 pull /app/data/T0015/29462/b6613se/react-bank/web/src/components/Cards/LimitsChange/index.tsx from ingest queue
2025-08-06 15:39:26,085 - Knowledge - INFO - adding /app/data/T0015/29462/b6613se/react-bank/web/src/components/Profile/Stats/style.scss to ingest queue
2025-08-06 15:39:26,186 - Knowledge - INFO - persist ingested knowledge for /app/data/T0015/29462/b6613se/react-bank/web/src/components/Infobox/AccountName/index.tsx
2025-08-06 15:39:26,280 - Knowledge - INFO - persist ingested knowledge for /app/data/T0015/29462/b6613se/react-bank/web/src/components/Infobox/AccountName/style.scss
2025-08-06 15:39:26,364 - Knowledge - INFO - persist ingested knowledge for /app/data/T0015/29462/b6613se/react-bank/web/src/components/Infobox/AccountDetails/index.tsx
2025-08-06 15:39:26,431 - Knowledge - INFO - persist ingested knowledge for /app/data/T0015/29462/b6613se/react-bank/web/src/components/Infobox/AccountDetails/style.scss
2025-08-06 15:39:27,018 - Knowledge - INFO - process ingested knowledge for /app/data/T0015/29462/b6613se/react-bank/web/src/components/Cards/LimitsChange/index.tsx
2025-08-06 15:39:27,057 - Knowledge - INFO - worker kw10 pull /app/data/T0015/29462/b6613se/react-bank/web/src/components/Cards/List/index.tsx from ingest queue
2025-08-06 15:39:27,058 - Knowledge - INFO - adding /app/data/T0015/29462/b6613se/react-bank/web/src/components/Home/Features/index.tsx to ingest queue
2025-08-06 15:39:27,745 - Knowledge - INFO - process ingested knowledge for /app/data/T0015/29462/b6613se/react-bank/web/src/components/Cards/List/index.tsx
2025-08-06 15:39:27,818 - Knowledge - INFO - adding /app/data/T0015/29462/b6613se/react-bank/web/src/components/Profile/Links/style.scss to ingest queue
2025-08-06 15:39:28,004 - Knowledge - INFO - Found code-base-name: https://github.com/DanAnt123/react-bank.git:master
2025-08-06 15:39:28,005 - Knowledge - INFO - adding /app/data/T0015/29462/b6613se/react-bank/web/src/components/Infobox/CardDetails/index.tsx to ingest queue
2025-08-06 15:39:28,090 - Knowledge - INFO - Found code_base: <app.utils.kg_build.knowledge.KnowledgeCodeBase object at 0x7fa3f4c2df50>
2025-08-06 15:39:28,197 - Knowledge - INFO - adding /app/data/T0015/29462/b6613se/react-bank/web/src/components/Infobox/CardDetails/style.scss to ingest queue
2025-08-06 15:39:28,269 - Knowledge - INFO - persist ingested knowledge for /app/data/T0015/29462/b6613se/react-bank/web/src/components/Infobox/AccountSummary/style.scss
2025-08-06 15:39:28,340 - Knowledge - INFO - adding /app/data/T0015/29462/b6613se/react-bank/web/src/components/Infobox/AccountInfobox/index.tsx to ingest queue
2025-08-06 15:39:28,530 - Knowledge - INFO - worker kw20 pull /app/data/T0015/29462/b6613se/react-bank/web/src/components/Cards/Single/index.tsx from ingest queue
2025-08-06 15:39:28,530 - Knowledge - INFO - Found code-base-name: https://github.com/DanAnt123/react-bank.git:master
2025-08-06 15:39:28,589 - Knowledge - INFO - Found code-base-name: https://github.com/DanAnt123/react-bank.git:master
2025-08-06 15:39:28,589 - Knowledge - INFO - worker kw1 pull /app/data/T0015/29462/b6613se/react-bank/web/src/components/Cards/ListElement/index.tsx from ingest queue
2025-08-06 15:39:28,589 - Knowledge - INFO - Found code-base-name: https://github.com/DanAnt123/react-bank.git:master
2025-08-06 15:39:28,589 - Knowledge - INFO - Found code-base-name: https://github.com/DanAnt123/react-bank.git:master
2025-08-06 15:39:28,589 - Knowledge - INFO - Found code-base-name: https://github.com/DanAnt123/react-bank.git:master
2025-08-06 15:39:28,589 - Knowledge - INFO - Found code-base-name: https://github.com/DanAnt123/react-bank.git:master
2025-08-06 15:39:28,590 - Knowledge - INFO - worker kw7 pull /app/data/T0015/29462/b6613se/react-bank/web/src/components/Cards/PINChange/Form.tsx from ingest queue
2025-08-06 15:39:28,590 - Knowledge - INFO - adding /app/data/T0015/29462/b6613se/react-bank/web/src/components/Home/Features/style.scss to ingest queue
2025-08-06 15:39:28,648 - Knowledge - INFO - process ingested knowledge for /app/data/T0015/29462/b6613se/react-bank/web/src/components/Cards/Single/index.tsx
2025-08-06 15:39:28,703 - Knowledge - INFO - Found code_base: <app.utils.kg_build.knowledge.KnowledgeCodeBase object at 0x7fa3f4c2df50>
2025-08-06 15:39:28,815 - Knowledge - INFO - Found code_base: <app.utils.kg_build.knowledge.KnowledgeCodeBase object at 0x7fa3f4c2df50>
2025-08-06 15:39:28,933 - Knowledge - INFO - process ingested knowledge for /app/data/T0015/29462/b6613se/react-bank/web/src/components/Cards/ListElement/index.tsx
2025-08-06 15:39:28,971 - Knowledge - INFO - Found code_base: <app.utils.kg_build.knowledge.KnowledgeCodeBase object at 0x7fa3f4c2df50>
2025-08-06 15:39:29,073 - Knowledge - INFO - Found code_base: <app.utils.kg_build.knowledge.KnowledgeCodeBase object at 0x7fa3f4c2df50>
2025-08-06 15:39:29,183 - Knowledge - INFO - Found code_base: <app.utils.kg_build.knowledge.KnowledgeCodeBase object at 0x7fa3f4c2df50>
2025-08-06 15:39:29,293 - Knowledge - INFO - Found code_base: <app.utils.kg_build.knowledge.KnowledgeCodeBase object at 0x7fa3f4c2df50>
2025-08-06 15:39:29,402 - Knowledge - INFO - process ingested knowledge for /app/data/T0015/29462/b6613se/react-bank/web/src/components/Cards/PINChange/Form.tsx
2025-08-06 15:39:29,608 - Knowledge - INFO - persist ingested knowledge for /app/data/T0015/29462/b6613se/react-bank/web/src/components/Infobox/AccountSummary/index.tsx
2025-08-06 15:39:29,609 - Knowledge - INFO - Found code-base-name: https://github.com/DanAnt123/react-bank.git:master
2025-08-06 15:39:29,609 - Knowledge - INFO - worker kw14 pull /app/data/T0015/29462/b6613se/react-bank/web/src/components/Cards/PINChange/index.tsx from ingest queue
2025-08-06 15:39:29,609 - Knowledge - INFO - Found code-base-name: https://github.com/DanAnt123/react-bank.git:master
2025-08-06 15:39:29,610 - Knowledge - INFO - worker kw22 pull /app/data/T0015/29462/b6613se/react-bank/web/src/components/Widgets/IncomeStats/index.tsx from ingest queue
2025-08-06 15:39:29,610 - Knowledge - INFO - worker kw12 pull /app/data/T0015/29462/b6613se/react-bank/web/src/components/Widgets/IconedList/index.tsx from ingest queue
2025-08-06 15:39:29,610 - Knowledge - INFO - worker kw17 pull /app/data/T0015/29462/b6613se/react-bank/web/src/components/Widgets/IconedList/style.scss from ingest queue
2025-08-06 15:39:29,708 - Knowledge - INFO - persist ingested knowledge for /app/data/T0015/29462/b6613se/react-bank/web/src/components/Infobox/CardLogos/index.tsx
2025-08-06 15:39:29,710 - Knowledge - INFO - worker kw23 pull /app/data/T0015/29462/b6613se/react-bank/web/src/components/Widgets/IconedList/ListItem/index.tsx from ingest queue
2025-08-06 15:39:29,710 - Knowledge - INFO - adding /app/data/T0015/29462/b6613se/react-bank/web/src/components/Infobox/AccountName/style.scss to ingest queue
2025-08-06 15:39:29,865 - Knowledge - INFO - persist ingested knowledge for /app/data/T0015/29462/b6613se/react-bank/web/src/components/Infobox/style.scss
2025-08-06 15:39:29,984 - Knowledge - INFO - persist ingested knowledge for /app/data/T0015/29462/b6613se/react-bank/web/src/components/Infobox/CardInfobox/index.tsx
2025-08-06 15:39:30,084 - Knowledge - INFO - persist ingested knowledge for /app/data/T0015/29462/b6613se/react-bank/web/src/components/Infobox/CardInfobox/style.scss
2025-08-06 15:39:30,180 - Knowledge - INFO - persist ingested knowledge for /app/data/T0015/29462/b6613se/react-bank/web/src/components/Cards/LimitsChange/Form.tsx
2025-08-06 15:39:30,406 - Knowledge - INFO - Found code_base: <app.utils.kg_build.knowledge.KnowledgeCodeBase object at 0x7fa3f4c2df50>
2025-08-06 15:39:30,561 - Knowledge - INFO - process ingested knowledge for /app/data/T0015/29462/b6613se/react-bank/web/src/components/Cards/PINChange/index.tsx
2025-08-06 15:39:30,619 - Knowledge - INFO - Found code_base: <app.utils.kg_build.knowledge.KnowledgeCodeBase object at 0x7fa3f4c2df50>
2025-08-06 15:39:30,770 - Knowledge - INFO - process ingested knowledge for /app/data/T0015/29462/b6613se/react-bank/web/src/components/Widgets/IncomeStats/index.tsx
2025-08-06 15:39:30,842 - Knowledge - INFO - process ingested knowledge for /app/data/T0015/29462/b6613se/react-bank/web/src/components/Widgets/IconedList/index.tsx
2025-08-06 15:39:30,921 - Knowledge - INFO - process ingested knowledge for /app/data/T0015/29462/b6613se/react-bank/web/src/components/Widgets/IconedList/style.scss
2025-08-06 15:39:31,129 - Knowledge - INFO - process ingested knowledge for /app/data/T0015/29462/b6613se/react-bank/web/src/components/Widgets/IconedList/ListItem/index.tsx
2025-08-06 15:39:31,177 - Knowledge - INFO - adding /app/data/T0015/29462/b6613se/react-bank/web/src/components/Infobox/AccountDetails/index.tsx to ingest queue
2025-08-06 15:39:31,564 - Knowledge - INFO - persist ingested knowledge for /app/data/T0015/29462/b6613se/react-bank/web/src/components/Cards/LimitsChange/index.tsx
2025-08-06 15:39:31,790 - Knowledge - INFO - persist ingested knowledge for /app/data/T0015/29462/b6613se/react-bank/web/src/components/Cards/List/index.tsx
2025-08-06 15:39:32,248 - Knowledge - INFO - adding /app/data/T0015/29462/b6613se/react-bank/web/src/components/Infobox/AccountDetails/style.scss to ingest queue
2025-08-06 15:39:32,573 - Knowledge - INFO - worker kw21 pull /app/data/T0015/29462/b6613se/react-bank/web/src/components/Widgets/IconedList/ListContainer/index.tsx from ingest queue
2025-08-06 15:39:32,628 - Knowledge - INFO - adding /app/data/T0015/29462/b6613se/react-bank/web/src/components/Infobox/AccountInfobox/style.scss to ingest queue
2025-08-06 15:39:32,708 - Knowledge - INFO - process ingested knowledge for /app/data/T0015/29462/b6613se/react-bank/web/src/components/Widgets/IconedList/ListContainer/index.tsx
2025-08-06 15:39:32,775 - Knowledge - INFO - adding /app/data/T0015/29462/b6613se/react-bank/web/src/components/Infobox/CardLogos/style.scss to ingest queue
2025-08-06 15:39:32,938 - Knowledge - INFO - Found code-base-name: https://github.com/DanAnt123/react-bank.git:master
2025-08-06 15:39:32,940 - Knowledge - INFO - adding /app/data/T0015/29462/b6613se/react-bank/web/src/components/Infobox/AccountName/index.tsx to ingest queue
2025-08-06 15:39:33,083 - Knowledge - INFO - Found code-base-name: https://github.com/DanAnt123/react-bank.git:master
2025-08-06 15:39:33,084 - Knowledge - INFO - Found code-base-name: https://github.com/DanAnt123/react-bank.git:master
2025-08-06 15:39:33,265 - Knowledge - INFO - Found code_base: <app.utils.kg_build.knowledge.KnowledgeCodeBase object at 0x7fa3f4c2df50>
2025-08-06 15:39:33,147 - Knowledge - INFO - Found code_base: <app.utils.kg_build.knowledge.KnowledgeCodeBase object at 0x7fa3f4c2df50>
2025-08-06 15:39:33,198 - Knowledge - INFO - worker kw24 pull /app/data/T0015/29462/b6613se/react-bank/web/src/components/Widgets/Charts/IncomeChart/index.tsx from ingest queue
2025-08-06 15:39:33,012 - Knowledge - INFO - Found code_base: <app.utils.kg_build.knowledge.KnowledgeCodeBase object at 0x7fa3f4c2df50>
2025-08-06 15:39:33,346 - Knowledge - INFO - persist ingested knowledge for /app/data/T0015/29462/b6613se/react-bank/web/src/components/Cards/PINChange/Form.tsx
2025-08-06 15:39:33,384 - Knowledge - INFO - Found code-base-name: https://github.com/DanAnt123/react-bank.git:master
2025-08-06 15:39:33,384 - Knowledge - INFO - Found code-base-name: https://github.com/DanAnt123/react-bank.git:master
2025-08-06 15:39:33,384 - Knowledge - INFO - Found code-base-name: https://github.com/DanAnt123/react-bank.git:master
2025-08-06 15:39:33,384 - Knowledge - INFO - Found code-base-name: https://github.com/DanAnt123/react-bank.git:master
2025-08-06 15:39:33,384 - Knowledge - INFO - Found code-base-name: https://github.com/DanAnt123/react-bank.git:master
2025-08-06 15:39:33,384 - Knowledge - INFO - worker kw16 pull /app/data/T0015/29462/b6613se/react-bank/web/src/components/Widgets/Charts/IncomeChart/style.scss from ingest queue
2025-08-06 15:39:33,429 - Knowledge - INFO - persist ingested knowledge for /app/data/T0015/29462/b6613se/react-bank/web/src/components/Cards/ListElement/index.tsx
2025-08-06 15:39:33,432 - Knowledge - INFO - worker kw6 pull /app/data/T0015/29462/b6613se/react-bank/web/src/components/Widgets/SingleMessage/index.tsx from ingest queue
2025-08-06 15:39:33,433 - Knowledge - INFO - adding /app/data/T0015/29462/b6613se/react-bank/web/src/components/Infobox/AccountSummary/style.scss to ingest queue
2025-08-06 15:39:33,571 - Knowledge - INFO - process ingested knowledge for /app/data/T0015/29462/b6613se/react-bank/web/src/components/Widgets/Charts/IncomeChart/index.tsx
2025-08-06 15:39:33,617 - Knowledge - INFO - persist ingested knowledge for /app/data/T0015/29462/b6613se/react-bank/web/src/components/Cards/Single/index.tsx
2025-08-06 15:39:33,799 - Knowledge - INFO - Found code_base: <app.utils.kg_build.knowledge.KnowledgeCodeBase object at 0x7fa3f4c2df50>
2025-08-06 15:39:34,850 - Knowledge - INFO - persist ingested knowledge for /app/data/T0015/29462/b6613se/react-bank/web/src/components/Cards/PINChange/index.tsx
2025-08-06 15:39:33,981 - Knowledge - INFO - Found code_base: <app.utils.kg_build.knowledge.KnowledgeCodeBase object at 0x7fa3f4c2df50>
2025-08-06 15:39:34,094 - Knowledge - INFO - Found code_base: <app.utils.kg_build.knowledge.KnowledgeCodeBase object at 0x7fa3f4c2df50>
2025-08-06 15:39:34,188 - Knowledge - INFO - Found code_base: <app.utils.kg_build.knowledge.KnowledgeCodeBase object at 0x7fa3f4c2df50>
2025-08-06 15:39:34,318 - Knowledge - INFO - process ingested knowledge for /app/data/T0015/29462/b6613se/react-bank/web/src/components/Widgets/Charts/IncomeChart/style.scss
2025-08-06 15:39:34,507 - Knowledge - INFO - process ingested knowledge for /app/data/T0015/29462/b6613se/react-bank/web/src/components/Widgets/SingleMessage/index.tsx
2025-08-06 15:39:34,575 - Knowledge - INFO - worker kw2 pull /app/data/T0015/29462/b6613se/react-bank/web/src/components/Widgets/SingleMessage/style.scss from ingest queue
2025-08-06 15:39:34,576 - Knowledge - INFO - Found code-base-name: https://github.com/DanAnt123/react-bank.git:master
2025-08-06 15:39:34,576 - Knowledge - INFO - worker kw15 pull /app/data/T0015/29462/b6613se/react-bank/web/src/containers/Panel/Intro/index.tsx from ingest queue
2025-08-06 15:39:34,576 - Knowledge - INFO - adding /app/data/T0015/29462/b6613se/react-bank/web/src/components/Infobox/AccountSummary/index.tsx to ingest queue
2025-08-06 15:39:33,893 - Knowledge - INFO - Found code_base: <app.utils.kg_build.knowledge.KnowledgeCodeBase object at 0x7fa3f4c2df50>
2025-08-06 15:39:35,034 - Knowledge - INFO - persist ingested knowledge for /app/data/T0015/29462/b6613se/react-bank/web/src/components/Widgets/IconedList/index.tsx
2025-08-06 15:39:35,124 - Knowledge - INFO - persist ingested knowledge for /app/data/T0015/29462/b6613se/react-bank/web/src/components/Widgets/IconedList/style.scss
2025-08-06 15:39:35,204 - Knowledge - INFO - persist ingested knowledge for /app/data/T0015/29462/b6613se/react-bank/web/src/components/Widgets/IconedList/ListItem/index.tsx
2025-08-06 15:39:35,483 - Knowledge - INFO - process ingested knowledge for /app/data/T0015/29462/b6613se/react-bank/web/src/components/Widgets/SingleMessage/style.scss
2025-08-06 15:39:35,531 - Knowledge - INFO - Found code_base: <app.utils.kg_build.knowledge.KnowledgeCodeBase object at 0x7fa3f4c2df50>
2025-08-06 15:39:35,666 - Knowledge - INFO - process ingested knowledge for /app/data/T0015/29462/b6613se/react-bank/web/src/containers/Panel/Intro/index.tsx
2025-08-06 15:39:35,741 - Knowledge - INFO - adding /app/data/T0015/29462/b6613se/react-bank/web/src/components/Infobox/CardLogos/index.tsx to ingest queue
2025-08-06 15:39:35,831 - Knowledge - INFO - persist ingested knowledge for /app/data/T0015/29462/b6613se/react-bank/web/src/components/Widgets/IncomeStats/index.tsx
2025-08-06 15:39:36,280 - Knowledge - INFO - persist ingested knowledge for /app/data/T0015/29462/b6613se/react-bank/web/src/components/Widgets/IconedList/ListContainer/index.tsx
2025-08-06 15:39:36,445 - Knowledge - INFO - adding /app/data/T0015/29462/b6613se/react-bank/web/src/components/Infobox/CardInfobox/index.tsx to ingest queue
2025-08-06 15:39:36,720 - Knowledge - INFO - adding /app/data/T0015/29462/b6613se/react-bank/web/src/components/Infobox/CardInfobox/style.scss to ingest queue
2025-08-06 15:39:36,810 - Knowledge - INFO - adding /app/data/T0015/29462/b6613se/react-bank/web/src/components/Cards/LimitsChange/Form.tsx to ingest queue
2025-08-06 15:39:36,979 - Knowledge - INFO - adding /app/data/T0015/29462/b6613se/react-bank/web/src/components/Cards/LimitsChange/index.tsx to ingest queue
2025-08-06 15:39:37,058 - Knowledge - INFO - adding /app/data/T0015/29462/b6613se/react-bank/web/src/components/Cards/List/index.tsx to ingest queue
2025-08-06 15:39:37,285 - Knowledge - INFO - adding /app/data/T0015/29462/b6613se/react-bank/web/src/components/Cards/ListElement/index.tsx to ingest queue
2025-08-06 15:39:37,454 - Knowledge - INFO - Found code-base-name: https://github.com/DanAnt123/react-bank.git:master
2025-08-06 15:39:37,547 - Knowledge - INFO - Found code_base: <app.utils.kg_build.knowledge.KnowledgeCodeBase object at 0x7fa3f4c2df50>
2025-08-06 15:39:37,579 - Knowledge - INFO - Found code-base-name: https://github.com/DanAnt123/react-bank.git:master
2025-08-06 15:39:37,580 - Knowledge - INFO - Found code-base-name: https://github.com/DanAnt123/react-bank.git:master
2025-08-06 15:39:37,580 - Knowledge - INFO - worker kw3 pull /app/data/T0015/29462/b6613se/react-bank/web/src/containers/Panel/index.tsx from ingest queue
2025-08-06 15:39:37,643 - Knowledge - INFO - persist ingested knowledge for /app/data/T0015/29462/b6613se/react-bank/web/src/components/Widgets/Charts/IncomeChart/index.tsx
2025-08-06 15:39:37,690 - Knowledge - INFO - Found code-base-name: https://github.com/DanAnt123/react-bank.git:master
2025-08-06 15:39:37,690 - Knowledge - INFO - Found code-base-name: https://github.com/DanAnt123/react-bank.git:master
2025-08-06 15:39:37,690 - Knowledge - INFO - worker kw8 pull /app/data/T0015/29462/b6613se/react-bank/web/src/containers/Navigation/index.tsx from ingest queue
2025-08-06 15:39:37,733 - Knowledge - INFO - Found code_base: <app.utils.kg_build.knowledge.KnowledgeCodeBase object at 0x7fa3f4c2df50>
2025-08-06 15:39:37,738 - Knowledge - INFO - worker kw9 pull /app/data/T0015/29462/b6613se/react-bank/web/src/containers/Accounts/index.tsx from ingest queue
2025-08-06 15:39:37,738 - Knowledge - INFO - worker kw4 pull /app/data/T0015/29462/b6613se/react-bank/web/src/containers/Messages/index.tsx from ingest queue
2025-08-06 15:39:37,738 - Knowledge - INFO - worker kw18 pull /app/data/T0015/29462/b6613se/react-bank/web/src/containers/Transfers/index.tsx from ingest queue
2025-08-06 15:39:37,738 - Knowledge - INFO - worker kw10 pull /app/data/T0015/29462/b6613se/react-bank/web/src/containers/Auth/Login/index.tsx from ingest queue
2025-08-06 15:39:37,739 - Knowledge - INFO - worker kw11 pull /app/data/T0015/29462/b6613se/react-bank/web/src/containers/Auth/Register/index.tsx from ingest queue
2025-08-06 15:39:37,739 - Knowledge - INFO - adding /app/data/T0015/29462/b6613se/react-bank/web/src/components/Infobox/style.scss to ingest queue
2025-08-06 15:39:37,830 - Knowledge - INFO - Found code_base: <app.utils.kg_build.knowledge.KnowledgeCodeBase object at 0x7fa3f4c2df50>
2025-08-06 15:39:37,960 - Knowledge - INFO - process ingested knowledge for /app/data/T0015/29462/b6613se/react-bank/web/src/containers/Panel/index.tsx
2025-08-06 15:39:38,088 - Knowledge - INFO - Found code_base: <app.utils.kg_build.knowledge.KnowledgeCodeBase object at 0x7fa3f4c2df50>
2025-08-06 15:39:38,154 - Knowledge - INFO - Found code_base: <app.utils.kg_build.knowledge.KnowledgeCodeBase object at 0x7fa3f4c2df50>
2025-08-06 15:39:38,281 - Knowledge - INFO - process ingested knowledge for /app/data/T0015/29462/b6613se/react-bank/web/src/containers/Navigation/index.tsx
2025-08-06 15:39:38,344 - Knowledge - INFO - persist ingested knowledge for /app/data/T0015/29462/b6613se/react-bank/web/src/components/Widgets/Charts/IncomeChart/style.scss
2025-08-06 15:39:38,488 - Knowledge - INFO - process ingested knowledge for /app/data/T0015/29462/b6613se/react-bank/web/src/containers/Accounts/index.tsx
2025-08-06 15:39:38,561 - Knowledge - INFO - process ingested knowledge for /app/data/T0015/29462/b6613se/react-bank/web/src/containers/Messages/index.tsx
2025-08-06 15:39:38,647 - Knowledge - INFO - process ingested knowledge for /app/data/T0015/29462/b6613se/react-bank/web/src/containers/Transfers/index.tsx
2025-08-06 15:39:38,728 - Knowledge - INFO - process ingested knowledge for /app/data/T0015/29462/b6613se/react-bank/web/src/containers/Auth/Login/index.tsx
2025-08-06 15:39:38,840 - Knowledge - INFO - process ingested knowledge for /app/data/T0015/29462/b6613se/react-bank/web/src/containers/Auth/Register/index.tsx
2025-08-06 15:39:38,873 - Knowledge - INFO - adding /app/data/T0015/29462/b6613se/react-bank/web/src/components/Cards/Single/index.tsx to ingest queue
2025-08-06 15:39:38,978 - Knowledge - INFO - persist ingested knowledge for /app/data/T0015/29462/b6613se/react-bank/web/src/components/Widgets/SingleMessage/index.tsx
2025-08-06 15:39:39,163 - Knowledge - INFO - persist ingested knowledge for /app/data/T0015/29462/b6613se/react-bank/web/src/components/Widgets/SingleMessage/style.scss
2025-08-06 15:39:39,255 - Knowledge - INFO - persist ingested knowledge for /app/data/T0015/29462/b6613se/react-bank/web/src/containers/Panel/Intro/index.tsx
2025-08-06 15:39:39,985 - Knowledge - INFO - adding /app/data/T0015/29462/b6613se/react-bank/web/src/components/Cards/PINChange/index.tsx to ingest queue
2025-08-06 15:39:40,381 - Knowledge - INFO - adding /app/data/T0015/29462/b6613se/react-bank/web/src/components/Widgets/IconedList/index.tsx to ingest queue
2025-08-06 15:39:40,482 - Knowledge - INFO - adding /app/data/T0015/29462/b6613se/react-bank/web/src/components/Widgets/IconedList/ListItem/index.tsx to ingest queue
2025-08-06 15:39:40,663 - Knowledge - INFO - worker kw19 pull /app/data/T0015/29462/b6613se/react-bank/web/src/containers/CurrencyStats/api-request.ts from ingest queue
2025-08-06 15:39:40,663 - Knowledge - INFO - worker kw13 pull /app/data/T0015/29462/b6613se/react-bank/web/src/containers/CurrencyStats/index.tsx from ingest queue
2025-08-06 15:39:40,664 - Knowledge - INFO - adding /app/data/T0015/29462/b6613se/react-bank/web/src/components/Cards/PINChange/Form.tsx to ingest queue
2025-08-06 15:39:40,806 - Knowledge - INFO - process ingested knowledge for /app/data/T0015/29462/b6613se/react-bank/web/src/containers/CurrencyStats/api-request.ts
2025-08-06 15:39:40,925 - Knowledge - INFO - process ingested knowledge for /app/data/T0015/29462/b6613se/react-bank/web/src/containers/CurrencyStats/index.tsx
2025-08-06 15:39:41,000 - Knowledge - INFO - worker kw1 pull /app/data/T0015/29462/b6613se/react-bank/web/src/containers/CurrencyStats/style.scss from ingest queue
2025-08-06 15:39:41,001 - Knowledge - INFO - worker kw25 pull /app/data/T0015/29462/b6613se/react-bank/web/src/containers/Layout/index.tsx from ingest queue
2025-08-06 15:39:41,001 - Knowledge - INFO - Found code-base-name: https://github.com/DanAnt123/react-bank.git:master
2025-08-06 15:39:41,057 - Knowledge - INFO - Found code-base-name: https://github.com/DanAnt123/react-bank.git:master
2025-08-06 15:39:41,057 - Knowledge - INFO - Found code-base-name: https://github.com/DanAnt123/react-bank.git:master
2025-08-06 15:39:41,057 - Knowledge - INFO - Found code-base-name: https://github.com/DanAnt123/react-bank.git:master
2025-08-06 15:39:41,057 - Knowledge - INFO - Found code-base-name: https://github.com/DanAnt123/react-bank.git:master
2025-08-06 15:39:41,057 - Knowledge - INFO - Found code-base-name: https://github.com/DanAnt123/react-bank.git:master
2025-08-06 15:39:41,057 - Knowledge - INFO - worker kw20 pull /app/data/T0015/29462/b6613se/react-bank/web/src/containers/Profile/ChangeDetails/Form.tsx from ingest queue
2025-08-06 15:39:41,156 - Knowledge - INFO - worker kw14 pull /app/data/T0015/29462/b6613se/react-bank/web/src/containers/Profile/ChangeDetails/index.tsx from ingest queue
2025-08-06 15:39:41,157 - Knowledge - INFO - adding /app/data/T0015/29462/b6613se/react-bank/web/src/components/Widgets/IconedList/style.scss to ingest queue
2025-08-06 15:39:41,319 - Knowledge - INFO - process ingested knowledge for /app/data/T0015/29462/b6613se/react-bank/web/src/containers/CurrencyStats/style.scss
2025-08-06 15:39:41,419 - Knowledge - INFO - process ingested knowledge for /app/data/T0015/29462/b6613se/react-bank/web/src/containers/Layout/index.tsx
2025-08-06 15:39:41,470 - Knowledge - INFO - Found code_base: <app.utils.kg_build.knowledge.KnowledgeCodeBase object at 0x7fa3f4c2df50>
2025-08-06 15:39:41,540 - Knowledge - INFO - Found code_base: <app.utils.kg_build.knowledge.KnowledgeCodeBase object at 0x7fa3f4c2df50>
2025-08-06 15:39:41,640 - Knowledge - INFO - Found code_base: <app.utils.kg_build.knowledge.KnowledgeCodeBase object at 0x7fa3f4c2df50>
2025-08-06 15:39:41,716 - Knowledge - INFO - Found code_base: <app.utils.kg_build.knowledge.KnowledgeCodeBase object at 0x7fa3f4c2df50>
2025-08-06 15:39:41,803 - Knowledge - INFO - Found code_base: <app.utils.kg_build.knowledge.KnowledgeCodeBase object at 0x7fa3f4c2df50>
2025-08-06 15:39:41,920 - Knowledge - INFO - Found code_base: <app.utils.kg_build.knowledge.KnowledgeCodeBase object at 0x7fa3f4c2df50>
2025-08-06 15:39:42,062 - Knowledge - INFO - process ingested knowledge for /app/data/T0015/29462/b6613se/react-bank/web/src/containers/Profile/ChangeDetails/Form.tsx
2025-08-06 15:39:42,146 - Knowledge - INFO - process ingested knowledge for /app/data/T0015/29462/b6613se/react-bank/web/src/containers/Profile/ChangeDetails/index.tsx
2025-08-06 15:39:42,235 - Knowledge - INFO - worker kw23 pull /app/data/T0015/29462/b6613se/react-bank/web/src/containers/Profile/index.tsx from ingest queue
2025-08-06 15:39:42,236 - Knowledge - INFO - adding /app/data/T0015/29462/b6613se/react-bank/web/src/components/Widgets/IncomeStats/index.tsx to ingest queue
2025-08-06 15:39:42,537 - Knowledge - INFO - persist ingested knowledge for /app/data/T0015/29462/b6613se/react-bank/web/src/containers/Navigation/index.tsx
2025-08-06 15:39:42,654 - Knowledge - INFO - persist ingested knowledge for /app/data/T0015/29462/b6613se/react-bank/web/src/containers/Accounts/index.tsx
2025-08-06 15:39:42,748 - Knowledge - INFO - persist ingested knowledge for /app/data/T0015/29462/b6613se/react-bank/web/src/containers/Messages/index.tsx
2025-08-06 15:39:42,820 - Knowledge - INFO - persist ingested knowledge for /app/data/T0015/29462/b6613se/react-bank/web/src/containers/Transfers/index.tsx
2025-08-06 15:39:42,908 - Knowledge - INFO - persist ingested knowledge for /app/data/T0015/29462/b6613se/react-bank/web/src/containers/Auth/Login/index.tsx
2025-08-06 15:39:42,999 - Knowledge - INFO - persist ingested knowledge for /app/data/T0015/29462/b6613se/react-bank/web/src/containers/Auth/Register/index.tsx
2025-08-06 15:39:43,283 - Knowledge - INFO - process ingested knowledge for /app/data/T0015/29462/b6613se/react-bank/web/src/containers/Profile/index.tsx
2025-08-06 15:39:43,357 - Knowledge - INFO - worker kw5 pull /app/data/T0015/29462/b6613se/react-bank/web/src/containers/Profile/style.scss from ingest queue
2025-08-06 15:39:43,414 - Knowledge - INFO - worker kw7 pull /app/data/T0015/29462/b6613se/react-bank/web/src/containers/Home/index.tsx from ingest queue
2025-08-06 15:39:43,414 - Knowledge - INFO - Found code-base-name: https://github.com/DanAnt123/react-bank.git:master
2025-08-06 15:39:43,461 - Knowledge - INFO - adding /app/data/T0015/29462/b6613se/react-bank/web/src/components/Widgets/SingleMessage/style.scss to ingest queue
2025-08-06 15:39:44,072 - Knowledge - INFO - process ingested knowledge for /app/data/T0015/29462/b6613se/react-bank/web/src/containers/Profile/style.scss
2025-08-06 15:39:44,204 - Knowledge - INFO - process ingested knowledge for /app/data/T0015/29462/b6613se/react-bank/web/src/containers/Home/index.tsx
2025-08-06 15:39:44,236 - Knowledge - INFO - Found code_base: <app.utils.kg_build.knowledge.KnowledgeCodeBase object at 0x7fa3f4c2df50>
2025-08-06 15:39:44,306 - Knowledge - INFO - Found code-base-name: https://github.com/DanAnt123/react-bank.git:master
2025-08-06 15:39:44,674 - Knowledge - INFO - Found code_base: <app.utils.kg_build.knowledge.KnowledgeCodeBase object at 0x7fa3f4c2df50>
2025-08-06 15:39:44,611 - Knowledge - INFO - persist ingested knowledge for /app/data/T0015/29462/b6613se/react-bank/web/src/containers/Panel/index.tsx
2025-08-06 15:39:44,306 - Knowledge - INFO - adding /app/data/T0015/29462/b6613se/react-bank/web/src/containers/Panel/Intro/index.tsx to ingest queue
2025-08-06 15:39:44,760 - Knowledge - INFO - persist ingested knowledge for /app/data/T0015/29462/b6613se/react-bank/web/src/containers/CurrencyStats/api-request.ts
2025-08-06 15:39:44,945 - Knowledge - INFO - worker kw12 pull /app/data/T0015/29462/b6613se/react-bank/web/src/containers/Home/style.scss from ingest queue
2025-08-06 15:39:44,946 - Knowledge - INFO - worker kw17 pull /app/data/T0015/29462/b6613se/react-bank/web/src/containers/Cards/index.tsx from ingest queue
2025-08-06 15:39:44,947 - Knowledge - INFO - adding /app/data/T0015/29462/b6613se/react-bank/web/src/components/Widgets/IconedList/ListContainer/index.tsx to ingest queue
2025-08-06 15:39:45,124 - Knowledge - INFO - process ingested knowledge for /app/data/T0015/29462/b6613se/react-bank/web/src/containers/Home/style.scss
2025-08-06 15:39:45,210 - Knowledge - INFO - process ingested knowledge for /app/data/T0015/29462/b6613se/react-bank/web/src/containers/Cards/index.tsx
2025-08-06 15:39:45,268 - Knowledge - INFO - Found code-base-name: https://github.com/DanAnt123/react-bank.git:master
2025-08-06 15:39:45,269 - Knowledge - INFO - Found code-base-name: https://github.com/DanAnt123/react-bank.git:master
2025-08-06 15:39:45,269 - Knowledge - INFO - Found code-base-name: https://github.com/DanAnt123/react-bank.git:master
2025-08-06 15:39:45,270 - Knowledge - INFO - worker kw21 pull /app/data/T0015/29462/b6613se/react-bank/web/src/tools/getUserInitialData.ts from ingest queue
2025-08-06 15:39:45,270 - Knowledge - INFO - adding /app/data/T0015/29462/b6613se/react-bank/web/src/components/Widgets/Charts/IncomeChart/style.scss to ingest queue
2025-08-06 15:39:45,558 - Knowledge - INFO - Found code_base: <app.utils.kg_build.knowledge.KnowledgeCodeBase object at 0x7fa3f4c2df50>
2025-08-06 15:39:45,639 - Knowledge - INFO - Found code_base: <app.utils.kg_build.knowledge.KnowledgeCodeBase object at 0x7fa3f4c2df50>
2025-08-06 15:39:45,731 - Knowledge - INFO - Found code_base: <app.utils.kg_build.knowledge.KnowledgeCodeBase object at 0x7fa3f4c2df50>
2025-08-06 15:39:45,863 - Knowledge - INFO - process ingested knowledge for /app/data/T0015/29462/b6613se/react-bank/web/src/tools/getUserInitialData.ts
2025-08-06 15:39:45,934 - Knowledge - INFO - adding /app/data/T0015/29462/b6613se/react-bank/web/src/components/Widgets/SingleMessage/index.tsx to ingest queue
2025-08-06 15:39:46,036 - Knowledge - INFO - persist ingested knowledge for /app/data/T0015/29462/b6613se/react-bank/web/src/containers/Layout/index.tsx
2025-08-06 15:39:46,150 - Knowledge - INFO - persist ingested knowledge for /app/data/T0015/29462/b6613se/react-bank/web/src/containers/Profile/ChangeDetails/Form.tsx
2025-08-06 15:39:46,257 - Knowledge - INFO - persist ingested knowledge for /app/data/T0015/29462/b6613se/react-bank/web/src/containers/Profile/ChangeDetails/index.tsx
2025-08-06 15:39:46,694 - Knowledge - INFO - Found code-base-name: https://github.com/DanAnt123/react-bank.git:master
2025-08-06 15:39:46,694 - Knowledge - INFO - worker kw2 pull /app/data/T0015/29462/b6613se/react-bank/web/src/tools/validations/YupCustomValidations.ts from ingest queue
2025-08-06 15:39:46,695 - Knowledge - INFO - Found code-base-name: https://github.com/DanAnt123/react-bank.git:master
2025-08-06 15:39:46,752 - Knowledge - INFO - Found code-base-name: https://github.com/DanAnt123/react-bank.git:master
2025-08-06 15:39:46,752 - Knowledge - INFO - Found code-base-name: https://github.com/DanAnt123/react-bank.git:master
2025-08-06 15:39:46,752 - Knowledge - INFO - worker kw15 pull /app/data/T0015/29462/b6613se/react-bank/web/src/tools/index.ts from ingest queue
2025-08-06 15:39:46,752 - Knowledge - INFO - adding /app/data/T0015/29462/b6613se/react-bank/web/src/components/Widgets/Charts/IncomeChart/index.tsx to ingest queue
2025-08-06 15:39:46,802 - Knowledge - INFO - Found code_base: <app.utils.kg_build.knowledge.KnowledgeCodeBase object at 0x7fa3f4c2df50>
2025-08-06 15:39:46,909 - Knowledge - INFO - process ingested knowledge for /app/data/T0015/29462/b6613se/react-bank/web/src/tools/validations/YupCustomValidations.ts
2025-08-06 15:39:46,985 - Knowledge - INFO - Found code_base: <app.utils.kg_build.knowledge.KnowledgeCodeBase object at 0x7fa3f4c2df50>
2025-08-06 15:39:47,093 - Knowledge - INFO - Found code_base: <app.utils.kg_build.knowledge.KnowledgeCodeBase object at 0x7fa3f4c2df50>
2025-08-06 15:39:47,202 - Knowledge - INFO - Found code_base: <app.utils.kg_build.knowledge.KnowledgeCodeBase object at 0x7fa3f4c2df50>
2025-08-06 15:39:47,357 - Knowledge - INFO - process ingested knowledge for /app/data/T0015/29462/b6613se/react-bank/web/src/tools/index.ts
2025-08-06 15:39:47,402 - Knowledge - INFO - worker kw22 pull /app/data/T0015/29462/b6613se/react-bank/web/src/actions/actionTypes.ts from ingest queue
2025-08-06 15:39:47,458 - Knowledge - INFO - Found code-base-name: https://github.com/DanAnt123/react-bank.git:master
2025-08-06 15:39:47,458 - Knowledge - INFO - Found code-base-name: https://github.com/DanAnt123/react-bank.git:master
2025-08-06 15:39:47,458 - Knowledge - INFO - worker kw16 pull /app/data/T0015/29462/b6613se/react-bank/web/src/actions/cards.ts from ingest queue
2025-08-06 15:39:47,458 - Knowledge - INFO - Found code-base-name: https://github.com/DanAnt123/react-bank.git:master
2025-08-06 15:39:47,458 - Knowledge - INFO - adding /app/data/T0015/29462/b6613se/react-bank/web/src/containers/Accounts/index.tsx to ingest queue
2025-08-06 15:39:47,483 - Knowledge - INFO - persist ingested knowledge for /app/data/T0015/29462/b6613se/react-bank/web/src/containers/Profile/index.tsx
2025-08-06 15:39:47,657 - Knowledge - INFO - persist ingested knowledge for /app/data/T0015/29462/b6613se/react-bank/web/src/containers/Profile/style.scss
2025-08-06 15:39:47,784 - Knowledge - INFO - persist ingested knowledge for /app/data/T0015/29462/b6613se/react-bank/web/src/containers/CurrencyStats/index.tsx
2025-08-06 15:39:47,878 - Knowledge - INFO - persist ingested knowledge for /app/data/T0015/29462/b6613se/react-bank/web/src/containers/CurrencyStats/style.scss
2025-08-06 15:39:48,122 - Knowledge - INFO - process ingested knowledge for /app/data/T0015/29462/b6613se/react-bank/web/src/actions/actionTypes.ts
2025-08-06 15:39:48,190 - Knowledge - INFO - Found code_base: <app.utils.kg_build.knowledge.KnowledgeCodeBase object at 0x7fa3f4c2df50>
2025-08-06 15:39:48,274 - Knowledge - INFO - Found code_base: <app.utils.kg_build.knowledge.KnowledgeCodeBase object at 0x7fa3f4c2df50>
2025-08-06 15:39:48,398 - Knowledge - INFO - process ingested knowledge for /app/data/T0015/29462/b6613se/react-bank/web/src/actions/cards.ts
2025-08-06 15:39:48,486 - Knowledge - INFO - Found code_base: <app.utils.kg_build.knowledge.KnowledgeCodeBase object at 0x7fa3f4c2df50>
2025-08-06 15:39:48,664 - Knowledge - INFO - adding /app/data/T0015/29462/b6613se/react-bank/web/src/containers/Messages/index.tsx to ingest queue
2025-08-06 15:39:49,202 - Knowledge - INFO - persist ingested knowledge for /app/data/T0015/29462/b6613se/react-bank/web/src/containers/Home/style.scss
2025-08-06 15:39:49,314 - Knowledge - INFO - persist ingested knowledge for /app/data/T0015/29462/b6613se/react-bank/web/src/containers/Cards/index.tsx
2025-08-06 15:39:49,502 - Knowledge - INFO - persist ingested knowledge for /app/data/T0015/29462/b6613se/react-bank/web/src/tools/getUserInitialData.ts
2025-08-06 15:39:49,680 - Knowledge - INFO - adding /app/data/T0015/29462/b6613se/react-bank/web/src/containers/Transfers/index.tsx to ingest queue
2025-08-06 15:39:49,956 - Knowledge - INFO - adding /app/data/T0015/29462/b6613se/react-bank/web/src/containers/Auth/Login/index.tsx to ingest queue
2025-08-06 15:39:50,120 - Knowledge - INFO - adding /app/data/T0015/29462/b6613se/react-bank/web/src/containers/Auth/Register/index.tsx to ingest queue
2025-08-06 15:39:50,197 - Knowledge - INFO - Found code-base-name: https://github.com/DanAnt123/react-bank.git:master
2025-08-06 15:39:50,198 - Knowledge - INFO - adding /app/data/T0015/29462/b6613se/react-bank/web/src/containers/Panel/index.tsx to ingest queue
2025-08-06 15:39:50,323 - Knowledge - INFO - Found code_base: <app.utils.kg_build.knowledge.KnowledgeCodeBase object at 0x7fa3f4c2df50>
2025-08-06 15:39:50,474 - Knowledge - INFO - worker kw24 pull /app/data/T0015/29462/b6613se/react-bank/web/src/actions/profile.ts from ingest queue
2025-08-06 15:39:50,474 - Knowledge - INFO - worker kw6 pull /app/data/T0015/29462/b6613se/react-bank/web/src/actions/accounts.ts from ingest queue
2025-08-06 15:39:50,475 - Knowledge - INFO - Found code-base-name: https://github.com/DanAnt123/react-bank.git:master
2025-08-06 15:39:50,475 - Knowledge - INFO - Found code-base-name: https://github.com/DanAnt123/react-bank.git:master
2025-08-06 15:39:50,475 - Knowledge - INFO - adding /app/data/T0015/29462/b6613se/react-bank/web/src/containers/Layout/index.tsx to ingest queue
2025-08-06 15:39:50,506 - Knowledge - INFO - persist ingested knowledge for /app/data/T0015/29462/b6613se/react-bank/web/src/containers/Home/index.tsx
2025-08-06 15:39:50,626 - Knowledge - INFO - process ingested knowledge for /app/data/T0015/29462/b6613se/react-bank/web/src/actions/profile.ts
2025-08-06 15:39:50,713 - Knowledge - INFO - process ingested knowledge for /app/data/T0015/29462/b6613se/react-bank/web/src/actions/accounts.ts
2025-08-06 15:39:50,790 - Knowledge - INFO - Found code_base: <app.utils.kg_build.knowledge.KnowledgeCodeBase object at 0x7fa3f4c2df50>
2025-08-06 15:39:50,887 - Knowledge - INFO - Found code_base: <app.utils.kg_build.knowledge.KnowledgeCodeBase object at 0x7fa3f4c2df50>
2025-08-06 15:39:51,095 - Knowledge - INFO - adding /app/data/T0015/29462/b6613se/react-bank/web/src/containers/Profile/style.scss to ingest queue
2025-08-06 15:39:51,330 - Knowledge - INFO - persist ingested knowledge for /app/data/T0015/29462/b6613se/react-bank/web/src/tools/index.ts
2025-08-06 15:39:51,451 - Knowledge - INFO - persist ingested knowledge for /app/data/T0015/29462/b6613se/react-bank/web/src/tools/validations/YupCustomValidations.ts
2025-08-06 15:39:51,636 - Knowledge - INFO - Found code-base-name: https://github.com/DanAnt123/react-bank.git:master
2025-08-06 15:39:51,636 - Knowledge - INFO - Found code-base-name: https://github.com/DanAnt123/react-bank.git:master
2025-08-06 15:39:51,636 - Knowledge - INFO - worker kw4 pull /app/data/T0015/29462/b6613se/react-bank/web/src/actions/panel.ts from ingest queue
2025-08-06 15:39:51,637 - Knowledge - INFO - adding /app/data/T0015/29462/b6613se/react-bank/web/src/containers/Profile/ChangeDetails/Form.tsx to ingest queue
2025-08-06 15:39:51,906 - Knowledge - INFO - Found code_base: <app.utils.kg_build.knowledge.KnowledgeCodeBase object at 0x7fa3f4c2df50>
2025-08-06 15:39:51,991 - Knowledge - INFO - Found code_base: <app.utils.kg_build.knowledge.KnowledgeCodeBase object at 0x7fa3f4c2df50>
2025-08-06 15:39:52,097 - Knowledge - INFO - process ingested knowledge for /app/data/T0015/29462/b6613se/react-bank/web/src/actions/panel.ts
2025-08-06 15:39:52,277 - Knowledge - INFO - worker kw10 pull /app/data/T0015/29462/b6613se/react-bank/web/src/actions/messages.ts from ingest queue
2025-08-06 15:39:52,277 - Knowledge - INFO - worker kw11 pull /app/data/T0015/29462/b6613se/react-bank/web/src/actions/transfers.ts from ingest queue
2025-08-06 15:39:52,277 - Knowledge - INFO - adding /app/data/T0015/29462/b6613se/react-bank/web/src/containers/CurrencyStats/api-request.ts to ingest queue
2025-08-06 15:39:52,289 - Knowledge - INFO - persist ingested knowledge for /app/data/T0015/29462/b6613se/react-bank/web/src/actions/actionTypes.ts
2025-08-06 15:39:52,396 - Knowledge - INFO - persist ingested knowledge for /app/data/T0015/29462/b6613se/react-bank/web/src/actions/cards.ts
2025-08-06 15:39:52,618 - Knowledge - INFO - process ingested knowledge for /app/data/T0015/29462/b6613se/react-bank/web/src/actions/messages.ts
2025-08-06 15:39:52,690 - Knowledge - INFO - process ingested knowledge for /app/data/T0015/29462/b6613se/react-bank/web/src/actions/transfers.ts
2025-08-06 15:39:52,777 - Knowledge - INFO - adding /app/data/T0015/29462/b6613se/react-bank/web/src/containers/Navigation/index.tsx to ingest queue
2025-08-06 15:39:53,224 - Knowledge - INFO - worker kw9 pull /app/data/T0015/29462/b6613se/react-bank/web/src/actions/index.ts from ingest queue
2025-08-06 15:39:53,226 - Knowledge - INFO - adding /app/data/T0015/29462/b6613se/react-bank/web/src/containers/Profile/index.tsx to ingest queue
2025-08-06 15:39:53,355 - Knowledge - INFO - process ingested knowledge for /app/data/T0015/29462/b6613se/react-bank/web/src/actions/index.ts
2025-08-06 15:39:53,507 - Knowledge - INFO - Found code-base-name: https://github.com/DanAnt123/react-bank.git:master
2025-08-06 15:39:53,508 - Knowledge - INFO - Found code-base-name: https://github.com/DanAnt123/react-bank.git:master
2025-08-06 15:39:53,509 - Knowledge - INFO - worker kw5 pull /app/data/T0015/29462/b6613se/react-bank/web/src/actions/auth.ts from ingest queue
2025-08-06 15:39:53,509 - Knowledge - INFO - adding /app/data/T0015/29462/b6613se/react-bank/web/src/containers/CurrencyStats/style.scss to ingest queue
2025-08-06 15:39:53,579 - Knowledge - INFO - Found code_base: <app.utils.kg_build.knowledge.KnowledgeCodeBase object at 0x7fa3f4c2df50>
2025-08-06 15:39:53,659 - Knowledge - INFO - Found code_base: <app.utils.kg_build.knowledge.KnowledgeCodeBase object at 0x7fa3f4c2df50>
2025-08-06 15:39:53,791 - Knowledge - INFO - process ingested knowledge for /app/data/T0015/29462/b6613se/react-bank/web/src/actions/auth.ts
2025-08-06 15:39:53,918 - Knowledge - INFO - persist ingested knowledge for /app/data/T0015/29462/b6613se/react-bank/web/src/actions/profile.ts
2025-08-06 15:39:53,948 - Knowledge - INFO - worker kw20 pull /app/data/T0015/29462/b6613se/react-bank/web/src/index.tsx from ingest queue
2025-08-06 15:39:53,948 - Knowledge - INFO - adding /app/data/T0015/29462/b6613se/react-bank/web/src/containers/Cards/index.tsx to ingest queue
2025-08-06 15:39:53,999 - Knowledge - INFO - persist ingested knowledge for /app/data/T0015/29462/b6613se/react-bank/web/src/actions/accounts.ts
2025-08-06 15:39:54,282 - Knowledge - INFO - process ingested knowledge for /app/data/T0015/29462/b6613se/react-bank/web/src/index.tsx
2025-08-06 15:39:54,345 - Knowledge - INFO - worker kw17 pull /app/data/T0015/29462/b6613se/react-bank/web/src/@types/stat.model.ts from ingest queue
2025-08-06 15:39:54,346 - Knowledge - INFO - worker kw3 pull /app/data/T0015/29462/b6613se/react-bank/web/src/@types/card.model.ts from ingest queue
2025-08-06 15:39:54,347 - Knowledge - INFO - Found code-base-name: https://github.com/DanAnt123/react-bank.git:master
2025-08-06 15:39:54,456 - Knowledge - INFO - Found code-base-name: https://github.com/DanAnt123/react-bank.git:master
2025-08-06 15:39:54,456 - Knowledge - INFO - Found code-base-name: https://github.com/DanAnt123/react-bank.git:master
2025-08-06 15:39:54,456 - Knowledge - INFO - worker kw8 pull /app/data/T0015/29462/b6613se/react-bank/web/src/@types/account.model.ts from ingest queue
2025-08-06 15:39:54,456 - Knowledge - INFO - worker kw23 pull /app/data/T0015/29462/b6613se/react-bank/web/src/@types/transfer.model.ts from ingest queue
2025-08-06 15:39:54,457 - Knowledge - INFO - Found code-base-name: https://github.com/DanAnt123/react-bank.git:master
2025-08-06 15:39:54,457 - Knowledge - INFO - adding /app/data/T0015/29462/b6613se/react-bank/web/src/containers/CurrencyStats/index.tsx to ingest queue
2025-08-06 15:39:54,671 - Knowledge - INFO - process ingested knowledge for /app/data/T0015/29462/b6613se/react-bank/web/src/@types/stat.model.ts
2025-08-06 15:39:54,776 - Knowledge - INFO - process ingested knowledge for /app/data/T0015/29462/b6613se/react-bank/web/src/@types/card.model.ts
2025-08-06 15:39:54,855 - Knowledge - INFO - Found code_base: <app.utils.kg_build.knowledge.KnowledgeCodeBase object at 0x7fa3f4c2df50>
2025-08-06 15:39:54,955 - Knowledge - INFO - Found code_base: <app.utils.kg_build.knowledge.KnowledgeCodeBase object at 0x7fa3f4c2df50>
2025-08-06 15:39:55,072 - Knowledge - INFO - Found code_base: <app.utils.kg_build.knowledge.KnowledgeCodeBase object at 0x7fa3f4c2df50>
2025-08-06 15:39:55,231 - Knowledge - INFO - process ingested knowledge for /app/data/T0015/29462/b6613se/react-bank/web/src/@types/account.model.ts
2025-08-06 15:39:55,330 - Knowledge - INFO - process ingested knowledge for /app/data/T0015/29462/b6613se/react-bank/web/src/@types/transfer.model.ts
2025-08-06 15:39:55,412 - Knowledge - INFO - Found code_base: <app.utils.kg_build.knowledge.KnowledgeCodeBase object at 0x7fa3f4c2df50>
2025-08-06 15:39:55,518 - Knowledge - INFO - adding /app/data/T0015/29462/b6613se/react-bank/web/src/tools/index.ts to ingest queue
2025-08-06 15:39:56,304 - Knowledge - INFO - worker kw15 pull /app/data/T0015/29462/b6613se/react-bank/web/src/@types/message.model.ts from ingest queue
2025-08-06 15:39:55,889 - Knowledge - INFO - persist ingested knowledge for /app/data/T0015/29462/b6613se/react-bank/web/src/actions/messages.ts
2025-08-06 15:39:55,968 - Knowledge - INFO - persist ingested knowledge for /app/data/T0015/29462/b6613se/react-bank/web/src/actions/transfers.ts
2025-08-06 15:39:56,217 - Knowledge - INFO - persist ingested knowledge for /app/data/T0015/29462/b6613se/react-bank/web/src/actions/index.ts
2025-08-06 15:39:55,797 - Knowledge - INFO - persist ingested knowledge for /app/data/T0015/29462/b6613se/react-bank/web/src/actions/panel.ts
2025-08-06 15:39:56,305 - Knowledge - INFO - Found code-base-name: https://github.com/DanAnt123/react-bank.git:master
2025-08-06 15:39:56,390 - Knowledge - INFO - adding /app/data/T0015/29462/b6613se/react-bank/web/src/containers/Profile/ChangeDetails/index.tsx to ingest queue
2025-08-06 15:39:56,406 - Knowledge - INFO - process ingested knowledge for /app/data/T0015/29462/b6613se/react-bank/web/src/@types/message.model.ts
2025-08-06 15:39:56,880 - Knowledge - INFO - Found code_base: <app.utils.kg_build.knowledge.KnowledgeCodeBase object at 0x7fa3f4c2df50>
2025-08-06 15:39:56,964 - Knowledge - INFO - adding /app/data/T0015/29462/b6613se/react-bank/web/src/tools/getUserInitialData.ts to ingest queue
2025-08-06 15:39:57,132 - Knowledge - INFO - persist ingested knowledge for /app/data/T0015/29462/b6613se/react-bank/web/src/actions/auth.ts
2025-08-06 15:39:57,252 - Knowledge - INFO - worker kw19 pull /app/data/T0015/29462/b6613se/react-bank/web/src/@types/index.ts from ingest queue
2025-08-06 15:39:57,312 - Knowledge - INFO - adding /app/data/T0015/29462/b6613se/react-bank/web/src/actions/cards.ts to ingest queue
2025-08-06 15:39:57,462 - Knowledge - INFO - process ingested knowledge for /app/data/T0015/29462/b6613se/react-bank/web/src/@types/index.ts
2025-08-06 15:39:57,502 - Knowledge - INFO - worker kw25 pull /app/data/T0015/29462/b6613se/react-bank/web/src/store/index.tsx from ingest queue
2025-08-06 15:39:57,561 - Knowledge - INFO - adding /app/data/T0015/29462/b6613se/react-bank/web/src/containers/Home/index.tsx to ingest queue
2025-08-06 15:39:57,688 - Knowledge - INFO - process ingested knowledge for /app/data/T0015/29462/b6613se/react-bank/web/src/store/index.tsx
2025-08-06 15:39:57,781 - Knowledge - INFO - Found code-base-name: https://github.com/DanAnt123/react-bank.git:master
2025-08-06 15:39:57,781 - Knowledge - INFO - worker kw13 pull /app/data/T0015/29462/b6613se/react-bank/web/src/reducers/cards.ts from ingest queue
2025-08-06 15:39:57,781 - Knowledge - INFO - worker kw1 pull /app/data/T0015/29462/b6613se/react-bank/web/src/reducers/profile.ts from ingest queue
2025-08-06 15:39:57,781 - Knowledge - INFO - Found code-base-name: https://github.com/DanAnt123/react-bank.git:master
2025-08-06 15:39:57,781 - Knowledge - INFO - Found code-base-name: https://github.com/DanAnt123/react-bank.git:master
2025-08-06 15:39:57,781 - Knowledge - INFO - Found code-base-name: https://github.com/DanAnt123/react-bank.git:master
2025-08-06 15:39:57,781 - Knowledge - INFO - worker kw18 pull /app/data/T0015/29462/b6613se/react-bank/web/src/reducers/accounts.ts from ingest queue
2025-08-06 15:39:57,781 - Knowledge - INFO - adding /app/data/T0015/29462/b6613se/react-bank/web/src/tools/validations/YupCustomValidations.ts to ingest queue
2025-08-06 15:39:57,981 - Knowledge - INFO - Found code_base: <app.utils.kg_build.knowledge.KnowledgeCodeBase object at 0x7fa3f4c2df50>
2025-08-06 15:39:58,092 - Knowledge - INFO - process ingested knowledge for /app/data/T0015/29462/b6613se/react-bank/web/src/reducers/cards.ts
2025-08-06 15:39:58,217 - Knowledge - INFO - process ingested knowledge for /app/data/T0015/29462/b6613se/react-bank/web/src/reducers/profile.ts
2025-08-06 15:39:58,309 - Knowledge - INFO - Found code_base: <app.utils.kg_build.knowledge.KnowledgeCodeBase object at 0x7fa3f4c2df50>
2025-08-06 15:39:58,386 - Knowledge - INFO - Found code_base: <app.utils.kg_build.knowledge.KnowledgeCodeBase object at 0x7fa3f4c2df50>
2025-08-06 15:39:58,459 - Knowledge - INFO - Found code_base: <app.utils.kg_build.knowledge.KnowledgeCodeBase object at 0x7fa3f4c2df50>
2025-08-06 15:39:58,575 - Knowledge - INFO - process ingested knowledge for /app/data/T0015/29462/b6613se/react-bank/web/src/reducers/accounts.ts
2025-08-06 15:39:58,625 - Knowledge - INFO - adding /app/data/T0015/29462/b6613se/react-bank/web/src/actions/profile.ts to ingest queue
2025-08-06 15:39:58,738 - Knowledge - INFO - persist ingested knowledge for /app/data/T0015/29462/b6613se/react-bank/web/src/index.tsx
2025-08-06 15:39:59,039 - Knowledge - INFO - persist ingested knowledge for /app/data/T0015/29462/b6613se/react-bank/web/src/@types/card.model.ts
2025-08-06 15:39:59,148 - Knowledge - INFO - persist ingested knowledge for /app/data/T0015/29462/b6613se/react-bank/web/src/@types/account.model.ts
2025-08-06 15:39:59,254 - Knowledge - INFO - persist ingested knowledge for /app/data/T0015/29462/b6613se/react-bank/web/src/@types/transfer.model.ts
2025-08-06 15:39:59,627 - Knowledge - INFO - adding /app/data/T0015/29462/b6613se/react-bank/web/src/actions/index.ts to ingest queue
2025-08-06 15:39:59,938 - Knowledge - INFO - worker kw14 pull /app/data/T0015/29462/b6613se/react-bank/web/src/reducers/panel.ts from ingest queue
2025-08-06 15:39:59,938 - Knowledge - INFO - Found code-base-name: https://github.com/DanAnt123/react-bank.git:master
2025-08-06 15:39:59,939 - Knowledge - INFO - worker kw21 pull /app/data/T0015/29462/b6613se/react-bank/web/src/reducers/messages.ts from ingest queue
2025-08-06 15:39:59,939 - Knowledge - INFO - adding /app/data/T0015/29462/b6613se/react-bank/web/src/actions/accounts.ts to ingest queue
2025-08-06 15:40:00,094 - Knowledge - INFO - process ingested knowledge for /app/data/T0015/29462/b6613se/react-bank/web/src/reducers/panel.ts
2025-08-06 15:40:00,148 - Knowledge - INFO - Found code_base: <app.utils.kg_build.knowledge.KnowledgeCodeBase object at 0x7fa3f4c2df50>
2025-08-06 15:40:00,295 - Knowledge - INFO - process ingested knowledge for /app/data/T0015/29462/b6613se/react-bank/web/src/reducers/messages.ts
2025-08-06 15:40:00,367 - Knowledge - INFO - worker kw16 pull /app/data/T0015/29462/b6613se/react-bank/web/src/reducers/transfers.ts from ingest queue
2025-08-06 15:40:00,368 - Knowledge - INFO - adding /app/data/T0015/29462/b6613se/react-bank/web/src/containers/Home/style.scss to ingest queue
2025-08-06 15:40:00,577 - Knowledge - INFO - persist ingested knowledge for /app/data/T0015/29462/b6613se/react-bank/web/src/@types/message.model.ts
2025-08-06 15:40:00,784 - Knowledge - INFO - process ingested knowledge for /app/data/T0015/29462/b6613se/react-bank/web/src/reducers/transfers.ts
2025-08-06 15:40:00,846 - Knowledge - INFO - worker kw7 pull /app/data/T0015/29462/b6613se/react-bank/web/src/reducers/index.ts from ingest queue
2025-08-06 15:40:00,847 - Knowledge - INFO - Found code-base-name: https://github.com/DanAnt123/react-bank.git:master
2025-08-06 15:40:00,847 - Knowledge - INFO - worker kw2 pull /app/data/T0015/29462/b6613se/react-bank/web/src/reducers/auth.ts from ingest queue
2025-08-06 15:40:00,847 - Knowledge - INFO - Found code-base-name: https://github.com/DanAnt123/react-bank.git:master
2025-08-06 15:40:00,847 - Knowledge - INFO - Found code-base-name: https://github.com/DanAnt123/react-bank.git:master
2025-08-06 15:40:00,848 - Knowledge - INFO - worker kw24 pull /app/data/T0015/29462/b6613se/react-bank/web/README-Create-React-App.md from ingest queue
2025-08-06 15:40:00,848 - Knowledge - INFO - adding /app/data/T0015/29462/b6613se/react-bank/web/src/actions/messages.ts to ingest queue
2025-08-06 15:40:01,168 - Knowledge - INFO - process ingested knowledge for /app/data/T0015/29462/b6613se/react-bank/web/src/reducers/index.ts
2025-08-06 15:40:01,213 - Knowledge - INFO - Found code_base: <app.utils.kg_build.knowledge.KnowledgeCodeBase object at 0x7fa3f4c2df50>
2025-08-06 15:40:01,360 - Knowledge - INFO - process ingested knowledge for /app/data/T0015/29462/b6613se/react-bank/web/src/reducers/auth.ts
2025-08-06 15:40:01,426 - Knowledge - INFO - Found code_base: <app.utils.kg_build.knowledge.KnowledgeCodeBase object at 0x7fa3f4c2df50>
2025-08-06 15:40:01,523 - Knowledge - INFO - Found code_base: <app.utils.kg_build.knowledge.KnowledgeCodeBase object at 0x7fa3f4c2df50>
2025-08-06 15:40:01,643 - Knowledge - INFO - process ingested knowledge for /app/data/T0015/29462/b6613se/react-bank/web/README-Create-React-App.md
2025-08-06 15:40:01,889 - Knowledge - INFO - persist ingested knowledge for /app/data/T0015/29462/b6613se/react-bank/web/src/@types/stat.model.ts
2025-08-06 15:40:02,041 - Knowledge - INFO - adding /app/data/T0015/29462/b6613se/react-bank/web/src/actions/actionTypes.ts to ingest queue
2025-08-06 15:40:02,078 - Knowledge - INFO - persist ingested knowledge for /app/data/T0015/29462/b6613se/react-bank/web/src/reducers/cards.ts
2025-08-06 15:40:02,159 - Knowledge - INFO - persist ingested knowledge for /app/data/T0015/29462/b6613se/react-bank/web/src/reducers/accounts.ts
2025-08-06 15:40:02,393 - Knowledge - INFO - worker kw9 pull /app/data/T0015/29462/b6613se/react-bank/web/package.json from ingest queue
2025-08-06 15:40:02,393 - Knowledge - INFO - Found code-base-name: https://github.com/DanAnt123/react-bank.git:master
2025-08-06 15:40:02,394 - Knowledge - INFO - worker kw6 pull /app/data/T0015/29462/b6613se/react-bank/web/scss/_forms.scss from ingest queue
2025-08-06 15:40:02,394 - Knowledge - INFO - Found code-base-name: https://github.com/DanAnt123/react-bank.git:master
2025-08-06 15:40:02,395 - Knowledge - INFO - Found code-base-name: https://github.com/DanAnt123/react-bank.git:master
2025-08-06 15:40:02,395 - Knowledge - INFO - worker kw12 pull /app/data/T0015/29462/b6613se/react-bank/web/scss/vendor.scss from ingest queue
2025-08-06 15:40:02,395 - Knowledge - INFO - Found code-base-name: https://github.com/DanAnt123/react-bank.git:master
2025-08-06 15:40:02,465 - Knowledge - INFO - Found code-base-name: https://github.com/DanAnt123/react-bank.git:master
2025-08-06 15:40:03,320 - Knowledge - INFO - Found code_base: <app.utils.kg_build.knowledge.KnowledgeCodeBase object at 0x7fa3f4c2df50>
2025-08-06 15:40:02,466 - Knowledge - INFO - adding /app/data/T0015/29462/b6613se/react-bank/web/src/index.tsx to ingest queue
2025-08-06 15:40:02,687 - Knowledge - INFO - process ingested knowledge for /app/data/T0015/29462/b6613se/react-bank/web/package.json
2025-08-06 15:40:02,748 - Knowledge - INFO - Found code_base: <app.utils.kg_build.knowledge.KnowledgeCodeBase object at 0x7fa3f4c2df50>
2025-08-06 15:40:02,850 - Knowledge - INFO - process ingested knowledge for /app/data/T0015/29462/b6613se/react-bank/web/scss/_forms.scss
2025-08-06 15:40:02,901 - Knowledge - INFO - Found code_base: <app.utils.kg_build.knowledge.KnowledgeCodeBase object at 0x7fa3f4c2df50>
2025-08-06 15:40:02,989 - Knowledge - INFO - Found code_base: <app.utils.kg_build.knowledge.KnowledgeCodeBase object at 0x7fa3f4c2df50>
2025-08-06 15:40:03,125 - Knowledge - INFO - process ingested knowledge for /app/data/T0015/29462/b6613se/react-bank/web/scss/vendor.scss
2025-08-06 15:40:03,202 - Knowledge - INFO - Found code_base: <app.utils.kg_build.knowledge.KnowledgeCodeBase object at 0x7fa3f4c2df50>
2025-08-06 15:40:02,466 - Knowledge - INFO - worker kw10 pull /app/data/T0015/29462/b6613se/react-bank/web/scss/pagination.scss from ingest queue
2025-08-06 15:40:03,409 - Knowledge - INFO - persist ingested knowledge for /app/data/T0015/29462/b6613se/react-bank/web/src/reducers/transfers.ts
2025-08-06 15:40:03,534 - Knowledge - INFO - adding /app/data/T0015/29462/b6613se/react-bank/web/src/actions/panel.ts to ingest queue
2025-08-06 15:40:03,722 - Knowledge - INFO - persist ingested knowledge for /app/data/T0015/29462/b6613se/react-bank/web/src/@types/index.ts
2025-08-06 15:40:03,913 - Knowledge - INFO - persist ingested knowledge for /app/data/T0015/29462/b6613se/react-bank/web/src/reducers/messages.ts
2025-08-06 15:40:04,026 - Knowledge - INFO - persist ingested knowledge for /app/data/T0015/29462/b6613se/react-bank/web/src/store/index.tsx
2025-08-06 15:40:04,247 - Knowledge - INFO - persist ingested knowledge for /app/data/T0015/29462/b6613se/react-bank/web/src/reducers/profile.ts
2025-08-06 15:40:04,384 - Knowledge - INFO - process ingested knowledge for /app/data/T0015/29462/b6613se/react-bank/web/scss/pagination.scss
2025-08-06 15:40:04,530 - Knowledge - INFO - adding /app/data/T0015/29462/b6613se/react-bank/web/src/@types/card.model.ts to ingest queue
2025-08-06 15:40:05,065 - Knowledge - INFO - Found code-base-name: https://github.com/DanAnt123/react-bank.git:master
2025-08-06 15:40:05,066 - Knowledge - INFO - adding /app/data/T0015/29462/b6613se/react-bank/web/src/@types/account.model.ts to ingest queue
2025-08-06 15:40:05,140 - Knowledge - INFO - Found code_base: <app.utils.kg_build.knowledge.KnowledgeCodeBase object at 0x7fa3f4c2df50>
2025-08-06 15:40:05,215 - Knowledge - INFO - adding /app/data/T0015/29462/b6613se/react-bank/web/src/@types/transfer.model.ts to ingest queue
2025-08-06 15:40:05,302 - Knowledge - INFO - persist ingested knowledge for /app/data/T0015/29462/b6613se/react-bank/web/src/reducers/auth.ts
2025-08-06 15:40:05,371 - Knowledge - INFO - Found code-base-name: https://github.com/DanAnt123/react-bank.git:master
2025-08-06 15:40:05,495 - Knowledge - INFO - worker kw22 pull /app/data/T0015/29462/b6613se/react-bank/web/scss/_custom-variables.scss from ingest queue
2025-08-06 15:40:05,495 - Knowledge - INFO - adding /app/data/T0015/29462/b6613se/react-bank/web/src/actions/transfers.ts to ingest queue
2025-08-06 15:40:05,538 - Knowledge - INFO - Found code_base: <app.utils.kg_build.knowledge.KnowledgeCodeBase object at 0x7fa3f4c2df50>
2025-08-06 15:40:05,675 - Knowledge - INFO - process ingested knowledge for /app/data/T0015/29462/b6613se/react-bank/web/scss/_custom-variables.scss
2025-08-06 15:40:05,758 - Knowledge - INFO - adding /app/data/T0015/29462/b6613se/react-bank/web/src/@types/message.model.ts to ingest queue
2025-08-06 15:40:05,878 - Knowledge - INFO - persist ingested knowledge for /app/data/T0015/29462/b6613se/react-bank/web/README-Create-React-App.md
2025-08-06 15:40:06,067 - Knowledge - INFO - Found code-base-name: https://github.com/DanAnt123/react-bank.git:master
2025-08-06 15:40:06,171 - Knowledge - INFO - worker kw20 pull /app/data/T0015/29462/b6613se/react-bank/web/scss/_custom-mixins.scss from ingest queue
2025-08-06 15:40:06,171 - Knowledge - INFO - Found code-base-name: https://github.com/DanAnt123/react-bank.git:master
2025-08-06 15:40:06,171 - Knowledge - INFO - Found code-base-name: https://github.com/DanAnt123/react-bank.git:master
2025-08-06 15:40:06,228 - Knowledge - INFO - worker kw4 pull /app/data/T0015/29462/b6613se/react-bank/web/scss/_all-utilities.scss from ingest queue
2025-08-06 15:40:06,275 - Knowledge - INFO - Found code_base: <app.utils.kg_build.knowledge.KnowledgeCodeBase object at 0x7fa3f4c2df50>
2025-08-06 15:40:06,398 - Knowledge - INFO - Found code-base-name: https://github.com/DanAnt123/react-bank.git:master
2025-08-06 15:40:06,398 - Knowledge - INFO - process ingested knowledge for /app/data/T0015/29462/b6613se/react-bank/web/scss/_custom-mixins.scss
2025-08-06 15:40:06,398 - Knowledge - INFO - worker kw8 pull /app/data/T0015/29462/b6613se/react-bank/web/scss/_module.scss from ingest queue
2025-08-06 15:40:06,399 - Knowledge - INFO - adding /app/data/T0015/29462/b6613se/react-bank/web/src/@types/stat.model.ts to ingest queue
2025-08-06 15:40:06,451 - Knowledge - INFO - Found code_base: <app.utils.kg_build.knowledge.KnowledgeCodeBase object at 0x7fa3f4c2df50>
2025-08-06 15:40:06,561 - Knowledge - INFO - Found code_base: <app.utils.kg_build.knowledge.KnowledgeCodeBase object at 0x7fa3f4c2df50>
2025-08-06 15:40:06,713 - Knowledge - INFO - process ingested knowledge for /app/data/T0015/29462/b6613se/react-bank/web/scss/_all-utilities.scss
2025-08-06 15:40:06,771 - Knowledge - INFO - persist ingested knowledge for /app/data/T0015/29462/b6613se/react-bank/web/src/reducers/index.ts
2025-08-06 15:40:06,881 - Knowledge - INFO - Found code_base: <app.utils.kg_build.knowledge.KnowledgeCodeBase object at 0x7fa3f4c2df50>
2025-08-06 15:40:07,092 - Knowledge - INFO - process ingested knowledge for /app/data/T0015/29462/b6613se/react-bank/web/scss/_module.scss
2025-08-06 15:40:07,205 - Knowledge - INFO - Found code-base-name: https://github.com/DanAnt123/react-bank.git:master
2025-08-06 15:40:07,205 - Knowledge - INFO - adding /app/data/T0015/29462/b6613se/react-bank/web/src/actions/auth.ts to ingest queue
2025-08-06 15:40:07,224 - Knowledge - INFO - persist ingested knowledge for /app/data/T0015/29462/b6613se/react-bank/web/scss/_forms.scss
2025-08-06 15:40:07,301 - Knowledge - INFO - persist ingested knowledge for /app/data/T0015/29462/b6613se/react-bank/web/scss/vendor.scss
2025-08-06 15:40:07,619 - Knowledge - INFO - persist ingested knowledge for /app/data/T0015/29462/b6613se/react-bank/web/scss/pagination.scss
2025-08-06 15:40:07,828 - Knowledge - INFO - Found code_base: <app.utils.kg_build.knowledge.KnowledgeCodeBase object at 0x7fa3f4c2df50>
2025-08-06 15:40:07,913 - Knowledge - INFO - worker kw11 pull /app/data/T0015/29462/b6613se/react-bank/web/scss/site.scss from ingest queue
2025-08-06 15:40:07,914 - Knowledge - INFO - worker kw15 pull /app/data/T0015/29462/b6613se/react-bank/web/tsconfig.base.json from ingest queue
2025-08-06 15:40:07,914 - Knowledge - INFO - adding /app/data/T0015/29462/b6613se/react-bank/web/src/reducers/cards.ts to ingest queue
2025-08-06 15:40:08,277 - Knowledge - INFO - persist ingested knowledge for /app/data/T0015/29462/b6613se/react-bank/web/src/reducers/panel.ts
2025-08-06 15:40:08,392 - Knowledge - INFO - process ingested knowledge for /app/data/T0015/29462/b6613se/react-bank/web/scss/site.scss
2025-08-06 15:40:08,507 - Knowledge - INFO - process ingested knowledge for /app/data/T0015/29462/b6613se/react-bank/web/tsconfig.base.json
2025-08-06 15:40:08,557 - Knowledge - INFO - Found code-base-name: https://github.com/DanAnt123/react-bank.git:master
2025-08-06 15:40:08,557 - Knowledge - INFO - adding /app/data/T0015/29462/b6613se/react-bank/web/src/reducers/accounts.ts to ingest queue
2025-08-06 15:40:09,030 - Knowledge - INFO - Found code_base: <app.utils.kg_build.knowledge.KnowledgeCodeBase object at 0x7fa3f4c2df50>
2025-08-06 15:40:09,132 - Knowledge - INFO - adding /app/data/T0015/29462/b6613se/react-bank/web/src/reducers/transfers.ts to ingest queue
2025-08-06 15:40:09,227 - Knowledge - INFO - persist ingested knowledge for /app/data/T0015/29462/b6613se/react-bank/web/package.json
2025-08-06 15:40:09,375 - Knowledge - INFO - adding /app/data/T0015/29462/b6613se/react-bank/web/src/@types/index.ts to ingest queue
2025-08-06 15:40:09,492 - Knowledge - INFO - adding /app/data/T0015/29462/b6613se/react-bank/web/src/store/index.tsx to ingest queue
2025-08-06 15:40:09,578 - Knowledge - INFO - adding /app/data/T0015/29462/b6613se/react-bank/web/src/reducers/profile.ts to ingest queue
2025-08-06 15:40:09,678 - Knowledge - INFO - worker kw3 pull /app/data/T0015/29462/b6613se/react-bank/web/tsconfig.json from ingest queue
2025-08-06 15:40:09,679 - Knowledge - INFO - worker kw23 pull /app/data/T0015/29462/b6613se/react-bank/web/public/index.html from ingest queue
2025-08-06 15:40:09,679 - Knowledge - INFO - Found code-base-name: https://github.com/DanAnt123/react-bank.git:master
2025-08-06 15:40:09,680 - Knowledge - INFO - adding /app/data/T0015/29462/b6613se/react-bank/web/src/reducers/auth.ts to ingest queue
2025-08-06 15:40:09,802 - Knowledge - INFO - process ingested knowledge for /app/data/T0015/29462/b6613se/react-bank/web/tsconfig.json
2025-08-06 15:40:09,864 - Knowledge - INFO - process ingested knowledge for /app/data/T0015/29462/b6613se/react-bank/web/public/index.html
2025-08-06 15:40:09,941 - Knowledge - INFO - Found code_base: <app.utils.kg_build.knowledge.KnowledgeCodeBase object at 0x7fa3f4c2df50>
2025-08-06 15:40:10,064 - Knowledge - INFO - Found code-base-name: https://github.com/DanAnt123/react-bank.git:master
2025-08-06 15:40:10,124 - Knowledge - INFO - Found code-base-name: https://github.com/DanAnt123/react-bank.git:master
2025-08-06 15:40:10,535 - Knowledge - INFO - Found code_base: <app.utils.kg_build.knowledge.KnowledgeCodeBase object at 0x7fa3f4c2df50>
2025-08-06 15:40:10,174 - Knowledge - INFO - worker kw5 pull /app/data/T0015/29462/b6613se/react-bank/web/public/robots.txt from ingest queue
2025-08-06 15:40:10,294 - Knowledge - INFO - worker kw13 pull /app/data/T0015/29462/b6613se/react-bank/web/public/manifest.json from ingest queue
2025-08-06 15:40:10,364 - Knowledge - INFO - Found code-base-name: https://github.com/DanAnt123/react-bank.git:master
2025-08-06 15:40:10,884 - Knowledge - INFO - Found code_base: <app.utils.kg_build.knowledge.KnowledgeCodeBase object at 0x7fa3f4c2df50>
2025-08-06 15:40:10,364 - Knowledge - INFO - worker kw16 pull /app/data/T0015/29462/b6613se/react-bank/api/extensions/users-permissions/models/User.settings.json from ingest queue
2025-08-06 15:40:10,376 - Knowledge - INFO - persist ingested knowledge for /app/data/T0015/29462/b6613se/react-bank/web/scss/_custom-mixins.scss
2025-08-06 15:40:10,436 - Knowledge - INFO - worker kw25 pull /app/data/T0015/29462/b6613se/react-bank/api/extensions/users-permissions/config/jwt.js from ingest queue
2025-08-06 15:40:10,437 - Knowledge - INFO - worker kw1 pull /app/data/T0015/29462/b6613se/react-bank/api/extensions/users-permissions/config/routes.json from ingest queue
2025-08-06 15:40:11,358 - Knowledge - INFO - Thread kw1 - File routes.json - Remaining files in queue: 229
2025-08-06 15:40:10,453 - Knowledge - INFO - Found code_base: <app.utils.kg_build.knowledge.KnowledgeCodeBase object at 0x7fa3f4c2df50>
2025-08-06 15:40:10,502 - Knowledge - INFO - Found code-base-name: https://github.com/DanAnt123/react-bank.git:master
2025-08-06 15:40:10,502 - Knowledge - INFO - adding /app/data/T0015/29462/b6613se/react-bank/web/scss/_forms.scss to ingest queue
2025-08-06 15:40:11,706 - Knowledge - INFO - Found code-base-name: https://github.com/DanAnt123/react-bank.git:master
2025-08-06 15:40:10,619 - Knowledge - INFO - persist ingested knowledge for /app/data/T0015/29462/b6613se/react-bank/web/scss/_module.scss
2025-08-06 15:40:10,738 - Knowledge - INFO - process ingested knowledge for /app/data/T0015/29462/b6613se/react-bank/web/public/robots.txt
2025-08-06 15:40:10,809 - Knowledge - INFO - process ingested knowledge for /app/data/T0015/29462/b6613se/react-bank/web/public/manifest.json
2025-08-06 15:40:10,364 - Knowledge - INFO - worker kw18 pull /app/data/T0015/29462/b6613se/react-bank/README.md from ingest queue
2025-08-06 15:40:10,968 - Knowledge - INFO - persist ingested knowledge for /app/data/T0015/29462/b6613se/react-bank/web/tsconfig.base.json
2025-08-06 15:40:11,066 - Knowledge - INFO - Thread kw16 - File User.settings.json - Remaining files in queue: 229
2025-08-06 15:40:11,273 - Knowledge - INFO - Thread kw25 - File jwt.js - Remaining files in queue: 229
2025-08-06 15:40:10,437 - Knowledge - INFO - worker kw2 pull /app/data/T0015/29462/b6613se/react-bank/api/extensions/users-permissions/controllers/user.js from ingest queue
2025-08-06 15:40:11,444 - Knowledge - INFO - start ingest for /app/data/T0015/29462/b6613se/react-bank/api/extensions/users-permissions/config/routes.json
2025-08-06 15:40:11,540 - Knowledge - INFO - persist ingested knowledge for /app/data/T0015/29462/b6613se/react-bank/web/scss/_all-utilities.scss
2025-08-06 15:40:11,624 - Knowledge - INFO - Found code_base: <app.utils.kg_build.knowledge.KnowledgeCodeBase object at 0x7fa3f4c2df50>
2025-08-06 15:40:10,124 - Knowledge - INFO - Found code-base-name: https://github.com/DanAnt123/react-bank.git:master
2025-08-06 15:40:11,707 - Knowledge - INFO - Found code-base-name: https://github.com/DanAnt123/react-bank.git:master
2025-08-06 15:40:11,707 - Knowledge - INFO - adding /app/data/T0015/29462/b6613se/react-bank/web/src/reducers/panel.ts to ingest queue
2025-08-06 15:40:11,788 - Knowledge - INFO - Found code_base: <app.utils.kg_build.knowledge.KnowledgeCodeBase object at 0x7fa3f4c2df50>
2025-08-06 15:40:12,180 - Knowledge - INFO - process ingested knowledge for /app/data/T0015/29462/b6613se/react-bank/README.md
2025-08-06 15:40:12,305 - Knowledge - INFO - start ingest for /app/data/T0015/29462/b6613se/react-bank/api/extensions/users-permissions/models/User.settings.json
2025-08-06 15:40:12,378 - Knowledge - INFO - start ingest for /app/data/T0015/29462/b6613se/react-bank/api/extensions/users-permissions/config/jwt.js
2025-08-06 15:40:12,491 - Knowledge - INFO - Thread kw2 - File user.js - Remaining files in queue: 230
2025-08-06 15:40:12,579 - Knowledge - INFO - Fast-track processing for simple file: /app/data/T0015/29462/b6613se/react-bank/api/extensions/users-permissions/config/routes.json
2025-08-06 15:40:12,757 - Knowledge - INFO - persist ingested knowledge for /app/data/T0015/29462/b6613se/react-bank/web/tsconfig.json
2025-08-06 15:40:12,865 - Knowledge - INFO - Found code_base: <app.utils.kg_build.knowledge.KnowledgeCodeBase object at 0x7fa3f4c2df50>
2025-08-06 15:40:12,945 - Knowledge - INFO - Found code_base: <app.utils.kg_build.knowledge.KnowledgeCodeBase object at 0x7fa3f4c2df50>
2025-08-06 15:40:13,021 - Knowledge - INFO - adding /app/data/T0015/29462/b6613se/react-bank/web/src/reducers/messages.ts to ingest queue
2025-08-06 15:40:13,106 - Knowledge - INFO - persist ingested knowledge for /app/data/T0015/29462/b6613se/react-bank/web/public/index.html
2025-08-06 15:40:13,272 - Knowledge - INFO - Fast-track processing for simple file: /app/data/T0015/29462/b6613se/react-bank/api/extensions/users-permissions/models/User.settings.json
2025-08-06 15:40:13,353 - Knowledge - INFO - Fast-track processing for simple file: /app/data/T0015/29462/b6613se/react-bank/api/extensions/users-permissions/config/jwt.js
2025-08-06 15:40:13,436 - Knowledge - INFO - start ingest for /app/data/T0015/29462/b6613se/react-bank/api/extensions/users-permissions/controllers/user.js
2025-08-06 15:40:13,540 - Knowledge - INFO - done fast ingest for /app/data/T0015/29462/b6613se/react-bank/api/extensions/users-permissions/config/routes.json
2025-08-06 15:40:13,705 - Knowledge - INFO - persist ingested knowledge for /app/data/T0015/29462/b6613se/react-bank/web/scss/_custom-variables.scss
2025-08-06 15:40:13,796 - Knowledge - INFO - persist ingested knowledge for /app/data/T0015/29462/b6613se/react-bank/web/scss/site.scss
2025-08-06 15:40:13,906 - Knowledge - INFO - worker kw19 pull /app/data/T0015/29462/b6613se/react-bank/api/extensions/users-permissions/controllers/functions/register-valids.js from ingest queue
2025-08-06 15:40:13,907 - Knowledge - INFO - adding /app/data/T0015/29462/b6613se/react-bank/web/package.json to ingest queue
2025-08-06 15:40:14,107 - Knowledge - INFO - done fast ingest for /app/data/T0015/29462/b6613se/react-bank/api/extensions/users-permissions/models/User.settings.json
2025-08-06 15:40:14,224 - Knowledge - INFO - done fast ingest for /app/data/T0015/29462/b6613se/react-bank/api/extensions/users-permissions/config/jwt.js
2025-08-06 15:40:14,307 - Knowledge - INFO - Fast-track processing for simple file: /app/data/T0015/29462/b6613se/react-bank/api/extensions/users-permissions/controllers/user.js
2025-08-06 15:40:14,387 - Knowledge - INFO - process ingested knowledge for /app/data/T0015/29462/b6613se/react-bank/api/extensions/users-permissions/config/routes.json
2025-08-06 15:40:14,648 - Knowledge - INFO - Thread kw19 - File register-valids.js - Remaining files in queue: 231
2025-08-06 15:40:14,748 - Knowledge - INFO - adding /app/data/T0015/29462/b6613se/react-bank/web/src/reducers/index.ts to ingest queue
2025-08-06 15:40:14,842 - Knowledge - INFO - process ingested knowledge for /app/data/T0015/29462/b6613se/react-bank/api/extensions/users-permissions/models/User.settings.json
2025-08-06 15:40:14,953 - Knowledge - INFO - process ingested knowledge for /app/data/T0015/29462/b6613se/react-bank/api/extensions/users-permissions/config/jwt.js
2025-08-06 15:40:15,022 - Knowledge - INFO - done fast ingest for /app/data/T0015/29462/b6613se/react-bank/api/extensions/users-permissions/controllers/user.js
2025-08-06 15:40:15,183 - Knowledge - INFO - start ingest for /app/data/T0015/29462/b6613se/react-bank/api/extensions/users-permissions/controllers/functions/register-valids.js
2025-08-06 15:40:15,273 - Knowledge - INFO - adding /app/data/T0015/29462/b6613se/react-bank/web/README-Create-React-App.md to ingest queue
2025-08-06 15:40:15,570 - Knowledge - INFO - process ingested knowledge for /app/data/T0015/29462/b6613se/react-bank/api/extensions/users-permissions/controllers/user.js
2025-08-06 15:40:15,766 - Knowledge - INFO - adding /app/data/T0015/29462/b6613se/react-bank/web/scss/vendor.scss to ingest queue
2025-08-06 15:40:15,991 - Knowledge - INFO - worker kw6 pull /app/data/T0015/29462/b6613se/react-bank/api/extensions/users-permissions/controllers/functions/get-myself.js from ingest queue
2025-08-06 15:40:15,992 - Knowledge - INFO - adding /app/data/T0015/29462/b6613se/react-bank/web/scss/pagination.scss to ingest queue
2025-08-06 15:40:16,086 - Knowledge - INFO - Thread kw6 - File get-myself.js - Remaining files in queue: 234
2025-08-06 15:40:16,240 - Knowledge - INFO - Found code-base-name: https://github.com/DanAnt123/react-bank.git:master
2025-08-06 15:40:16,240 - Knowledge - INFO - adding /app/data/T0015/29462/b6613se/react-bank/web/scss/_module.scss to ingest queue
2025-08-06 15:40:16,257 - Knowledge - INFO - start ingest for /app/data/T0015/29462/b6613se/react-bank/api/extensions/users-permissions/controllers/functions/get-myself.js
2025-08-06 15:40:16,343 - Knowledge - INFO - Found code_base: <app.utils.kg_build.knowledge.KnowledgeCodeBase object at 0x7fa3f4c2df50>
2025-08-06 15:40:16,561 - Knowledge - INFO - worker kw14 pull /app/data/T0015/29462/b6613se/react-bank/api/extensions/users-permissions/controllers/functions/register.js from ingest queue
2025-08-06 15:40:16,561 - Knowledge - INFO - Found code-base-name: https://github.com/DanAnt123/react-bank.git:master
2025-08-06 15:40:16,561 - Knowledge - INFO - worker kw17 pull /app/data/T0015/29462/b6613se/react-bank/api/package.json from ingest queue
2025-08-06 15:40:16,562 - Knowledge - INFO - worker kw21 pull /app/data/T0015/29462/b6613se/react-bank/api/server.js from ingest queue
2025-08-06 15:40:16,588 - Knowledge - INFO - persist ingested knowledge for /app/data/T0015/29462/b6613se/react-bank/web/public/robots.txt
2025-08-06 15:40:16,649 - Knowledge - INFO - worker kw9 pull /app/data/T0015/29462/b6613se/react-bank/api/extensions/users-permissions/controllers/functions/login.js from ingest queue
2025-08-06 15:40:16,649 - Knowledge - INFO - worker kw7 pull /app/data/T0015/29462/b6613se/react-bank/api/api/settings/models/settings.settings.json from ingest queue
2025-08-06 15:40:16,650 - Knowledge - INFO - Found code-base-name: https://github.com/DanAnt123/react-bank.git:master
2025-08-06 15:40:16,653 - Knowledge - INFO - Found code-base-name: https://github.com/DanAnt123/react-bank.git:master
2025-08-06 15:40:16,653 - Knowledge - INFO - worker kw12 pull /app/data/T0015/29462/b6613se/react-bank/api/api/form/controllers/form.js from ingest queue
2025-08-06 15:40:16,653 - Knowledge - INFO - adding /app/data/T0015/29462/b6613se/react-bank/web/scss/_custom-mixins.scss to ingest queue
2025-08-06 15:40:16,669 - Knowledge - INFO - Thread kw14 - File register.js - Remaining files in queue: 230
2025-08-06 15:40:16,756 - Knowledge - INFO - Found code_base: <app.utils.kg_build.knowledge.KnowledgeCodeBase object at 0x7fa3f4c2df50>
2025-08-06 15:40:17,022 - Knowledge - INFO - Thread kw17 - File package.json - Remaining files in queue: 230
2025-08-06 15:40:17,114 - Knowledge - INFO - Thread kw21 - File server.js - Remaining files in queue: 230
2025-08-06 15:40:17,296 - Knowledge - INFO - Thread kw9 - File login.js - Remaining files in queue: 230
2025-08-06 15:40:17,373 - Knowledge - INFO - Thread kw7 - File settings.settings.json - Remaining files in queue: 230
2025-08-06 15:40:17,451 - Knowledge - INFO - Found code_base: <app.utils.kg_build.knowledge.KnowledgeCodeBase object at 0x7fa3f4c2df50>
2025-08-06 15:40:17,550 - Knowledge - INFO - Found code_base: <app.utils.kg_build.knowledge.KnowledgeCodeBase object at 0x7fa3f4c2df50>
2025-08-06 15:40:17,658 - Knowledge - INFO - Thread kw12 - File form.js - Remaining files in queue: 230
2025-08-06 15:40:17,746 - Knowledge - INFO - Found code-base-name: https://github.com/DanAnt123/react-bank.git:master
2025-08-06 15:40:17,747 - Knowledge - INFO - worker kw8 pull /app/data/T0015/29462/b6613se/react-bank/api/api/card/models/card.settings.json from ingest queue
2025-08-06 15:40:17,824 - Knowledge - INFO - adding /app/data/T0015/29462/b6613se/react-bank/web/scss/_all-utilities.scss to ingest queue
2025-08-06 15:40:17,841 - Knowledge - INFO - start ingest for /app/data/T0015/29462/b6613se/react-bank/api/extensions/users-permissions/controllers/functions/register.js
2025-08-06 15:40:17,919 - Knowledge - INFO - persist ingested knowledge for /app/data/T0015/29462/b6613se/react-bank/README.md
2025-08-06 15:40:18,012 - Knowledge - INFO - start ingest for /app/data/T0015/29462/b6613se/react-bank/api/package.json
2025-08-06 15:40:18,088 - Knowledge - INFO - start ingest for /app/data/T0015/29462/b6613se/react-bank/api/server.js
2025-08-06 15:40:18,180 - Knowledge - INFO - start ingest for /app/data/T0015/29462/b6613se/react-bank/api/extensions/users-permissions/controllers/functions/login.js
2025-08-06 15:40:18,297 - Knowledge - INFO - start ingest for /app/data/T0015/29462/b6613se/react-bank/api/api/settings/models/settings.settings.json
2025-08-06 15:40:18,369 - Knowledge - INFO - persist ingested knowledge for /app/data/T0015/29462/b6613se/react-bank/api/extensions/users-permissions/models/User.settings.json
2025-08-06 15:40:18,454 - Knowledge - INFO - persist ingested knowledge for /app/data/T0015/29462/b6613se/react-bank/api/extensions/users-permissions/controllers/user.js
2025-08-06 15:40:18,579 - Knowledge - INFO - start ingest for /app/data/T0015/29462/b6613se/react-bank/api/api/form/controllers/form.js
2025-08-06 15:40:18,681 - Knowledge - INFO - Found code_base: <app.utils.kg_build.knowledge.KnowledgeCodeBase object at 0x7fa3f4c2df50>
2025-08-06 15:40:18,774 - Knowledge - INFO - Thread kw8 - File card.settings.json - Remaining files in queue: 230
2025-08-06 15:40:19,062 - Knowledge - INFO - adding /app/data/T0015/29462/b6613se/react-bank/web/scss/site.scss to ingest queue
2025-08-06 15:40:19,191 - Knowledge - INFO - Fast-track processing for simple file: /app/data/T0015/29462/b6613se/react-bank/api/package.json
2025-08-06 15:40:19,300 - Knowledge - INFO - Fast-track processing for simple file: /app/data/T0015/29462/b6613se/react-bank/api/server.js
2025-08-06 15:40:19,361 - Knowledge - INFO - done ingest for /app/data/T0015/29462/b6613se/react-bank/api/extensions/users-permissions/controllers/functions/register-valids.js
2025-08-06 15:40:19,472 - Knowledge - INFO - Fast-track processing for simple file: /app/data/T0015/29462/b6613se/react-bank/api/api/settings/models/settings.settings.json
2025-08-06 15:40:19,872 - Knowledge - INFO - persist ingested knowledge for /app/data/T0015/29462/b6613se/react-bank/web/public/manifest.json
2025-08-06 15:40:19,941 - Knowledge - INFO - start ingest for /app/data/T0015/29462/b6613se/react-bank/api/api/card/models/card.settings.json
2025-08-06 15:40:20,015 - Knowledge - INFO - Found code-base-name: https://github.com/DanAnt123/react-bank.git:master
2025-08-06 15:40:20,017 - Knowledge - INFO - Found code-base-name: https://github.com/DanAnt123/react-bank.git:master
2025-08-06 15:40:20,017 - Knowledge - INFO - worker kw24 pull /app/data/T0015/29462/b6613se/react-bank/api/api/card/config/routes.json from ingest queue
2025-08-06 15:40:20,019 - Knowledge - INFO - worker kw10 pull /app/data/T0015/29462/b6613se/react-bank/api/api/card/controllers/card.js from ingest queue
2025-08-06 15:40:20,019 - Knowledge - INFO - worker kw20 pull /app/data/T0015/29462/b6613se/react-bank/api/api/settings/config/routes.json from ingest queue
2025-08-06 15:40:20,019 - Knowledge - INFO - adding /app/data/T0015/29462/b6613se/react-bank/web/tsconfig.base.json to ingest queue
2025-08-06 15:40:20,137 - Knowledge - INFO - done fast ingest for /app/data/T0015/29462/b6613se/react-bank/api/package.json
2025-08-06 15:40:20,213 - Knowledge - INFO - done fast ingest for /app/data/T0015/29462/b6613se/react-bank/api/server.js
2025-08-06 15:40:20,332 - Knowledge - INFO - process ingested knowledge for /app/data/T0015/29462/b6613se/react-bank/api/extensions/users-permissions/controllers/functions/register-valids.js
2025-08-06 15:40:20,382 - Knowledge - INFO - done fast ingest for /app/data/T0015/29462/b6613se/react-bank/api/api/settings/models/settings.settings.json
2025-08-06 15:40:20,592 - Knowledge - INFO - Fast-track processing for simple file: /app/data/T0015/29462/b6613se/react-bank/api/api/card/models/card.settings.json
2025-08-06 15:40:20,681 - Knowledge - INFO - Found code_base: <app.utils.kg_build.knowledge.KnowledgeCodeBase object at 0x7fa3f4c2df50>
2025-08-06 15:40:20,804 - Knowledge - INFO - Found code_base: <app.utils.kg_build.knowledge.KnowledgeCodeBase object at 0x7fa3f4c2df50>
2025-08-06 15:40:20,919 - Knowledge - INFO - Thread kw24 - File routes.json - Remaining files in queue: 229
2025-08-06 15:40:20,998 - Knowledge - INFO - Thread kw10 - File card.js - Remaining files in queue: 229
2025-08-06 15:40:21,085 - Knowledge - INFO - Thread kw20 - File routes.json - Remaining files in queue: 229
2025-08-06 15:40:21,169 - Knowledge - INFO - worker kw4 pull /app/data/T0015/29462/b6613se/react-bank/api/api/common/controllers/clean-database.js from ingest queue
2025-08-06 15:40:21,174 - Knowledge - INFO - adding /app/data/T0015/29462/b6613se/react-bank/web/scss/_custom-variables.scss to ingest queue
2025-08-06 15:40:21,258 - Knowledge - INFO - process ingested knowledge for /app/data/T0015/29462/b6613se/react-bank/api/package.json
2025-08-06 15:40:21,417 - Knowledge - INFO - process ingested knowledge for /app/data/T0015/29462/b6613se/react-bank/api/server.js
2025-08-06 15:40:21,540 - Knowledge - INFO - process ingested knowledge for /app/data/T0015/29462/b6613se/react-bank/api/api/settings/models/settings.settings.json
2025-08-06 15:40:21,567 - Knowledge - INFO - done ingest for /app/data/T0015/29462/b6613se/react-bank/api/extensions/users-permissions/controllers/functions/get-myself.js
2025-08-06 15:40:21,659 - Knowledge - INFO - done fast ingest for /app/data/T0015/29462/b6613se/react-bank/api/api/card/models/card.settings.json
2025-08-06 15:40:21,756 - Knowledge - INFO - persist ingested knowledge for /app/data/T0015/29462/b6613se/react-bank/api/extensions/users-permissions/config/routes.json
2025-08-06 15:40:21,838 - Knowledge - INFO - persist ingested knowledge for /app/data/T0015/29462/b6613se/react-bank/api/extensions/users-permissions/config/jwt.js
2025-08-06 15:40:21,932 - Knowledge - INFO - start ingest for /app/data/T0015/29462/b6613se/react-bank/api/api/card/config/routes.json
2025-08-06 15:40:22,020 - Knowledge - INFO - start ingest for /app/data/T0015/29462/b6613se/react-bank/api/api/card/controllers/card.js
2025-08-06 15:40:22,129 - Knowledge - INFO - start ingest for /app/data/T0015/29462/b6613se/react-bank/api/api/settings/config/routes.json
2025-08-06 15:40:22,241 - Knowledge - INFO - Thread kw4 - File clean-database.js - Remaining files in queue: 229
2025-08-06 15:40:22,667 - Knowledge - INFO - worker kw11 pull /app/data/T0015/29462/b6613se/react-bank/api/api/common/controllers/common.js from ingest queue
2025-08-06 15:40:22,764 - Knowledge - INFO - process ingested knowledge for /app/data/T0015/29462/b6613se/react-bank/api/extensions/users-permissions/controllers/functions/get-myself.js
2025-08-06 15:40:22,787 - Knowledge - INFO - adding /app/data/T0015/29462/b6613se/react-bank/web/public/index.html to ingest queue
2025-08-06 15:40:22,812 - Knowledge - INFO - process ingested knowledge for /app/data/T0015/29462/b6613se/react-bank/api/api/card/models/card.settings.json
2025-08-06 15:40:23,142 - Knowledge - INFO - Fast-track processing for simple file: /app/data/T0015/29462/b6613se/react-bank/api/api/card/config/routes.json
2025-08-06 15:40:23,360 - Knowledge - INFO - Fast-track processing for simple file: /app/data/T0015/29462/b6613se/react-bank/api/api/settings/config/routes.json
2025-08-06 15:40:23,441 - Knowledge - INFO - start ingest for /app/data/T0015/29462/b6613se/react-bank/api/api/common/controllers/clean-database.js
2025-08-06 15:40:23,545 - Knowledge - INFO - Thread kw11 - File common.js - Remaining files in queue: 229
2025-08-06 15:40:23,729 - Knowledge - INFO - worker kw15 pull /app/data/T0015/29462/b6613se/react-bank/api/api/form/config/routes.json from ingest queue
2025-08-06 15:40:23,732 - Knowledge - INFO - worker kw22 pull /app/data/T0015/29462/b6613se/react-bank/api/api/common/config/routes.json from ingest queue
2025-08-06 15:40:23,733 - Knowledge - INFO - adding /app/data/T0015/29462/b6613se/react-bank/README.md to ingest queue
2025-08-06 15:40:23,937 - Knowledge - INFO - done fast ingest for /app/data/T0015/29462/b6613se/react-bank/api/api/card/config/routes.json
2025-08-06 15:40:24,018 - Knowledge - INFO - done fast ingest for /app/data/T0015/29462/b6613se/react-bank/api/api/settings/config/routes.json
2025-08-06 15:40:24,201 - Knowledge - INFO - start ingest for /app/data/T0015/29462/b6613se/react-bank/api/api/common/controllers/common.js
2025-08-06 15:40:24,311 - Knowledge - INFO - Thread kw15 - File routes.json - Remaining files in queue: 228
2025-08-06 15:40:24,408 - Knowledge - INFO - Thread kw22 - File routes.json - Remaining files in queue: 228
2025-08-06 15:40:24,501 - Knowledge - INFO - Found code-base-name: https://github.com/DanAnt123/react-bank.git:master
2025-08-06 15:40:24,501 - Knowledge - INFO - worker kw16 pull /app/data/T0015/29462/b6613se/react-bank/api/api/settings/controllers/settings.js from ingest queue
2025-08-06 15:40:24,501 - Knowledge - INFO - adding /app/data/T0015/29462/b6613se/react-bank/web/tsconfig.json to ingest queue
2025-08-06 15:40:24,585 - Knowledge - INFO - process ingested knowledge for /app/data/T0015/29462/b6613se/react-bank/api/api/card/config/routes.json
2025-08-06 15:40:24,718 - Knowledge - INFO - process ingested knowledge for /app/data/T0015/29462/b6613se/react-bank/api/api/settings/config/routes.json
2025-08-06 15:40:24,930 - Knowledge - INFO - start ingest for /app/data/T0015/29462/b6613se/react-bank/api/api/form/config/routes.json
2025-08-06 15:40:25,022 - Knowledge - INFO - start ingest for /app/data/T0015/29462/b6613se/react-bank/api/api/common/config/routes.json
2025-08-06 15:40:25,172 - Knowledge - INFO - Found code_base: <app.utils.kg_build.knowledge.KnowledgeCodeBase object at 0x7fa3f4c2df50>
2025-08-06 15:40:25,261 - Knowledge - INFO - Thread kw16 - File settings.js - Remaining files in queue: 228
2025-08-06 15:40:25,387 - Knowledge - INFO - worker kw2 pull /app/data/T0015/29462/b6613se/react-bank/api/api/common/controllers/generate-dummy-data.js from ingest queue
2025-08-06 15:40:25,396 - Knowledge - INFO - adding /app/data/T0015/29462/b6613se/react-bank/web/public/manifest.json to ingest queue
2025-08-06 15:40:25,707 - Knowledge - INFO - Fast-track processing for simple file: /app/data/T0015/29462/b6613se/react-bank/api/api/form/config/routes.json
2025-08-06 15:40:25,818 - Knowledge - INFO - Fast-track processing for simple file: /app/data/T0015/29462/b6613se/react-bank/api/api/common/config/routes.json
2025-08-06 15:40:26,431 - Knowledge - INFO - done fast ingest for /app/data/T0015/29462/b6613se/react-bank/api/api/common/config/routes.json
2025-08-06 15:40:26,005 - Knowledge - INFO - start ingest for /app/data/T0015/29462/b6613se/react-bank/api/api/settings/controllers/settings.js
2025-08-06 15:40:26,097 - Knowledge - INFO - Thread kw2 - File generate-dummy-data.js - Remaining files in queue: 228
2025-08-06 15:40:26,293 - Knowledge - INFO - done fast ingest for /app/data/T0015/29462/b6613se/react-bank/api/api/form/config/routes.json
2025-08-06 15:40:25,904 - Knowledge - INFO - persist ingested knowledge for /app/data/T0015/29462/b6613se/react-bank/api/server.js
2025-08-06 15:40:26,500 - Knowledge - INFO - done ingest for /app/data/T0015/29462/b6613se/react-bank/api/api/form/controllers/form.js
2025-08-06 15:40:26,527 - Knowledge - INFO - process ingested knowledge for /app/data/T0015/29462/b6613se/react-bank/api/api/common/config/routes.json
2025-08-06 15:40:26,608 - Knowledge - INFO - Found code-base-name: https://github.com/DanAnt123/react-bank.git:master
2025-08-06 15:40:26,609 - Knowledge - INFO - Found code-base-name: https://github.com/DanAnt123/react-bank.git:master
2025-08-06 15:40:26,617 - Knowledge - INFO - worker kw23 pull /app/data/T0015/29462/b6613se/react-bank/api/api/transfer/controllers/create-valids.js from ingest queue
2025-08-06 15:40:26,622 - Knowledge - INFO - Found code-base-name: https://github.com/DanAnt123/react-bank.git:master
2025-08-06 15:40:26,630 - Knowledge - INFO - worker kw18 pull /app/data/T0015/29462/b6613se/react-bank/api/api/transfer/models/transfer.settings.json from ingest queue
2025-08-06 15:40:26,632 - Knowledge - INFO - Found code-base-name: https://github.com/DanAnt123/react-bank.git:master
2025-08-06 15:40:27,820 - Knowledge - INFO - Found code_base: <app.utils.kg_build.knowledge.KnowledgeCodeBase object at 0x7fa3f4c2df50>
2025-08-06 15:40:26,638 - Knowledge - INFO - Found code-base-name: https://github.com/DanAnt123/react-bank.git:master
2025-08-06 15:40:26,639 - Knowledge - INFO - worker kw13 pull /app/data/T0015/29462/b6613se/react-bank/api/api/stats/controllers/stats.js from ingest queue
2025-08-06 15:40:26,640 - Knowledge - INFO - worker kw25 pull /app/data/T0015/29462/b6613se/react-bank/api/api/account/models/account.settings.json from ingest queue
2025-08-06 15:40:26,641 - Knowledge - INFO - Found code-base-name: https://github.com/DanAnt123/react-bank.git:master
2025-08-06 15:40:26,641 - Knowledge - INFO - Fast-track processing for simple file: /app/data/T0015/29462/b6613se/react-bank/api/api/settings/controllers/settings.js
2025-08-06 15:40:28,456 - Knowledge - INFO - done fast ingest for /app/data/T0015/29462/b6613se/react-bank/api/api/settings/controllers/settings.js
2025-08-06 15:40:26,644 - Knowledge - INFO - worker kw1 pull /app/data/T0015/29462/b6613se/react-bank/api/api/account/controllers/account.js from ingest queue
2025-08-06 15:40:26,651 - Knowledge - INFO - adding /app/data/T0015/29462/b6613se/react-bank/web/public/robots.txt to ingest queue
2025-08-06 15:40:26,712 - Knowledge - INFO - start ingest for /app/data/T0015/29462/b6613se/react-bank/api/api/common/controllers/generate-dummy-data.js
2025-08-06 15:40:26,843 - Knowledge - INFO - process ingested knowledge for /app/data/T0015/29462/b6613se/react-bank/api/api/form/config/routes.json
2025-08-06 15:40:27,108 - Knowledge - INFO - done ingest for /app/data/T0015/29462/b6613se/react-bank/api/extensions/users-permissions/controllers/functions/login.js
2025-08-06 15:40:27,162 - Knowledge - INFO - process ingested knowledge for /app/data/T0015/29462/b6613se/react-bank/api/api/form/controllers/form.js
2025-08-06 15:40:27,296 - Knowledge - INFO - Found code_base: <app.utils.kg_build.knowledge.KnowledgeCodeBase object at 0x7fa3f4c2df50>
2025-08-06 15:40:27,396 - Knowledge - INFO - Found code_base: <app.utils.kg_build.knowledge.KnowledgeCodeBase object at 0x7fa3f4c2df50>
2025-08-06 15:40:27,515 - Knowledge - INFO - Thread kw23 - File create-valids.js - Remaining files in queue: 223
2025-08-06 15:40:27,648 - Knowledge - INFO - Found code_base: <app.utils.kg_build.knowledge.KnowledgeCodeBase object at 0x7fa3f4c2df50>
2025-08-06 15:40:27,728 - Knowledge - INFO - Thread kw18 - File transfer.settings.json - Remaining files in queue: 223
2025-08-06 15:40:26,637 - Knowledge - INFO - worker kw3 pull /app/data/T0015/29462/b6613se/react-bank/api/api/transfer/config/routes.json from ingest queue
2025-08-06 15:40:27,926 - Knowledge - INFO - done ingest for /app/data/T0015/29462/b6613se/react-bank/api/extensions/users-permissions/controllers/functions/register.js
2025-08-06 15:40:27,928 - Knowledge - INFO - persist ingested knowledge for /app/data/T0015/29462/b6613se/react-bank/api/api/settings/models/settings.settings.json
2025-08-06 15:40:28,093 - Knowledge - INFO - Found code_base: <app.utils.kg_build.knowledge.KnowledgeCodeBase object at 0x7fa3f4c2df50>
2025-08-06 15:40:28,180 - Knowledge - INFO - Thread kw13 - File stats.js - Remaining files in queue: 223
2025-08-06 15:40:28,259 - Knowledge - INFO - Thread kw25 - File account.settings.json - Remaining files in queue: 223
2025-08-06 15:40:28,345 - Knowledge - INFO - Found code_base: <app.utils.kg_build.knowledge.KnowledgeCodeBase object at 0x7fa3f4c2df50>
2025-08-06 15:40:26,644 - Knowledge - INFO - Found code-base-name: https://github.com/DanAnt123/react-bank.git:master
2025-08-06 15:40:28,554 - Knowledge - INFO - process ingested knowledge for /app/data/T0015/29462/b6613se/react-bank/api/api/settings/controllers/settings.js
2025-08-06 15:40:28,622 - Knowledge - INFO - Thread kw1 - File account.js - Remaining files in queue: 223
2025-08-06 15:40:28,841 - Knowledge - INFO - Found code-base-name: https://github.com/DanAnt123/react-bank.git:master
2025-08-06 15:40:28,841 - Knowledge - INFO - worker kw5 pull /app/data/T0015/29462/b6613se/react-bank/api/api/stats/models/stats.settings.json from ingest queue
2025-08-06 15:40:28,841 - Knowledge - INFO - worker kw21 pull /app/data/T0015/29462/b6613se/react-bank/api/api/stats/config/routes.json from ingest queue
2025-08-06 15:40:28,931 - Knowledge - INFO - Found code-base-name: https://github.com/DanAnt123/react-bank.git:master
2025-08-06 15:40:29,095 - Knowledge - INFO - process ingested knowledge for /app/data/T0015/29462/b6613se/react-bank/api/extensions/users-permissions/controllers/functions/login.js
2025-08-06 15:40:29,182 - Knowledge - INFO - Found code-base-name: https://github.com/DanAnt123/react-bank.git:master
2025-08-06 15:40:29,276 - Knowledge - INFO - persist ingested knowledge for /app/data/T0015/29462/b6613se/react-bank/api/extensions/users-permissions/controllers/functions/get-myself.js
2025-08-06 15:40:29,372 - Knowledge - INFO - persist ingested knowledge for /app/data/T0015/29462/b6613se/react-bank/api/extensions/users-permissions/controllers/functions/register-valids.js
2025-08-06 15:40:29,484 - Knowledge - INFO - start ingest for /app/data/T0015/29462/b6613se/react-bank/api/api/transfer/controllers/create-valids.js
2025-08-06 15:40:29,540 - Knowledge - INFO - done ingest for /app/data/T0015/29462/b6613se/react-bank/api/api/card/controllers/card.js
2025-08-06 15:40:29,596 - Knowledge - INFO - persist ingested knowledge for /app/data/T0015/29462/b6613se/react-bank/api/package.json
2025-08-06 15:40:29,679 - Knowledge - INFO - start ingest for /app/data/T0015/29462/b6613se/react-bank/api/api/transfer/models/transfer.settings.json
2025-08-06 15:40:29,776 - Knowledge - INFO - Thread kw3 - File routes.json - Remaining files in queue: 222
2025-08-06 15:40:29,900 - Knowledge - INFO - process ingested knowledge for /app/data/T0015/29462/b6613se/react-bank/api/extensions/users-permissions/controllers/functions/register.js
2025-08-06 15:40:30,032 - Knowledge - INFO - worker kw7 pull /app/data/T0015/29462/b6613se/react-bank/api/api/errors/services/errors.js from ingest queue
2025-08-06 15:40:30,058 - Knowledge - INFO - persist ingested knowledge for /app/data/T0015/29462/b6613se/react-bank/api/api/settings/config/routes.json
2025-08-06 15:40:30,163 - Knowledge - INFO - start ingest for /app/data/T0015/29462/b6613se/react-bank/api/api/stats/controllers/stats.js
2025-08-06 15:40:30,247 - Knowledge - INFO - start ingest for /app/data/T0015/29462/b6613se/react-bank/api/api/account/models/account.settings.json
2025-08-06 15:40:30,328 - Knowledge - INFO - persist ingested knowledge for /app/data/T0015/29462/b6613se/react-bank/api/api/card/models/card.settings.json
2025-08-06 15:40:30,414 - Knowledge - INFO - Found code_base: <app.utils.kg_build.knowledge.KnowledgeCodeBase object at 0x7fa3f4c2df50>
2025-08-06 15:40:30,489 - Knowledge - INFO - Found code-base-name: https://github.com/DanAnt123/react-bank.git:master
2025-08-06 15:40:30,584 - Knowledge - INFO - start ingest for /app/data/T0015/29462/b6613se/react-bank/api/api/account/controllers/account.js
2025-08-06 15:40:30,666 - Knowledge - INFO - Found code_base: <app.utils.kg_build.knowledge.KnowledgeCodeBase object at 0x7fa3f4c2df50>
2025-08-06 15:40:30,774 - Knowledge - INFO - done ingest for /app/data/T0015/29462/b6613se/react-bank/api/api/common/controllers/clean-database.js
2025-08-06 15:40:30,790 - Knowledge - INFO - Thread kw5 - File stats.settings.json - Remaining files in queue: 221
2025-08-06 15:40:30,911 - Knowledge - INFO - Thread kw21 - File routes.json - Remaining files in queue: 221
2025-08-06 15:40:30,990 - Knowledge - INFO - Found code_base: <app.utils.kg_build.knowledge.KnowledgeCodeBase object at 0x7fa3f4c2df50>
2025-08-06 15:40:31,079 - Knowledge - INFO - Found code-base-name: https://github.com/DanAnt123/react-bank.git:master
2025-08-06 15:40:31,167 - Knowledge - INFO - Found code_base: <app.utils.kg_build.knowledge.KnowledgeCodeBase object at 0x7fa3f4c2df50>
2025-08-06 15:40:31,591 - Knowledge - INFO - process ingested knowledge for /app/data/T0015/29462/b6613se/react-bank/api/api/card/controllers/card.js
2025-08-06 15:40:31,746 - Knowledge - INFO - Fast-track processing for simple file: /app/data/T0015/29462/b6613se/react-bank/api/api/transfer/models/transfer.settings.json
2025-08-06 15:40:31,819 - Knowledge - INFO - persist search terms embedding for api/extensions/users-permissions/controllers/functions/get-myself.js
2025-08-06 15:40:31,830 - Knowledge - INFO - start ingest for /app/data/T0015/29462/b6613se/react-bank/api/api/transfer/config/routes.json
2025-08-06 15:40:32,026 - Knowledge - INFO - Thread kw7 - File errors.js - Remaining files in queue: 221
2025-08-06 15:40:32,319 - Knowledge - INFO - Fast-track processing for simple file: /app/data/T0015/29462/b6613se/react-bank/api/api/account/models/account.settings.json
2025-08-06 15:40:33,902 - Knowledge - INFO - done fast ingest for /app/data/T0015/29462/b6613se/react-bank/api/api/account/models/account.settings.json
2025-08-06 15:40:32,590 - Knowledge - INFO - done ingest for /app/data/T0015/29462/b6613se/react-bank/api/api/common/controllers/common.js
2025-08-06 15:40:32,632 - Knowledge - INFO - Found code_base: <app.utils.kg_build.knowledge.KnowledgeCodeBase object at 0x7fa3f4c2df50>
2025-08-06 15:40:32,831 - Knowledge - INFO - persist ingested knowledge for /app/data/T0015/29462/b6613se/react-bank/api/api/common/config/routes.json
2025-08-06 15:40:32,953 - Knowledge - INFO - process ingested knowledge for /app/data/T0015/29462/b6613se/react-bank/api/api/common/controllers/clean-database.js
2025-08-06 15:40:33,010 - Knowledge - INFO - start ingest for /app/data/T0015/29462/b6613se/react-bank/api/api/stats/models/stats.settings.json
2025-08-06 15:40:33,093 - Knowledge - INFO - start ingest for /app/data/T0015/29462/b6613se/react-bank/api/api/stats/config/routes.json
2025-08-06 15:40:33,171 - Knowledge - INFO - persist ingested knowledge for /app/data/T0015/29462/b6613se/react-bank/api/api/form/config/routes.json
2025-08-06 15:40:33,245 - Knowledge - INFO - Found code_base: <app.utils.kg_build.knowledge.KnowledgeCodeBase object at 0x7fa3f4c2df50>
2025-08-06 15:40:33,338 - Knowledge - INFO - persist ingested knowledge for /app/data/T0015/29462/b6613se/react-bank/api/api/form/controllers/form.js
2025-08-06 15:40:33,550 - Knowledge - INFO - done fast ingest for /app/data/T0015/29462/b6613se/react-bank/api/api/transfer/models/transfer.settings.json
2025-08-06 15:40:33,721 - Knowledge - INFO - Fast-track processing for simple file: /app/data/T0015/29462/b6613se/react-bank/api/api/transfer/config/routes.json
2025-08-06 15:40:33,814 - Knowledge - INFO - start ingest for /app/data/T0015/29462/b6613se/react-bank/api/api/errors/services/errors.js
2025-08-06 15:40:32,523 - Knowledge - INFO - persist ingested knowledge for /app/data/T0015/29462/b6613se/react-bank/api/api/card/config/routes.json
2025-08-06 15:40:33,994 - Knowledge - INFO - process ingested knowledge for /app/data/T0015/29462/b6613se/react-bank/api/api/account/models/account.settings.json
2025-08-06 15:40:34,074 - Knowledge - INFO - persist search terms embedding for api/extensions/users-permissions/controllers/functions/register-valids.js
2025-08-06 15:40:34,128 - Knowledge - INFO - process ingested knowledge for /app/data/T0015/29462/b6613se/react-bank/api/api/common/controllers/common.js
2025-08-06 15:40:34,181 - Knowledge - INFO - persist ingested knowledge for /app/data/T0015/29462/b6613se/react-bank/api/api/settings/controllers/settings.js
2025-08-06 15:40:34,519 - Knowledge - INFO - Fast-track processing for simple file: /app/data/T0015/29462/b6613se/react-bank/api/api/stats/models/stats.settings.json
2025-08-06 15:40:34,618 - Knowledge - INFO - Fast-track processing for simple file: /app/data/T0015/29462/b6613se/react-bank/api/api/stats/config/routes.json
2025-08-06 15:40:34,762 - Knowledge - INFO - persist ingested knowledge for /app/data/T0015/29462/b6613se/react-bank/api/extensions/users-permissions/controllers/functions/login.js
2025-08-06 15:40:34,969 - Knowledge - INFO - process ingested knowledge for /app/data/T0015/29462/b6613se/react-bank/api/api/transfer/models/transfer.settings.json
2025-08-06 15:40:35,045 - Knowledge - INFO - done fast ingest for /app/data/T0015/29462/b6613se/react-bank/api/api/transfer/config/routes.json
2025-08-06 15:40:35,691 - Knowledge - INFO - Found code-base-name: https://github.com/DanAnt123/react-bank.git:master
2025-08-06 15:40:35,725 - Knowledge - INFO - done fast ingest for /app/data/T0015/29462/b6613se/react-bank/api/api/stats/models/stats.settings.json
2025-08-06 15:40:35,822 - Knowledge - INFO - done fast ingest for /app/data/T0015/29462/b6613se/react-bank/api/api/stats/config/routes.json
2025-08-06 15:40:36,174 - Knowledge - INFO - Found code-base-name: https://github.com/DanAnt123/react-bank.git:master
2025-08-06 15:40:36,663 - Knowledge - INFO - Found code_base: <app.utils.kg_build.knowledge.KnowledgeCodeBase object at 0x7fa3f4c2df50>
2025-08-06 15:40:36,178 - Knowledge - INFO - process ingested knowledge for /app/data/T0015/29462/b6613se/react-bank/api/api/transfer/config/routes.json
2025-08-06 15:40:36,268 - Knowledge - INFO - done ingest for /app/data/T0015/29462/b6613se/react-bank/api/api/transfer/controllers/create-valids.js
2025-08-06 15:40:36,305 - Knowledge - INFO - Found code_base: <app.utils.kg_build.knowledge.KnowledgeCodeBase object at 0x7fa3f4c2df50>
2025-08-06 15:40:36,398 - Knowledge - INFO - process ingested knowledge for /app/data/T0015/29462/b6613se/react-bank/api/api/stats/models/stats.settings.json
2025-08-06 15:40:36,511 - Knowledge - INFO - process ingested knowledge for /app/data/T0015/29462/b6613se/react-bank/api/api/stats/config/routes.json
2025-08-06 15:40:36,177 - Knowledge - INFO - worker kw6 pull /app/data/T0015/29462/b6613se/react-bank/api/api/message/models/message.settings.json from ingest queue
2025-08-06 15:40:36,794 - Knowledge - INFO - persist ingested knowledge for /app/data/T0015/29462/b6613se/react-bank/api/api/card/controllers/card.js
2025-08-06 15:40:37,071 - Knowledge - INFO - process ingested knowledge for /app/data/T0015/29462/b6613se/react-bank/api/api/transfer/controllers/create-valids.js
2025-08-06 15:40:37,124 - Knowledge - INFO - persist ingested knowledge for /app/data/T0015/29462/b6613se/react-bank/api/extensions/users-permissions/controllers/functions/register.js
2025-08-06 15:40:37,504 - Knowledge - INFO - persist search terms embedding for api/api/form/controllers/form.js
2025-08-06 15:40:37,519 - Knowledge - INFO - Thread kw6 - File message.settings.json - Remaining files in queue: 220
2025-08-06 15:40:37,687 - Knowledge - INFO - done ingest for /app/data/T0015/29462/b6613se/react-bank/api/api/stats/controllers/stats.js
2025-08-06 15:40:37,912 - Knowledge - INFO - done ingest for /app/data/T0015/29462/b6613se/react-bank/api/api/account/controllers/account.js
2025-08-06 15:40:38,007 - Knowledge - INFO - start ingest for /app/data/T0015/29462/b6613se/react-bank/api/api/message/models/message.settings.json
2025-08-06 15:40:38,015 - Knowledge - INFO - Found code-base-name: https://github.com/DanAnt123/react-bank.git:master
2025-08-06 15:40:38,015 - Knowledge - INFO - worker kw19 pull /app/data/T0015/29462/b6613se/react-bank/api/api/transfer/controllers/transfer.js from ingest queue
2025-08-06 15:40:38,015 - Knowledge - INFO - Found code-base-name: https://github.com/DanAnt123/react-bank.git:master
2025-08-06 15:40:38,016 - Knowledge - INFO - worker kw17 pull /app/data/T0015/29462/b6613se/react-bank/api/api/message/controllers/message.js from ingest queue
2025-08-06 15:40:38,016 - Knowledge - INFO - worker kw20 pull /app/data/T0015/29462/b6613se/react-bank/api/api/account/config/routes.json from ingest queue
2025-08-06 15:40:38,016 - Knowledge - INFO - Found code-base-name: https://github.com/DanAnt123/react-bank.git:master
2025-08-06 15:40:38,810 - Knowledge - INFO - Found code_base: <app.utils.kg_build.knowledge.KnowledgeCodeBase object at 0x7fa3f4c2df50>
2025-08-06 15:40:38,016 - Knowledge - INFO - worker kw22 pull /app/data/T0015/29462/b6613se/react-bank/api/components/stats/stats-component.json from ingest queue
2025-08-06 15:40:38,016 - Knowledge - INFO - worker kw15 pull /app/data/T0015/29462/b6613se/react-bank/api/config/policies/pass-jwt-user.js from ingest queue
2025-08-06 15:40:38,016 - Knowledge - INFO - Found code-base-name: https://github.com/DanAnt123/react-bank.git:master
2025-08-06 15:40:38,114 - Knowledge - INFO - process ingested knowledge for /app/data/T0015/29462/b6613se/react-bank/api/api/stats/controllers/stats.js
2025-08-06 15:40:38,215 - Knowledge - INFO - process ingested knowledge for /app/data/T0015/29462/b6613se/react-bank/api/api/account/controllers/account.js
2025-08-06 15:40:38,291 - Knowledge - INFO - Fast-track processing for simple file: /app/data/T0015/29462/b6613se/react-bank/api/api/message/models/message.settings.json
2025-08-06 15:40:38,362 - Knowledge - INFO - Found code_base: <app.utils.kg_build.knowledge.KnowledgeCodeBase object at 0x7fa3f4c2df50>
2025-08-06 15:40:38,455 - Knowledge - INFO - Thread kw19 - File transfer.js - Remaining files in queue: 215
2025-08-06 15:40:38,564 - Knowledge - INFO - Found code_base: <app.utils.kg_build.knowledge.KnowledgeCodeBase object at 0x7fa3f4c2df50>
2025-08-06 15:40:38,635 - Knowledge - INFO - Thread kw17 - File message.js - Remaining files in queue: 215
2025-08-06 15:40:38,735 - Knowledge - INFO - Thread kw20 - File routes.json - Remaining files in queue: 215
2025-08-06 15:40:38,016 - Knowledge - INFO - Found code-base-name: https://github.com/DanAnt123/react-bank.git:master
2025-08-06 15:40:38,832 - Knowledge - INFO - persist search terms embedding for api/api/card/controllers/card.js
2025-08-06 15:40:38,891 - Knowledge - INFO - persist ingested knowledge for /app/data/T0015/29462/b6613se/react-bank/api/api/transfer/models/transfer.settings.json
2025-08-06 15:40:38,994 - Knowledge - INFO - Thread kw22 - File stats-component.json - Remaining files in queue: 215
2025-08-06 15:40:39,110 - Knowledge - INFO - Thread kw15 - File pass-jwt-user.js - Remaining files in queue: 215
2025-08-06 15:40:39,199 - Knowledge - INFO - Found code_base: <app.utils.kg_build.knowledge.KnowledgeCodeBase object at 0x7fa3f4c2df50>
2025-08-06 15:40:39,364 - Knowledge - INFO - done ingest for /app/data/T0015/29462/b6613se/react-bank/api/api/errors/services/errors.js
2025-08-06 15:40:39,479 - Knowledge - INFO - done fast ingest for /app/data/T0015/29462/b6613se/react-bank/api/api/message/models/message.settings.json
2025-08-06 15:40:39,500 - Knowledge - INFO - done ingest for /app/data/T0015/29462/b6613se/react-bank/api/api/common/controllers/generate-dummy-data.js
2025-08-06 15:40:39,582 - Knowledge - INFO - persist ingested knowledge for /app/data/T0015/29462/b6613se/react-bank/api/api/account/models/account.settings.json
2025-08-06 15:40:39,684 - Knowledge - INFO - start ingest for /app/data/T0015/29462/b6613se/react-bank/api/api/transfer/controllers/transfer.js
2025-08-06 15:40:39,772 - Knowledge - INFO - persist ingested knowledge for /app/data/T0015/29462/b6613se/react-bank/api/api/common/controllers/common.js
2025-08-06 15:40:39,874 - Knowledge - INFO - start ingest for /app/data/T0015/29462/b6613se/react-bank/api/api/message/controllers/message.js
2025-08-06 15:40:39,985 - Knowledge - INFO - start ingest for /app/data/T0015/29462/b6613se/react-bank/api/api/account/config/routes.json
2025-08-06 15:40:40,095 - Knowledge - INFO - Found code_base: <app.utils.kg_build.knowledge.KnowledgeCodeBase object at 0x7fa3f4c2df50>
2025-08-06 15:40:40,209 - Knowledge - INFO - Found code-base-name: https://github.com/DanAnt123/react-bank.git:master
2025-08-06 15:40:40,385 - Knowledge - INFO - start ingest for /app/data/T0015/29462/b6613se/react-bank/api/components/stats/stats-component.json
2025-08-06 15:40:40,481 - Knowledge - INFO - start ingest for /app/data/T0015/29462/b6613se/react-bank/api/config/policies/pass-jwt-user.js
2025-08-06 15:40:40,597 - Knowledge - INFO - persist ingested knowledge for /app/data/T0015/29462/b6613se/react-bank/api/api/stats/models/stats.settings.json
2025-08-06 15:40:40,668 - Knowledge - INFO - persist search terms embedding for api/extensions/users-permissions/controllers/functions/register.js
2025-08-06 15:40:40,717 - Knowledge - INFO - process ingested knowledge for /app/data/T0015/29462/b6613se/react-bank/api/api/errors/services/errors.js
2025-08-06 15:40:40,792 - Knowledge - INFO - process ingested knowledge for /app/data/T0015/29462/b6613se/react-bank/api/api/message/models/message.settings.json
2025-08-06 15:40:40,875 - Knowledge - INFO - process ingested knowledge for /app/data/T0015/29462/b6613se/react-bank/api/api/common/controllers/generate-dummy-data.js
2025-08-06 15:40:41,355 - Knowledge - INFO - Fast-track processing for simple file: /app/data/T0015/29462/b6613se/react-bank/api/api/account/config/routes.json
2025-08-06 15:40:41,434 - Knowledge - INFO - persist ingested knowledge for /app/data/T0015/29462/b6613se/react-bank/api/api/common/controllers/clean-database.js
2025-08-06 15:40:41,546 - Knowledge - INFO - Found code_base: <app.utils.kg_build.knowledge.KnowledgeCodeBase object at 0x7fa3f4c2df50>
2025-08-06 15:40:42,608 - Knowledge - INFO - persist ingested knowledge for /app/data/T0015/29462/b6613se/react-bank/api/api/transfer/controllers/create-valids.js
2025-08-06 15:40:41,783 - Knowledge - INFO - Fast-track processing for simple file: /app/data/T0015/29462/b6613se/react-bank/api/config/policies/pass-jwt-user.js
2025-08-06 15:40:41,996 - Knowledge - INFO - worker kw12 pull /app/data/T0015/29462/b6613se/react-bank/api/config/functions/cron.ts from ingest queue
2025-08-06 15:40:42,908 - Knowledge - INFO - Thread kw12 - File cron.ts - Remaining files in queue: 213
2025-08-06 15:40:42,392 - Knowledge - INFO - persist search terms embedding for api/extensions/users-permissions/controllers/functions/login.js
2025-08-06 15:40:42,403 - Knowledge - INFO - done fast ingest for /app/data/T0015/29462/b6613se/react-bank/api/api/account/config/routes.json
2025-08-06 15:40:41,699 - Knowledge - INFO - Fast-track processing for simple file: /app/data/T0015/29462/b6613se/react-bank/api/components/stats/stats-component.json
2025-08-06 15:40:42,810 - Knowledge - INFO - done fast ingest for /app/data/T0015/29462/b6613se/react-bank/api/config/policies/pass-jwt-user.js
2025-08-06 15:40:41,996 - Knowledge - INFO - worker kw24 pull /app/data/T0015/29462/b6613se/react-bank/api/middlewares/customErrorHandler/index.js from ingest queue
2025-08-06 15:40:42,987 - Knowledge - INFO - start ingest for /app/data/T0015/29462/b6613se/react-bank/api/config/functions/cron.ts
2025-08-06 15:40:43,085 - Knowledge - INFO - Found code-base-name: https://github.com/DanAnt123/react-bank.git:master
2025-08-06 15:40:43,088 - Knowledge - INFO - Found code-base-name: https://github.com/DanAnt123/react-bank.git:master
2025-08-06 15:40:43,088 - Knowledge - INFO - Found code-base-name: https://github.com/DanAnt123/react-bank.git:master
2025-08-06 15:40:43,088 - Knowledge - INFO - Found code-base-name: https://github.com/DanAnt123/react-bank.git:master
2025-08-06 15:40:43,198 - Knowledge - INFO - process ingested knowledge for /app/data/T0015/29462/b6613se/react-bank/api/api/account/config/routes.json
2025-08-06 15:40:43,273 - Knowledge - INFO - done fast ingest for /app/data/T0015/29462/b6613se/react-bank/api/components/stats/stats-component.json
2025-08-06 15:40:43,377 - Knowledge - INFO - process ingested knowledge for /app/data/T0015/29462/b6613se/react-bank/api/config/policies/pass-jwt-user.js
2025-08-06 15:40:43,467 - Knowledge - INFO - Thread kw24 - File index.js - Remaining files in queue: 213
2025-08-06 15:40:43,565 - Knowledge - INFO - Fast-track processing for simple file: /app/data/T0015/29462/b6613se/react-bank/api/config/functions/cron.ts
2025-08-06 15:40:43,641 - Knowledge - INFO - Found code_base: <app.utils.kg_build.knowledge.KnowledgeCodeBase object at 0x7fa3f4c2df50>
2025-08-06 15:40:43,742 - Knowledge - INFO - persist search terms embedding for api/api/common/controllers/common.js
2025-08-06 15:40:43,760 - Knowledge - INFO - Found code_base: <app.utils.kg_build.knowledge.KnowledgeCodeBase object at 0x7fa3f4c2df50>
2025-08-06 15:40:43,892 - Knowledge - INFO - Found code_base: <app.utils.kg_build.knowledge.KnowledgeCodeBase object at 0x7fa3f4c2df50>
2025-08-06 15:40:43,997 - Knowledge - INFO - Found code_base: <app.utils.kg_build.knowledge.KnowledgeCodeBase object at 0x7fa3f4c2df50>
2025-08-06 15:40:44,196 - Knowledge - INFO - process ingested knowledge for /app/data/T0015/29462/b6613se/react-bank/api/components/stats/stats-component.json
2025-08-06 15:40:44,385 - Knowledge - INFO - start ingest for /app/data/T0015/29462/b6613se/react-bank/api/middlewares/customErrorHandler/index.js
2025-08-06 15:40:44,469 - Knowledge - INFO - done fast ingest for /app/data/T0015/29462/b6613se/react-bank/api/config/functions/cron.ts
2025-08-06 15:40:44,563 - Knowledge - INFO - persist ingested knowledge for /app/data/T0015/29462/b6613se/react-bank/api/api/transfer/config/routes.json
2025-08-06 15:40:44,730 - Knowledge - INFO - persist ingested knowledge for /app/data/T0015/29462/b6613se/react-bank/api/api/stats/config/routes.json
2025-08-06 15:40:44,822 - Knowledge - INFO - persist ingested knowledge for /app/data/T0015/29462/b6613se/react-bank/api/api/stats/controllers/stats.js
2025-08-06 15:40:44,847 - Knowledge - INFO - worker kw14 pull /app/data/T0015/29462/b6613se/react-bank/api/develop-inspect.js from ingest queue
2025-08-06 15:40:44,847 - Knowledge - INFO - Found code-base-name: https://github.com/DanAnt123/react-bank.git:master
2025-08-06 15:40:44,847 - Knowledge - INFO - Found code-base-name: https://github.com/DanAnt123/react-bank.git:master
2025-08-06 15:40:44,847 - Knowledge - INFO - Found code-base-name: https://github.com/DanAnt123/react-bank.git:master
2025-08-06 15:40:44,898 - Knowledge - INFO - persist ingested knowledge for /app/data/T0015/29462/b6613se/react-bank/api/api/account/controllers/account.js
2025-08-06 15:40:45,128 - Knowledge - INFO - Fast-track processing for simple file: /app/data/T0015/29462/b6613se/react-bank/api/middlewares/customErrorHandler/index.js
2025-08-06 15:40:45,245 - Knowledge - INFO - persist search terms embedding for api/api/common/controllers/clean-database.js
2025-08-06 15:40:45,270 - Knowledge - INFO - process ingested knowledge for /app/data/T0015/29462/b6613se/react-bank/api/config/functions/cron.ts
2025-08-06 15:40:45,642 - Knowledge - INFO - Thread kw14 - File develop-inspect.js - Remaining files in queue: 212
2025-08-06 15:40:45,721 - Knowledge - INFO - Found code_base: <app.utils.kg_build.knowledge.KnowledgeCodeBase object at 0x7fa3f4c2df50>
2025-08-06 15:40:45,806 - Knowledge - INFO - Found code_base: <app.utils.kg_build.knowledge.KnowledgeCodeBase object at 0x7fa3f4c2df50>
2025-08-06 15:40:45,919 - Knowledge - INFO - Found code_base: <app.utils.kg_build.knowledge.KnowledgeCodeBase object at 0x7fa3f4c2df50>
2025-08-06 15:40:46,109 - Knowledge - INFO - done fast ingest for /app/data/T0015/29462/b6613se/react-bank/api/middlewares/customErrorHandler/index.js
2025-08-06 15:40:46,459 - Knowledge - INFO - start ingest for /app/data/T0015/29462/b6613se/react-bank/api/develop-inspect.js
2025-08-06 15:40:46,545 - Knowledge - INFO - persist ingested knowledge for /app/data/T0015/29462/b6613se/react-bank/api/api/errors/services/errors.js
2025-08-06 15:40:46,642 - Knowledge - INFO - persist ingested knowledge for /app/data/T0015/29462/b6613se/react-bank/api/api/message/models/message.settings.json
2025-08-06 15:40:46,728 - Knowledge - INFO - persist search terms embedding for api/api/transfer/controllers/create-valids.js
2025-08-06 15:40:46,768 - Knowledge - INFO - persist ingested knowledge for /app/data/T0015/29462/b6613se/react-bank/api/api/common/controllers/generate-dummy-data.js
2025-08-06 15:40:46,869 - Knowledge - INFO - process ingested knowledge for /app/data/T0015/29462/b6613se/react-bank/api/middlewares/customErrorHandler/index.js
2025-08-06 15:40:47,245 - Knowledge - INFO - worker kw9 pull /app/data/T0015/29462/b6613se/react-bank/api/public/robots.txt from ingest queue
2025-08-06 15:40:47,247 - Knowledge - INFO - worker kw10 pull /app/data/T0015/29462/b6613se/react-bank/api/config/functions/bootstrap.js from ingest queue
2025-08-06 15:40:47,247 - Knowledge - INFO - worker kw18 pull /app/data/T0015/29462/b6613se/react-bank/api/tsconfig.json from ingest queue
2025-08-06 15:40:47,247 - Knowledge - INFO - Found code-base-name: https://github.com/DanAnt123/react-bank.git:master
2025-08-06 15:40:47,247 - Knowledge - INFO - worker kw11 pull /app/data/T0015/29462/b6613se/react-bank/api/config/functions/responses/404.js from ingest queue
2025-08-06 15:40:47,247 - Knowledge - INFO - worker kw5 pull /app/data/T0015/29462/b6613se/react-bank/old-api/package.json from ingest queue
2025-08-06 15:40:47,247 - Knowledge - INFO - worker kw16 pull /app/data/T0015/29462/b6613se/react-bank/old-api/models/message.js from ingest queue
2025-08-06 15:40:47,560 - Knowledge - INFO - Thread kw9 - File robots.txt - Remaining files in queue: 206
2025-08-06 15:40:47,664 - Knowledge - INFO - Thread kw10 - File bootstrap.js - Remaining files in queue: 206
2025-08-06 15:40:47,705 - Knowledge - INFO - persist search terms embedding for api/api/stats/controllers/stats.js
2025-08-06 15:40:47,787 - Knowledge - INFO - Thread kw18 - File tsconfig.json - Remaining files in queue: 206
2025-08-06 15:40:47,930 - Knowledge - INFO - Found code_base: <app.utils.kg_build.knowledge.KnowledgeCodeBase object at 0x7fa3f4c2df50>
2025-08-06 15:40:48,020 - Knowledge - INFO - done ingest for /app/data/T0015/29462/b6613se/react-bank/api/api/transfer/controllers/transfer.js
2025-08-06 15:40:48,033 - Knowledge - INFO - Thread kw11 - File 404.js - Remaining files in queue: 206
2025-08-06 15:40:48,119 - Knowledge - INFO - Thread kw5 - File package.json - Remaining files in queue: 206
2025-08-06 15:40:48,231 - Knowledge - INFO - Thread kw16 - File message.js - Remaining files in queue: 206
2025-08-06 15:40:48,320 - Knowledge - INFO - start ingest for /app/data/T0015/29462/b6613se/react-bank/api/public/robots.txt
2025-08-06 15:40:48,433 - Knowledge - INFO - start ingest for /app/data/T0015/29462/b6613se/react-bank/api/config/functions/bootstrap.js
2025-08-06 15:40:48,602 - Knowledge - INFO - start ingest for /app/data/T0015/29462/b6613se/react-bank/api/tsconfig.json
2025-08-06 15:40:48,690 - Knowledge - INFO - persist ingested knowledge for /app/data/T0015/29462/b6613se/react-bank/api/config/policies/pass-jwt-user.js
2025-08-06 15:40:48,769 - Knowledge - INFO - process ingested knowledge for /app/data/T0015/29462/b6613se/react-bank/api/api/transfer/controllers/transfer.js
2025-08-06 15:40:48,834 - Knowledge - INFO - start ingest for /app/data/T0015/29462/b6613se/react-bank/api/config/functions/responses/404.js
2025-08-06 15:40:48,938 - Knowledge - INFO - persist search terms embedding for api/api/account/controllers/account.js
2025-08-06 15:40:48,964 - Knowledge - INFO - done ingest for /app/data/T0015/29462/b6613se/react-bank/api/api/message/controllers/message.js
2025-08-06 15:40:48,965 - Knowledge - INFO - start ingest for /app/data/T0015/29462/b6613se/react-bank/old-api/package.json
2025-08-06 15:40:49,045 - Knowledge - INFO - start ingest for /app/data/T0015/29462/b6613se/react-bank/old-api/models/message.js
2025-08-06 15:40:49,156 - Knowledge - INFO - Fast-track processing for simple file: /app/data/T0015/29462/b6613se/react-bank/api/public/robots.txt
2025-08-06 15:40:49,227 - Knowledge - INFO - Fast-track processing for simple file: /app/data/T0015/29462/b6613se/react-bank/api/config/functions/bootstrap.js
2025-08-06 15:40:49,298 - Knowledge - INFO - Fast-track processing for simple file: /app/data/T0015/29462/b6613se/react-bank/api/tsconfig.json
2025-08-06 15:40:49,567 - Knowledge - INFO - Fast-track processing for simple file: /app/data/T0015/29462/b6613se/react-bank/api/config/functions/responses/404.js
2025-08-06 15:40:49,642 - Knowledge - INFO - worker kw4 pull /app/data/T0015/29462/b6613se/react-bank/api/api/message/config/routes.json from ingest queue
2025-08-06 15:40:49,643 - Knowledge - INFO - Found code-base-name: https://github.com/DanAnt123/react-bank.git:master
2025-08-06 15:40:49,726 - Knowledge - INFO - worker kw23 pull /app/data/T0015/29462/b6613se/react-bank/old-api/models/transfer.js from ingest queue
2025-08-06 15:40:49,726 - Knowledge - INFO - worker kw25 pull /app/data/T0015/29462/b6613se/react-bank/api/ecosystem.config.js from ingest queue
2025-08-06 15:40:49,727 - Knowledge - INFO - worker kw8 pull /app/data/T0015/29462/b6613se/react-bank/api/tsconfig.base.json from ingest queue
2025-08-06 15:40:49,734 - Knowledge - INFO - process ingested knowledge for /app/data/T0015/29462/b6613se/react-bank/api/api/message/controllers/message.js
2025-08-06 15:40:49,808 - Knowledge - INFO - Fast-track processing for simple file: /app/data/T0015/29462/b6613se/react-bank/old-api/package.json
2025-08-06 15:40:49,817 - Knowledge - INFO - worker kw3 pull /app/data/T0015/29462/b6613se/react-bank/old-api/routes/stats.js from ingest queue
2025-08-06 15:40:49,817 - Knowledge - INFO - Found code-base-name: https://github.com/DanAnt123/react-bank.git:master
2025-08-06 15:40:49,904 - Knowledge - INFO - Found code-base-name: https://github.com/DanAnt123/react-bank.git:master
2025-08-06 15:40:50,011 - Knowledge - INFO - done fast ingest for /app/data/T0015/29462/b6613se/react-bank/api/public/robots.txt
2025-08-06 15:40:50,119 - Knowledge - INFO - done fast ingest for /app/data/T0015/29462/b6613se/react-bank/api/config/functions/bootstrap.js
2025-08-06 15:40:50,213 - Knowledge - INFO - done fast ingest for /app/data/T0015/29462/b6613se/react-bank/api/tsconfig.json
2025-08-06 15:40:50,293 - Knowledge - INFO - persist search terms embedding for api/api/errors/services/errors.js
2025-08-06 15:40:50,295 - Knowledge - INFO - done fast ingest for /app/data/T0015/29462/b6613se/react-bank/api/config/functions/responses/404.js
2025-08-06 15:40:50,398 - Knowledge - INFO - Thread kw4 - File routes.json - Remaining files in queue: 201
2025-08-06 15:40:50,490 - Knowledge - INFO - Found code_base: <app.utils.kg_build.knowledge.KnowledgeCodeBase object at 0x7fa3f4c2df50>
2025-08-06 15:40:50,583 - Knowledge - INFO - Thread kw23 - File transfer.js - Remaining files in queue: 201
2025-08-06 15:40:50,661 - Knowledge - INFO - Thread kw25 - File ecosystem.config.js - Remaining files in queue: 201
2025-08-06 15:40:50,741 - Knowledge - INFO - Thread kw8 - File tsconfig.base.json - Remaining files in queue: 201
2025-08-06 15:40:50,917 - Knowledge - INFO - done ingest for /app/data/T0015/29462/b6613se/react-bank/api/develop-inspect.js
2025-08-06 15:40:50,945 - Knowledge - INFO - done fast ingest for /app/data/T0015/29462/b6613se/react-bank/old-api/package.json
2025-08-06 15:40:51,044 - Knowledge - INFO - Thread kw3 - File stats.js - Remaining files in queue: 201
2025-08-06 15:40:51,150 - Knowledge - INFO - Found code_base: <app.utils.kg_build.knowledge.KnowledgeCodeBase object at 0x7fa3f4c2df50>
2025-08-06 15:40:51,249 - Knowledge - INFO - Found code_base: <app.utils.kg_build.knowledge.KnowledgeCodeBase object at 0x7fa3f4c2df50>
2025-08-06 15:40:51,313 - Knowledge - INFO - process ingested knowledge for /app/data/T0015/29462/b6613se/react-bank/api/public/robots.txt
2025-08-06 15:40:51,451 - Knowledge - INFO - process ingested knowledge for /app/data/T0015/29462/b6613se/react-bank/api/config/functions/bootstrap.js
2025-08-06 15:40:51,518 - Knowledge - INFO - process ingested knowledge for /app/data/T0015/29462/b6613se/react-bank/api/tsconfig.json
2025-08-06 15:40:51,596 - Knowledge - INFO - worker kw1 pull /app/data/T0015/29462/b6613se/react-bank/old-api/models/user.js from ingest queue
2025-08-06 15:40:51,596 - Knowledge - INFO - Found code-base-name: https://github.com/DanAnt123/react-bank.git:master
2025-08-06 15:40:53,199 - Knowledge - INFO - Found code_base: <app.utils.kg_build.knowledge.KnowledgeCodeBase object at 0x7fa3f4c2df50>
2025-08-06 15:40:51,701 - Knowledge - INFO - process ingested knowledge for /app/data/T0015/29462/b6613se/react-bank/api/config/functions/responses/404.js
2025-08-06 15:40:51,772 - Knowledge - INFO - start ingest for /app/data/T0015/29462/b6613se/react-bank/api/api/message/config/routes.json
2025-08-06 15:40:51,844 - Knowledge - INFO - persist ingested knowledge for /app/data/T0015/29462/b6613se/react-bank/api/config/functions/cron.ts
2025-08-06 15:40:51,955 - Knowledge - INFO - persist search terms embedding for api/api/common/controllers/generate-dummy-data.js
2025-08-06 15:40:51,958 - Knowledge - INFO - start ingest for /app/data/T0015/29462/b6613se/react-bank/old-api/models/transfer.js
2025-08-06 15:40:52,092 - Knowledge - INFO - start ingest for /app/data/T0015/29462/b6613se/react-bank/api/ecosystem.config.js
2025-08-06 15:40:52,205 - Knowledge - INFO - start ingest for /app/data/T0015/29462/b6613se/react-bank/api/tsconfig.base.json
2025-08-06 15:40:52,308 - Knowledge - INFO - process ingested knowledge for /app/data/T0015/29462/b6613se/react-bank/api/develop-inspect.js
2025-08-06 15:40:52,378 - Knowledge - INFO - process ingested knowledge for /app/data/T0015/29462/b6613se/react-bank/old-api/package.json
2025-08-06 15:40:52,462 - Knowledge - INFO - start ingest for /app/data/T0015/29462/b6613se/react-bank/old-api/routes/stats.js
2025-08-06 15:40:52,575 - Knowledge - INFO - persist ingested knowledge for /app/data/T0015/29462/b6613se/react-bank/api/middlewares/customErrorHandler/index.js
2025-08-06 15:40:52,655 - Knowledge - INFO - persist ingested knowledge for /app/data/T0015/29462/b6613se/react-bank/api/api/transfer/controllers/transfer.js
2025-08-06 15:40:53,099 - Knowledge - INFO - Thread kw1 - File user.js - Remaining files in queue: 200
2025-08-06 15:40:51,597 - Knowledge - INFO - Found code-base-name: https://github.com/DanAnt123/react-bank.git:master
2025-08-06 15:40:53,241 - Knowledge - INFO - done ingest for /app/data/T0015/29462/b6613se/react-bank/old-api/models/message.js
2025-08-06 15:40:53,269 - Knowledge - INFO - persist ingested knowledge for /app/data/T0015/29462/b6613se/react-bank/api/api/account/config/routes.json
2025-08-06 15:40:53,474 - Knowledge - INFO - Fast-track processing for simple file: /app/data/T0015/29462/b6613se/react-bank/api/api/message/config/routes.json
2025-08-06 15:40:53,703 - Knowledge - INFO - worker kw21 pull /app/data/T0015/29462/b6613se/react-bank/old-api/models/account.js from ingest queue
2025-08-06 15:40:53,703 - Knowledge - INFO - worker kw13 pull /app/data/T0015/29462/b6613se/react-bank/old-api/app.js from ingest queue
2025-08-06 15:40:53,704 - Knowledge - INFO - Found code-base-name: https://github.com/DanAnt123/react-bank.git:master
2025-08-06 15:40:53,704 - Knowledge - INFO - worker kw7 pull /app/data/T0015/29462/b6613se/react-bank/old-api/routes/forms.js from ingest queue
2025-08-06 15:40:53,704 - Knowledge - INFO - Found code-base-name: https://github.com/DanAnt123/react-bank.git:master
2025-08-06 15:40:53,705 - Knowledge - INFO - Found code-base-name: https://github.com/DanAnt123/react-bank.git:master
2025-08-06 15:40:53,705 - Knowledge - INFO - Found code-base-name: https://github.com/DanAnt123/react-bank.git:master
2025-08-06 15:40:53,783 - Knowledge - INFO - worker kw15 pull /app/data/T0015/29462/b6613se/react-bank/old-api/routes/cards.js from ingest queue
2025-08-06 15:40:53,784 - Knowledge - INFO - worker kw6 pull /app/data/T0015/29462/b6613se/react-bank/old-api/models/card.js from ingest queue
2025-08-06 15:40:53,784 - Knowledge - INFO - Found code-base-name: https://github.com/DanAnt123/react-bank.git:master
2025-08-06 15:40:53,784 - Knowledge - INFO - worker kw2 pull /app/data/T0015/29462/b6613se/react-bank/old-api/models/stat.js from ingest queue
2025-08-06 15:40:53,784 - Knowledge - INFO - worker kw12 pull /app/data/T0015/29462/b6613se/react-bank/old-api/routes/users.js from ingest queue
2025-08-06 15:40:53,869 - Knowledge - INFO - Fast-track processing for simple file: /app/data/T0015/29462/b6613se/react-bank/api/ecosystem.config.js
2025-08-06 15:40:53,964 - Knowledge - INFO - Fast-track processing for simple file: /app/data/T0015/29462/b6613se/react-bank/api/tsconfig.base.json
2025-08-06 15:40:54,059 - Knowledge - INFO - Found code-base-name: https://github.com/DanAnt123/react-bank.git:master
2025-08-06 15:40:54,132 - Knowledge - INFO - Found code-base-name: https://github.com/DanAnt123/react-bank.git:master
2025-08-06 15:40:54,246 - Knowledge - INFO - Fast-track processing for simple file: /app/data/T0015/29462/b6613se/react-bank/old-api/routes/stats.js
2025-08-06 15:40:54,487 - Knowledge - INFO - start ingest for /app/data/T0015/29462/b6613se/react-bank/old-api/models/user.js
2025-08-06 15:40:54,565 - Knowledge - INFO - Found code_base: <app.utils.kg_build.knowledge.KnowledgeCodeBase object at 0x7fa3f4c2df50>
2025-08-06 15:40:54,677 - Knowledge - INFO - process ingested knowledge for /app/data/T0015/29462/b6613se/react-bank/old-api/models/message.js
2025-08-06 15:40:54,848 - Knowledge - INFO - done fast ingest for /app/data/T0015/29462/b6613se/react-bank/api/api/message/config/routes.json
2025-08-06 15:40:54,934 - Knowledge - INFO - persist search terms embedding for api/api/transfer/controllers/transfer.js
2025-08-06 15:40:54,943 - Knowledge - INFO - Thread kw21 - File account.js - Remaining files in queue: 193
2025-08-06 15:40:55,043 - Knowledge - INFO - Thread kw13 - File app.js - Remaining files in queue: 193
2025-08-06 15:40:55,153 - Knowledge - INFO - Found code_base: <app.utils.kg_build.knowledge.KnowledgeCodeBase object at 0x7fa3f4c2df50>
2025-08-06 15:40:57,352 - Knowledge - INFO - persist ingested knowledge for /app/data/T0015/29462/b6613se/react-bank/api/api/message/controllers/message.js
2025-08-06 15:40:55,326 - Knowledge - INFO - Found code_base: <app.utils.kg_build.knowledge.KnowledgeCodeBase object at 0x7fa3f4c2df50>
2025-08-06 15:40:55,413 - Knowledge - INFO - Found code_base: <app.utils.kg_build.knowledge.KnowledgeCodeBase object at 0x7fa3f4c2df50>
2025-08-06 15:40:55,515 - Knowledge - INFO - Found code_base: <app.utils.kg_build.knowledge.KnowledgeCodeBase object at 0x7fa3f4c2df50>
2025-08-06 15:40:55,612 - Knowledge - INFO - Thread kw15 - File cards.js - Remaining files in queue: 193
2025-08-06 15:40:55,693 - Knowledge - INFO - Thread kw6 - File card.js - Remaining files in queue: 193
2025-08-06 15:40:55,802 - Knowledge - INFO - Found code_base: <app.utils.kg_build.knowledge.KnowledgeCodeBase object at 0x7fa3f4c2df50>
2025-08-06 15:40:55,878 - Knowledge - INFO - Thread kw2 - File stat.js - Remaining files in queue: 193
2025-08-06 15:40:55,972 - Knowledge - INFO - Thread kw12 - File users.js - Remaining files in queue: 193
2025-08-06 15:40:56,048 - Knowledge - INFO - done fast ingest for /app/data/T0015/29462/b6613se/react-bank/api/ecosystem.config.js
2025-08-06 15:40:56,165 - Knowledge - INFO - done fast ingest for /app/data/T0015/29462/b6613se/react-bank/api/tsconfig.base.json
2025-08-06 15:40:56,260 - Knowledge - INFO - Found code_base: <app.utils.kg_build.knowledge.KnowledgeCodeBase object at 0x7fa3f4c2df50>
2025-08-06 15:40:56,394 - Knowledge - INFO - Found code_base: <app.utils.kg_build.knowledge.KnowledgeCodeBase object at 0x7fa3f4c2df50>
2025-08-06 15:40:56,488 - Knowledge - INFO - done fast ingest for /app/data/T0015/29462/b6613se/react-bank/old-api/routes/stats.js
2025-08-06 15:40:56,714 - Knowledge - INFO - persist ingested knowledge for /app/data/T0015/29462/b6613se/react-bank/api/components/stats/stats-component.json
2025-08-06 15:40:56,927 - Knowledge - INFO - done ingest for /app/data/T0015/29462/b6613se/react-bank/old-api/models/transfer.js
2025-08-06 15:40:56,933 - Knowledge - INFO - process ingested knowledge for /app/data/T0015/29462/b6613se/react-bank/api/api/message/config/routes.json
2025-08-06 15:40:57,042 - Knowledge - INFO - worker kw24 pull /app/data/T0015/29462/b6613se/react-bank/old-api/routes/auth.js from ingest queue
2025-08-06 15:40:57,138 - Knowledge - INFO - Found code-base-name: https://github.com/DanAnt123/react-bank.git:master
2025-08-06 15:40:57,138 - Knowledge - INFO - worker kw20 pull /app/data/T0015/29462/b6613se/react-bank/old-api/routes/transfers.js from ingest queue
2025-08-06 15:40:57,138 - Knowledge - INFO - worker kw19 pull /app/data/T0015/29462/b6613se/react-bank/old-api/routes/messages.js from ingest queue
2025-08-06 15:40:57,158 - Knowledge - INFO - start ingest for /app/data/T0015/29462/b6613se/react-bank/old-api/models/account.js
2025-08-06 15:40:57,278 - Knowledge - INFO - start ingest for /app/data/T0015/29462/b6613se/react-bank/old-api/app.js
2025-08-06 15:40:55,240 - Knowledge - INFO - Thread kw7 - File forms.js - Remaining files in queue: 193
2025-08-06 15:40:57,587 - Knowledge - INFO - persist ingested knowledge for /app/data/T0015/29462/b6613se/react-bank/api/public/robots.txt
2025-08-06 15:40:57,664 - Knowledge - INFO - persist ingested knowledge for /app/data/T0015/29462/b6613se/react-bank/api/tsconfig.json
2025-08-06 15:40:57,764 - Knowledge - INFO - persist ingested knowledge for /app/data/T0015/29462/b6613se/react-bank/api/config/functions/responses/404.js
2025-08-06 15:40:57,888 - Knowledge - INFO - start ingest for /app/data/T0015/29462/b6613se/react-bank/old-api/routes/cards.js
2025-08-06 15:40:57,896 - Knowledge - INFO - persist search terms embedding for api/api/message/controllers/message.js
2025-08-06 15:40:57,975 - Knowledge - INFO - start ingest for /app/data/T0015/29462/b6613se/react-bank/old-api/models/card.js
2025-08-06 15:40:58,077 - Knowledge - INFO - persist ingested knowledge for /app/data/T0015/29462/b6613se/react-bank/api/config/functions/bootstrap.js
2025-08-06 15:40:58,176 - Knowledge - INFO - start ingest for /app/data/T0015/29462/b6613se/react-bank/old-api/models/stat.js
2025-08-06 15:40:58,297 - Knowledge - INFO - start ingest for /app/data/T0015/29462/b6613se/react-bank/old-api/routes/users.js
2025-08-06 15:40:58,421 - Knowledge - INFO - process ingested knowledge for /app/data/T0015/29462/b6613se/react-bank/api/ecosystem.config.js
2025-08-06 15:40:58,472 - Knowledge - INFO - process ingested knowledge for /app/data/T0015/29462/b6613se/react-bank/api/tsconfig.base.json
2025-08-06 15:40:58,586 - Knowledge - INFO - persist ingested knowledge for /app/data/T0015/29462/b6613se/react-bank/api/develop-inspect.js
2025-08-06 15:40:58,670 - Knowledge - INFO - persist ingested knowledge for /app/data/T0015/29462/b6613se/react-bank/old-api/package.json
2025-08-06 15:40:58,756 - Knowledge - INFO - process ingested knowledge for /app/data/T0015/29462/b6613se/react-bank/old-api/routes/stats.js
2025-08-06 15:40:58,934 - Knowledge - INFO - process ingested knowledge for /app/data/T0015/29462/b6613se/react-bank/old-api/models/transfer.js
2025-08-06 15:40:59,065 - Knowledge - INFO - Thread kw24 - File auth.js - Remaining files in queue: 190
2025-08-06 15:40:59,140 - Knowledge - INFO - Found code_base: <app.utils.kg_build.knowledge.KnowledgeCodeBase object at 0x7fa3f4c2df50>
2025-08-06 15:40:59,245 - Knowledge - INFO - Thread kw20 - File transfers.js - Remaining files in queue: 190
2025-08-06 15:40:59,318 - Knowledge - INFO - Thread kw19 - File messages.js - Remaining files in queue: 190
2025-08-06 15:40:59,626 - Knowledge - INFO - start ingest for /app/data/T0015/29462/b6613se/react-bank/old-api/routes/forms.js
2025-08-06 15:41:00,101 - Knowledge - INFO - worker kw17 pull /app/data/T0015/29462/b6613se/react-bank/old-api/middleware/error-handler.js from ingest queue
2025-08-06 15:41:00,102 - Knowledge - INFO - Found code-base-name: https://github.com/DanAnt123/react-bank.git:master
2025-08-06 15:41:00,356 - Knowledge - INFO - worker kw11 pull /app/data/T0015/29462/b6613se/react-bank/old-api/db/mongoose.js from ingest queue
2025-08-06 15:41:00,357 - Knowledge - INFO - worker kw18 pull /app/data/T0015/29462/b6613se/react-bank/old-api/config/config.js from ingest queue
2025-08-06 15:41:00,386 - Knowledge - INFO - Fast-track processing for simple file: /app/data/T0015/29462/b6613se/react-bank/old-api/models/stat.js
2025-08-06 15:41:00,503 - Knowledge - INFO - Fast-track processing for simple file: /app/data/T0015/29462/b6613se/react-bank/old-api/routes/users.js
2025-08-06 15:41:00,690 - Knowledge - INFO - worker kw10 pull /app/data/T0015/29462/b6613se/react-bank/old-api/routes/accounts.js from ingest queue
2025-08-06 15:41:00,690 - Knowledge - INFO - Found code-base-name: https://github.com/DanAnt123/react-bank.git:master
2025-08-06 15:41:00,690 - Knowledge - INFO - worker kw9 pull /app/data/T0015/29462/b6613se/react-bank/old-api/middleware/maintenance.js from ingest queue
2025-08-06 15:41:00,690 - Knowledge - INFO - worker kw22 pull /app/data/T0015/29462/b6613se/react-bank/old-api/middleware/auth.js from ingest queue
2025-08-06 15:41:00,706 - Knowledge - INFO - Found code-base-name: https://github.com/DanAnt123/react-bank.git:master
2025-08-06 15:41:01,188 - Knowledge - INFO - start ingest for /app/data/T0015/29462/b6613se/react-bank/old-api/routes/auth.js
2025-08-06 15:41:01,277 - Knowledge - INFO - persist ingested knowledge for /app/data/T0015/29462/b6613se/react-bank/old-api/models/message.js
2025-08-06 15:41:01,375 - Knowledge - INFO - start ingest for /app/data/T0015/29462/b6613se/react-bank/old-api/routes/transfers.js
2025-08-06 15:41:01,466 - Knowledge - INFO - start ingest for /app/data/T0015/29462/b6613se/react-bank/old-api/routes/messages.js
2025-08-06 15:41:01,589 - Knowledge - INFO - Fast-track processing for simple file: /app/data/T0015/29462/b6613se/react-bank/old-api/routes/forms.js
2025-08-06 15:41:01,676 - Knowledge - INFO - Thread kw17 - File error-handler.js - Remaining files in queue: 184
2025-08-06 15:41:01,770 - Knowledge - INFO - Found code_base: <app.utils.kg_build.knowledge.KnowledgeCodeBase object at 0x7fa3f4c2df50>
2025-08-06 15:41:03,283 - Knowledge - INFO - persist ingested knowledge for /app/data/T0015/29462/b6613se/react-bank/api/api/message/config/routes.json
2025-08-06 15:41:01,848 - Knowledge - INFO - Thread kw11 - File mongoose.js - Remaining files in queue: 184
2025-08-06 15:41:01,957 - Knowledge - INFO - Thread kw18 - File config.js - Remaining files in queue: 184
2025-08-06 15:41:02,051 - Knowledge - INFO - done fast ingest for /app/data/T0015/29462/b6613se/react-bank/old-api/models/stat.js
2025-08-06 15:41:02,154 - Knowledge - INFO - done fast ingest for /app/data/T0015/29462/b6613se/react-bank/old-api/routes/users.js
2025-08-06 15:41:02,222 - Knowledge - INFO - Thread kw10 - File accounts.js - Remaining files in queue: 184
2025-08-06 15:41:02,315 - Knowledge - INFO - Found code_base: <app.utils.kg_build.knowledge.KnowledgeCodeBase object at 0x7fa3f4c2df50>
2025-08-06 15:41:02,388 - Knowledge - INFO - Thread kw9 - File maintenance.js - Remaining files in queue: 184
2025-08-06 15:41:02,465 - Knowledge - INFO - Thread kw22 - File auth.js - Remaining files in queue: 184
2025-08-06 15:41:02,616 - Knowledge - INFO - Found code_base: <app.utils.kg_build.knowledge.KnowledgeCodeBase object at 0x7fa3f4c2df50>
2025-08-06 15:41:02,914 - Knowledge - INFO - Fast-track processing for simple file: /app/data/T0015/29462/b6613se/react-bank/old-api/routes/transfers.js
2025-08-06 15:41:03,068 - Knowledge - INFO - done fast ingest for /app/data/T0015/29462/b6613se/react-bank/old-api/routes/forms.js
2025-08-06 15:41:03,160 - Knowledge - INFO - start ingest for /app/data/T0015/29462/b6613se/react-bank/old-api/middleware/error-handler.js
2025-08-06 15:41:01,794 - Knowledge - INFO - persist search terms embedding for api/develop-inspect.js
2025-08-06 15:41:03,450 - Knowledge - INFO - start ingest for /app/data/T0015/29462/b6613se/react-bank/old-api/db/mongoose.js
2025-08-06 15:41:03,566 - Knowledge - INFO - start ingest for /app/data/T0015/29462/b6613se/react-bank/old-api/config/config.js
2025-08-06 15:41:03,694 - Knowledge - INFO - process ingested knowledge for /app/data/T0015/29462/b6613se/react-bank/old-api/models/stat.js
2025-08-06 15:41:03,787 - Knowledge - INFO - process ingested knowledge for /app/data/T0015/29462/b6613se/react-bank/old-api/routes/users.js
2025-08-06 15:41:03,863 - Knowledge - INFO - start ingest for /app/data/T0015/29462/b6613se/react-bank/old-api/routes/accounts.js
2025-08-06 15:41:03,984 - Knowledge - INFO - persist ingested knowledge for /app/data/T0015/29462/b6613se/react-bank/api/ecosystem.config.js
2025-08-06 15:41:04,082 - Knowledge - INFO - done ingest for /app/data/T0015/29462/b6613se/react-bank/old-api/models/user.js
2025-08-06 15:41:04,132 - Knowledge - INFO - start ingest for /app/data/T0015/29462/b6613se/react-bank/old-api/middleware/maintenance.js
2025-08-06 15:41:04,231 - Knowledge - INFO - start ingest for /app/data/T0015/29462/b6613se/react-bank/old-api/middleware/auth.js
2025-08-06 15:41:04,326 - Knowledge - INFO - persist ingested knowledge for /app/data/T0015/29462/b6613se/react-bank/api/tsconfig.base.json
2025-08-06 15:41:04,439 - Knowledge - INFO - done fast ingest for /app/data/T0015/29462/b6613se/react-bank/old-api/routes/transfers.js
2025-08-06 15:41:04,637 - Knowledge - INFO - process ingested knowledge for /app/data/T0015/29462/b6613se/react-bank/old-api/routes/forms.js
2025-08-06 15:41:04,684 - Knowledge - INFO - Fast-track processing for simple file: /app/data/T0015/29462/b6613se/react-bank/old-api/middleware/error-handler.js
2025-08-06 15:41:04,953 - Knowledge - INFO - Found code-base-name: https://github.com/DanAnt123/react-bank.git:master
2025-08-06 15:41:04,954 - Knowledge - INFO - Found code-base-name: https://github.com/DanAnt123/react-bank.git:master
2025-08-06 15:41:05,251 - Knowledge - INFO - Fast-track processing for simple file: /app/data/T0015/29462/b6613se/react-bank/old-api/routes/accounts.js
2025-08-06 15:41:05,449 - Knowledge - INFO - persist search terms embedding for old-api/models/message.js
2025-08-06 15:41:05,489 - Knowledge - INFO - done ingest for /app/data/T0015/29462/b6613se/react-bank/old-api/models/account.js
2025-08-06 15:41:05,623 - Knowledge - INFO - process ingested knowledge for /app/data/T0015/29462/b6613se/react-bank/old-api/models/user.js
2025-08-06 15:41:05,981 - Knowledge - INFO - process ingested knowledge for /app/data/T0015/29462/b6613se/react-bank/old-api/routes/transfers.js
2025-08-06 15:41:06,112 - Knowledge - INFO - done fast ingest for /app/data/T0015/29462/b6613se/react-bank/old-api/middleware/error-handler.js
2025-08-06 15:41:06,208 - Knowledge - INFO - Found code_base: <app.utils.kg_build.knowledge.KnowledgeCodeBase object at 0x7fa3f4c2df50>
2025-08-06 15:41:06,305 - Knowledge - INFO - Found code_base: <app.utils.kg_build.knowledge.KnowledgeCodeBase object at 0x7fa3f4c2df50>
2025-08-06 15:41:07,227 - Knowledge - INFO - persist ingested knowledge for /app/data/T0015/29462/b6613se/react-bank/old-api/models/transfer.js
2025-08-06 15:41:06,607 - Knowledge - INFO - done ingest for /app/data/T0015/29462/b6613se/react-bank/old-api/models/card.js
2025-08-06 15:41:06,723 - Knowledge - INFO - process ingested knowledge for /app/data/T0015/29462/b6613se/react-bank/old-api/models/account.js
2025-08-06 15:41:06,812 - Knowledge - INFO - worker kw14 pull /app/data/T0015/29462/b6613se/react-bank/old-api/util/notifications/templates/password-remind.js from ingest queue
2025-08-06 15:41:06,813 - Knowledge - INFO - Found code-base-name: https://github.com/DanAnt123/react-bank.git:master
2025-08-06 15:41:06,813 - Knowledge - INFO - Found code-base-name: https://github.com/DanAnt123/react-bank.git:master
2025-08-06 15:41:07,061 - Knowledge - INFO - persist ingested knowledge for /app/data/T0015/29462/b6613se/react-bank/old-api/routes/stats.js
2025-08-06 15:41:07,095 - Knowledge - INFO - process ingested knowledge for /app/data/T0015/29462/b6613se/react-bank/old-api/middleware/error-handler.js
2025-08-06 15:41:06,421 - Knowledge - INFO - done fast ingest for /app/data/T0015/29462/b6613se/react-bank/old-api/routes/accounts.js
2025-08-06 15:41:07,425 - Knowledge - INFO - Found code-base-name: https://github.com/DanAnt123/react-bank.git:master
2025-08-06 15:41:07,425 - Knowledge - INFO - worker kw16 pull /app/data/T0015/29462/b6613se/react-bank/old-api/routes/common.js from ingest queue
2025-08-06 15:41:07,437 - Knowledge - INFO - Found code-base-name: https://github.com/DanAnt123/react-bank.git:master
2025-08-06 15:41:07,438 - Knowledge - INFO - worker kw4 pull /app/data/T0015/29462/b6613se/react-bank/old-api/util/notifications/templates/password-reset.js from ingest queue
2025-08-06 15:41:07,440 - Knowledge - INFO - Found code-base-name: https://github.com/DanAnt123/react-bank.git:master
2025-08-06 15:41:07,538 - Knowledge - INFO - process ingested knowledge for /app/data/T0015/29462/b6613se/react-bank/old-api/models/card.js
2025-08-06 15:41:07,678 - Knowledge - INFO - Thread kw14 - File password-remind.js - Remaining files in queue: 181
2025-08-06 15:41:08,034 - Knowledge - INFO - Found code_base: <app.utils.kg_build.knowledge.KnowledgeCodeBase object at 0x7fa3f4c2df50>
2025-08-06 15:41:08,137 - Knowledge - INFO - Found code_base: <app.utils.kg_build.knowledge.KnowledgeCodeBase object at 0x7fa3f4c2df50>
2025-08-06 15:41:08,148 - Knowledge - INFO - persist search terms embedding for old-api/models/transfer.js
2025-08-06 15:41:08,350 - Knowledge - INFO - done ingest for /app/data/T0015/29462/b6613se/react-bank/old-api/routes/cards.js
2025-08-06 15:41:08,566 - Knowledge - INFO - process ingested knowledge for /app/data/T0015/29462/b6613se/react-bank/old-api/routes/accounts.js
2025-08-06 15:41:08,650 - Knowledge - INFO - Found code_base: <app.utils.kg_build.knowledge.KnowledgeCodeBase object at 0x7fa3f4c2df50>
2025-08-06 15:41:08,760 - Knowledge - INFO - Thread kw16 - File common.js - Remaining files in queue: 181
2025-08-06 15:41:08,882 - Knowledge - INFO - Found code_base: <app.utils.kg_build.knowledge.KnowledgeCodeBase object at 0x7fa3f4c2df50>
2025-08-06 15:41:09,011 - Knowledge - INFO - Thread kw4 - File password-reset.js - Remaining files in queue: 181
2025-08-06 15:41:09,130 - Knowledge - INFO - Found code_base: <app.utils.kg_build.knowledge.KnowledgeCodeBase object at 0x7fa3f4c2df50>
2025-08-06 15:41:09,415 - Knowledge - INFO - start ingest for /app/data/T0015/29462/b6613se/react-bank/old-api/util/notifications/templates/password-remind.js
2025-08-06 15:41:09,513 - Knowledge - INFO - persist ingested knowledge for /app/data/T0015/29462/b6613se/react-bank/old-api/models/stat.js
2025-08-06 15:41:09,554 - Knowledge - INFO - done ingest for /app/data/T0015/29462/b6613se/react-bank/old-api/app.js
2025-08-06 15:41:09,642 - Knowledge - INFO - done ingest for /app/data/T0015/29462/b6613se/react-bank/old-api/routes/messages.js
2025-08-06 15:41:09,644 - Knowledge - INFO - persist ingested knowledge for /app/data/T0015/29462/b6613se/react-bank/old-api/routes/users.js
2025-08-06 15:41:09,741 - Knowledge - INFO - worker kw8 pull /app/data/T0015/29462/b6613se/react-bank/old-api/jsconfig.json from ingest queue
2025-08-06 15:41:09,742 - Knowledge - INFO - worker kw5 pull /app/data/T0015/29462/b6613se/react-bank/old-api/controllers/cards.js from ingest queue
2025-08-06 15:41:09,743 - Knowledge - INFO - Found code-base-name: https://github.com/DanAnt123/react-bank.git:master
2025-08-06 15:41:09,743 - Knowledge - INFO - Found code-base-name: https://github.com/DanAnt123/react-bank.git:master
2025-08-06 15:41:09,743 - Knowledge - INFO - Found code-base-name: https://github.com/DanAnt123/react-bank.git:master
2025-08-06 15:41:09,743 - Knowledge - INFO - worker kw25 pull /app/data/T0015/29462/b6613se/react-bank/old-api/util/notifications/send-email.js from ingest queue
2025-08-06 15:41:09,837 - Knowledge - INFO - process ingested knowledge for /app/data/T0015/29462/b6613se/react-bank/old-api/routes/cards.js
2025-08-06 15:41:09,856 - Knowledge - INFO - worker kw23 pull /app/data/T0015/29462/b6613se/react-bank/old-api/util/dummy-data.js from ingest queue
2025-08-06 15:41:09,857 - Knowledge - INFO - worker kw3 pull /app/data/T0015/29462/b6613se/react-bank/old-api/util/updates.js from ingest queue
2025-08-06 15:41:09,895 - Knowledge - INFO - Found code-base-name: https://github.com/DanAnt123/react-bank.git:master
2025-08-06 15:41:09,981 - Knowledge - INFO - persist ingested knowledge for /app/data/T0015/29462/b6613se/react-bank/old-api/routes/forms.js
2025-08-06 15:41:10,087 - Knowledge - INFO - start ingest for /app/data/T0015/29462/b6613se/react-bank/old-api/routes/common.js
2025-08-06 15:41:10,182 - Knowledge - INFO - persist ingested knowledge for /app/data/T0015/29462/b6613se/react-bank/old-api/models/user.js
2025-08-06 15:41:10,301 - Knowledge - INFO - start ingest for /app/data/T0015/29462/b6613se/react-bank/old-api/util/notifications/templates/password-reset.js
2025-08-06 15:41:10,392 - Knowledge - INFO - persist ingested knowledge for /app/data/T0015/29462/b6613se/react-bank/old-api/routes/transfers.js
2025-08-06 15:41:10,514 - Knowledge - INFO - Fast-track processing for simple file: /app/data/T0015/29462/b6613se/react-bank/old-api/util/notifications/templates/password-remind.js
2025-08-06 15:41:10,903 - Knowledge - INFO - process ingested knowledge for /app/data/T0015/29462/b6613se/react-bank/old-api/app.js
2025-08-06 15:41:11,053 - Knowledge - INFO - done ingest for /app/data/T0015/29462/b6613se/react-bank/old-api/routes/auth.js
2025-08-06 15:41:11,130 - Knowledge - INFO - process ingested knowledge for /app/data/T0015/29462/b6613se/react-bank/old-api/routes/messages.js
2025-08-06 15:41:11,210 - Knowledge - INFO - Thread kw8 - File jsconfig.json - Remaining files in queue: 176
2025-08-06 15:41:13,271 - Knowledge - INFO - start ingest for /app/data/T0015/29462/b6613se/react-bank/old-api/jsconfig.json
2025-08-06 15:41:11,517 - Knowledge - INFO - Found code_base: <app.utils.kg_build.knowledge.KnowledgeCodeBase object at 0x7fa3f4c2df50>
2025-08-06 15:41:11,624 - Knowledge - INFO - worker kw2 pull /app/data/T0015/29462/b6613se/react-bank/old-api/controllers/common.js from ingest queue
2025-08-06 15:41:11,625 - Knowledge - INFO - worker kw12 pull /app/data/T0015/29462/b6613se/react-bank/old-api/util/errors.js from ingest queue
2025-08-06 15:41:11,638 - Knowledge - INFO - Found code_base: <app.utils.kg_build.knowledge.KnowledgeCodeBase object at 0x7fa3f4c2df50>
2025-08-06 15:41:11,720 - Knowledge - INFO - Found code_base: <app.utils.kg_build.knowledge.KnowledgeCodeBase object at 0x7fa3f4c2df50>
2025-08-06 15:41:11,804 - Knowledge - INFO - Thread kw25 - File send-email.js - Remaining files in queue: 174
2025-08-06 15:41:11,885 - Knowledge - INFO - Found code-base-name: https://github.com/DanAnt123/react-bank.git:master
2025-08-06 15:41:11,980 - Knowledge - INFO - Thread kw23 - File dummy-data.js - Remaining files in queue: 174
2025-08-06 15:41:12,095 - Knowledge - INFO - Thread kw3 - File updates.js - Remaining files in queue: 174
2025-08-06 15:41:12,195 - Knowledge - INFO - done ingest for /app/data/T0015/29462/b6613se/react-bank/old-api/config/config.js
2025-08-06 15:41:12,196 - Knowledge - INFO - Found code_base: <app.utils.kg_build.knowledge.KnowledgeCodeBase object at 0x7fa3f4c2df50>
2025-08-06 15:41:12,426 - Knowledge - INFO - Fast-track processing for simple file: /app/data/T0015/29462/b6613se/react-bank/old-api/routes/common.js
2025-08-06 15:41:12,590 - Knowledge - INFO - done ingest for /app/data/T0015/29462/b6613se/react-bank/old-api/db/mongoose.js
2025-08-06 15:41:12,658 - Knowledge - INFO - done ingest for /app/data/T0015/29462/b6613se/react-bank/old-api/middleware/maintenance.js
2025-08-06 15:41:12,680 - Knowledge - INFO - Fast-track processing for simple file: /app/data/T0015/29462/b6613se/react-bank/old-api/util/notifications/templates/password-reset.js
2025-08-06 15:41:12,834 - Knowledge - INFO - done fast ingest for /app/data/T0015/29462/b6613se/react-bank/old-api/util/notifications/templates/password-remind.js
2025-08-06 15:41:13,055 - Knowledge - INFO - persist search terms embedding for old-api/models/user.js
2025-08-06 15:41:13,072 - Knowledge - INFO - process ingested knowledge for /app/data/T0015/29462/b6613se/react-bank/old-api/routes/auth.js
2025-08-06 15:41:11,345 - Knowledge - INFO - Thread kw5 - File cards.js - Remaining files in queue: 176
2025-08-06 15:41:13,369 - Knowledge - INFO - Fast-track processing for simple file: /app/data/T0015/29462/b6613se/react-bank/old-api/jsconfig.json
2025-08-06 15:41:15,301 - Knowledge - INFO - done fast ingest for /app/data/T0015/29462/b6613se/react-bank/old-api/jsconfig.json
2025-08-06 15:41:13,471 - Knowledge - INFO - done ingest for /app/data/T0015/29462/b6613se/react-bank/old-api/middleware/auth.js
2025-08-06 15:41:13,588 - Knowledge - INFO - Thread kw2 - File common.js - Remaining files in queue: 174
2025-08-06 15:41:13,680 - Knowledge - INFO - Thread kw12 - File errors.js - Remaining files in queue: 174
2025-08-06 15:41:13,762 - Knowledge - INFO - persist ingested knowledge for /app/data/T0015/29462/b6613se/react-bank/old-api/middleware/error-handler.js
2025-08-06 15:41:13,845 - Knowledge - INFO - persist ingested knowledge for /app/data/T0015/29462/b6613se/react-bank/old-api/models/card.js
2025-08-06 15:41:13,963 - Knowledge - INFO - start ingest for /app/data/T0015/29462/b6613se/react-bank/old-api/util/notifications/send-email.js
2025-08-06 15:41:14,054 - Knowledge - INFO - Found code_base: <app.utils.kg_build.knowledge.KnowledgeCodeBase object at 0x7fa3f4c2df50>
2025-08-06 15:41:14,151 - Knowledge - INFO - start ingest for /app/data/T0015/29462/b6613se/react-bank/old-api/util/dummy-data.js
2025-08-06 15:41:14,236 - Knowledge - INFO - start ingest for /app/data/T0015/29462/b6613se/react-bank/old-api/util/updates.js
2025-08-06 15:41:14,343 - Knowledge - INFO - process ingested knowledge for /app/data/T0015/29462/b6613se/react-bank/old-api/config/config.js
2025-08-06 15:41:14,440 - Knowledge - INFO - persist ingested knowledge for /app/data/T0015/29462/b6613se/react-bank/old-api/routes/accounts.js
2025-08-06 15:41:14,517 - Knowledge - INFO - done fast ingest for /app/data/T0015/29462/b6613se/react-bank/old-api/routes/common.js
2025-08-06 15:41:14,645 - Knowledge - INFO - process ingested knowledge for /app/data/T0015/29462/b6613se/react-bank/old-api/db/mongoose.js
2025-08-06 15:41:14,724 - Knowledge - INFO - process ingested knowledge for /app/data/T0015/29462/b6613se/react-bank/old-api/middleware/maintenance.js
2025-08-06 15:41:14,792 - Knowledge - INFO - done fast ingest for /app/data/T0015/29462/b6613se/react-bank/old-api/util/notifications/templates/password-reset.js
2025-08-06 15:41:14,878 - Knowledge - INFO - process ingested knowledge for /app/data/T0015/29462/b6613se/react-bank/old-api/util/notifications/templates/password-remind.js
2025-08-06 15:41:14,973 - Knowledge - INFO - worker kw7 pull /app/data/T0015/29462/b6613se/react-bank/old-api/controllers/forms.js from ingest queue
2025-08-06 15:41:14,976 - Knowledge - INFO - Found code-base-name: https://github.com/DanAnt123/react-bank.git:master
2025-08-06 15:41:14,976 - Knowledge - INFO - Found code-base-name: https://github.com/DanAnt123/react-bank.git:master
2025-08-06 15:41:15,078 - Knowledge - INFO - worker kw1 pull /app/data/T0015/29462/b6613se/react-bank/old-api/util/notifications/templates/welcome.js from ingest queue
2025-08-06 15:41:15,078 - Knowledge - INFO - worker kw20 pull /app/data/T0015/29462/b6613se/react-bank/old-api/controllers/users.js from ingest queue
2025-08-06 15:41:15,101 - Knowledge - INFO - Found code-base-name: https://github.com/DanAnt123/react-bank.git:master
2025-08-06 15:41:15,198 - Knowledge - INFO - start ingest for /app/data/T0015/29462/b6613se/react-bank/old-api/controllers/cards.js
2025-08-06 15:41:13,462 - Knowledge - INFO - persist ingested knowledge for /app/data/T0015/29462/b6613se/react-bank/old-api/models/account.js
2025-08-06 15:41:15,407 - Knowledge - INFO - process ingested knowledge for /app/data/T0015/29462/b6613se/react-bank/old-api/jsconfig.json
2025-08-06 15:41:15,543 - Knowledge - INFO - process ingested knowledge for /app/data/T0015/29462/b6613se/react-bank/old-api/middleware/auth.js
2025-08-06 15:41:15,603 - Knowledge - INFO - start ingest for /app/data/T0015/29462/b6613se/react-bank/old-api/controllers/common.js
2025-08-06 15:41:15,674 - Knowledge - INFO - start ingest for /app/data/T0015/29462/b6613se/react-bank/old-api/util/errors.js
2025-08-06 15:41:15,892 - Knowledge - INFO - worker kw17 pull /app/data/T0015/29462/b6613se/react-bank/old-api/controllers/messages.js from ingest queue
2025-08-06 15:41:16,093 - Knowledge - INFO - persist ingested knowledge for /app/data/T0015/29462/b6613se/react-bank/old-api/routes/cards.js
2025-08-06 15:41:16,274 - Knowledge - INFO - Fast-track processing for simple file: /app/data/T0015/29462/b6613se/react-bank/old-api/util/updates.js
2025-08-06 15:41:16,338 - Knowledge - INFO - persist search terms embedding for old-api/models/card.js
2025-08-06 15:41:16,558 - Knowledge - INFO - process ingested knowledge for /app/data/T0015/29462/b6613se/react-bank/old-api/routes/common.js
2025-08-06 15:41:16,820 - Knowledge - INFO - process ingested knowledge for /app/data/T0015/29462/b6613se/react-bank/old-api/util/notifications/templates/password-reset.js
2025-08-06 15:41:16,954 - Knowledge - INFO - Thread kw7 - File forms.js - Remaining files in queue: 170
2025-08-06 15:41:17,050 - Knowledge - INFO - Found code_base: <app.utils.kg_build.knowledge.KnowledgeCodeBase object at 0x7fa3f4c2df50>
2025-08-06 15:41:17,137 - Knowledge - INFO - Found code_base: <app.utils.kg_build.knowledge.KnowledgeCodeBase object at 0x7fa3f4c2df50>
2025-08-06 15:41:17,253 - Knowledge - INFO - Thread kw1 - File welcome.js - Remaining files in queue: 170
2025-08-06 15:41:17,342 - Knowledge - INFO - Thread kw20 - File users.js - Remaining files in queue: 170
2025-08-06 15:41:17,443 - Knowledge - INFO - Found code_base: <app.utils.kg_build.knowledge.KnowledgeCodeBase object at 0x7fa3f4c2df50>
2025-08-06 15:41:17,931 - Knowledge - INFO - Fast-track processing for simple file: /app/data/T0015/29462/b6613se/react-bank/old-api/controllers/common.js
2025-08-06 15:41:18,113 - Knowledge - INFO - Thread kw17 - File messages.js - Remaining files in queue: 170
2025-08-06 15:41:18,356 - Knowledge - INFO - done fast ingest for /app/data/T0015/29462/b6613se/react-bank/old-api/util/updates.js
2025-08-06 15:41:18,465 - Knowledge - INFO - worker kw6 pull /app/data/T0015/29462/b6613se/react-bank/old-api/controllers/accounts.js from ingest queue
2025-08-06 15:41:18,586 - Knowledge - INFO - Found code-base-name: https://github.com/DanAnt123/react-bank.git:master
2025-08-06 15:41:18,586 - Knowledge - INFO - Found code-base-name: https://github.com/DanAnt123/react-bank.git:master
2025-08-06 15:41:18,756 - Knowledge - INFO - start ingest for /app/data/T0015/29462/b6613se/react-bank/old-api/controllers/forms.js
2025-08-06 15:41:18,874 - Knowledge - INFO - persist ingested knowledge for /app/data/T0015/29462/b6613se/react-bank/old-api/app.js
2025-08-06 15:41:18,966 - Knowledge - INFO - persist ingested knowledge for /app/data/T0015/29462/b6613se/react-bank/old-api/routes/messages.js
2025-08-06 15:41:19,063 - Knowledge - INFO - start ingest for /app/data/T0015/29462/b6613se/react-bank/old-api/util/notifications/templates/welcome.js
2025-08-06 15:41:19,166 - Knowledge - INFO - start ingest for /app/data/T0015/29462/b6613se/react-bank/old-api/controllers/users.js
2025-08-06 15:41:19,242 - Knowledge - INFO - persist ingested knowledge for /app/data/T0015/29462/b6613se/react-bank/old-api/routes/auth.js
2025-08-06 15:41:19,330 - Knowledge - INFO - done fast ingest for /app/data/T0015/29462/b6613se/react-bank/old-api/controllers/common.js
2025-08-06 15:41:19,410 - Knowledge - INFO - start ingest for /app/data/T0015/29462/b6613se/react-bank/old-api/controllers/messages.js
2025-08-06 15:41:19,541 - Knowledge - INFO - process ingested knowledge for /app/data/T0015/29462/b6613se/react-bank/old-api/util/updates.js
2025-08-06 15:41:19,616 - Knowledge - INFO - Thread kw6 - File accounts.js - Remaining files in queue: 169
2025-08-06 15:41:19,730 - Knowledge - INFO - Found code_base: <app.utils.kg_build.knowledge.KnowledgeCodeBase object at 0x7fa3f4c2df50>
2025-08-06 15:41:19,740 - Knowledge - INFO - persist search terms embedding for old-api/models/account.js
2025-08-06 15:41:19,798 - Knowledge - INFO - Found code_base: <app.utils.kg_build.knowledge.KnowledgeCodeBase object at 0x7fa3f4c2df50>
2025-08-06 15:41:19,911 - Knowledge - INFO - Fast-track processing for simple file: /app/data/T0015/29462/b6613se/react-bank/old-api/controllers/forms.js
2025-08-06 15:41:20,234 - Knowledge - INFO - Fast-track processing for simple file: /app/data/T0015/29462/b6613se/react-bank/old-api/util/notifications/templates/welcome.js
2025-08-06 15:41:20,607 - Knowledge - INFO - process ingested knowledge for /app/data/T0015/29462/b6613se/react-bank/old-api/controllers/common.js
2025-08-06 15:41:20,908 - Knowledge - INFO - start ingest for /app/data/T0015/29462/b6613se/react-bank/old-api/controllers/accounts.js
2025-08-06 15:41:21,036 - Knowledge - INFO - persist ingested knowledge for /app/data/T0015/29462/b6613se/react-bank/old-api/middleware/maintenance.js
2025-08-06 15:41:21,176 - Knowledge - INFO - Found code-base-name: https://github.com/DanAnt123/react-bank.git:master
2025-08-06 15:41:21,177 - Knowledge - INFO - Found code-base-name: https://github.com/DanAnt123/react-bank.git:master
2025-08-06 15:41:21,260 - Knowledge - INFO - persist ingested knowledge for /app/data/T0015/29462/b6613se/react-bank/old-api/util/notifications/templates/password-remind.js
2025-08-06 15:41:21,355 - Knowledge - INFO - done fast ingest for /app/data/T0015/29462/b6613se/react-bank/old-api/controllers/forms.js
2025-08-06 15:41:21,485 - Knowledge - INFO - done fast ingest for /app/data/T0015/29462/b6613se/react-bank/old-api/util/notifications/templates/welcome.js
2025-08-06 15:41:21,773 - Knowledge - INFO - persist search terms embedding for old-api/routes/cards.js
2025-08-06 15:41:21,850 - Knowledge - INFO - Found code_base: <app.utils.kg_build.knowledge.KnowledgeCodeBase object at 0x7fa3f4c2df50>
2025-08-06 15:41:21,855 - Knowledge - INFO - done ingest for /app/data/T0015/29462/b6613se/react-bank/old-api/util/notifications/send-email.js
2025-08-06 15:41:21,942 - Knowledge - INFO - Found code_base: <app.utils.kg_build.knowledge.KnowledgeCodeBase object at 0x7fa3f4c2df50>
2025-08-06 15:41:22,223 - Knowledge - INFO - process ingested knowledge for /app/data/T0015/29462/b6613se/react-bank/old-api/controllers/forms.js
2025-08-06 15:41:22,271 - Knowledge - INFO - process ingested knowledge for /app/data/T0015/29462/b6613se/react-bank/old-api/util/notifications/templates/welcome.js
2025-08-06 15:41:22,347 - Knowledge - INFO - Found code-base-name: https://github.com/DanAnt123/react-bank.git:master
2025-08-06 15:41:22,347 - Knowledge - INFO - worker kw15 pull /app/data/T0015/29462/b6613se/react-bank/old-api/controllers/stats.js from ingest queue
2025-08-06 15:41:22,350 - Knowledge - INFO - worker kw10 pull /app/data/T0015/29462/b6613se/react-bank/old-api/controllers/transfers.js from ingest queue
2025-08-06 15:41:22,351 - Knowledge - INFO - Found code-base-name: https://github.com/DanAnt123/react-bank.git:master
2025-08-06 15:41:22,442 - Knowledge - INFO - persist ingested knowledge for /app/data/T0015/29462/b6613se/react-bank/old-api/jsconfig.json
2025-08-06 15:41:22,588 - Knowledge - INFO - process ingested knowledge for /app/data/T0015/29462/b6613se/react-bank/old-api/util/notifications/send-email.js
2025-08-06 15:41:22,644 - Knowledge - INFO - persist ingested knowledge for /app/data/T0015/29462/b6613se/react-bank/old-api/middleware/auth.js
2025-08-06 15:41:22,804 - Knowledge - INFO - persist search terms embedding for old-api/routes/messages.js
2025-08-06 15:41:22,904 - Knowledge - INFO - Found code_base: <app.utils.kg_build.knowledge.KnowledgeCodeBase object at 0x7fa3f4c2df50>
2025-08-06 15:41:22,996 - Knowledge - INFO - Thread kw15 - File stats.js - Remaining files in queue: 167
2025-08-06 15:41:23,110 - Knowledge - INFO - Thread kw10 - File transfers.js - Remaining files in queue: 167
2025-08-06 15:41:23,305 - Knowledge - INFO - Found code_base: <app.utils.kg_build.knowledge.KnowledgeCodeBase object at 0x7fa3f4c2df50>
2025-08-06 15:41:23,977 - Knowledge - INFO - persist ingested knowledge for /app/data/T0015/29462/b6613se/react-bank/old-api/db/mongoose.js
2025-08-06 15:41:24,093 - Knowledge - INFO - start ingest for /app/data/T0015/29462/b6613se/react-bank/old-api/controllers/stats.js
2025-08-06 15:41:24,184 - Knowledge - INFO - start ingest for /app/data/T0015/29462/b6613se/react-bank/old-api/controllers/transfers.js
2025-08-06 15:41:24,226 - Knowledge - INFO - done ingest for /app/data/T0015/29462/b6613se/react-bank/old-api/util/errors.js
2025-08-06 15:41:24,322 - Knowledge - INFO - persist ingested knowledge for /app/data/T0015/29462/b6613se/react-bank/old-api/util/notifications/templates/password-reset.js
2025-08-06 15:41:24,961 - Knowledge - INFO - persist search terms embedding for old-api/routes/auth.js
2025-08-06 15:41:25,004 - Knowledge - INFO - process ingested knowledge for /app/data/T0015/29462/b6613se/react-bank/old-api/util/errors.js
2025-08-06 15:41:25,005 - Knowledge - INFO - done ingest for /app/data/T0015/29462/b6613se/react-bank/old-api/controllers/cards.js
2025-08-06 15:41:25,151 - Knowledge - INFO - Found code-base-name: https://github.com/DanAnt123/react-bank.git:master
2025-08-06 15:41:25,153 - Knowledge - INFO - worker kw21 pull /app/data/T0015/29462/b6613se/react-bank/web/src/api/transfers.ts from ingest queue
2025-08-06 15:41:25,252 - Knowledge - INFO - done ingest for /app/data/T0015/29462/b6613se/react-bank/old-api/util/dummy-data.js
2025-08-06 15:41:25,460 - Knowledge - INFO - process ingested knowledge for /app/data/T0015/29462/b6613se/react-bank/old-api/controllers/cards.js
2025-08-06 15:41:25,511 - Knowledge - INFO - Found code_base: <app.utils.kg_build.knowledge.KnowledgeCodeBase object at 0x7fa3f4c2df50>
2025-08-06 15:41:25,607 - Knowledge - INFO - Thread kw21 - File transfers.ts - Remaining files in queue: 166
2025-08-06 15:41:25,807 - Knowledge - INFO - persist search terms embedding for old-api/middleware/maintenance.js
2025-08-06 15:41:25,865 - Knowledge - INFO - process ingested knowledge for /app/data/T0015/29462/b6613se/react-bank/old-api/util/dummy-data.js
2025-08-06 15:41:26,011 - Knowledge - INFO - persist ingested knowledge for /app/data/T0015/29462/b6613se/react-bank/old-api/util/updates.js
2025-08-06 15:41:26,088 - Knowledge - INFO - start ingest for /app/data/T0015/29462/b6613se/react-bank/web/src/api/transfers.ts
2025-08-06 15:41:26,330 - Knowledge - INFO - Found code-base-name: https://github.com/DanAnt123/react-bank.git:master
2025-08-06 15:41:26,330 - Knowledge - INFO - Found code-base-name: https://github.com/DanAnt123/react-bank.git:master
2025-08-06 15:41:26,404 - Knowledge - INFO - done ingest for /app/data/T0015/29462/b6613se/react-bank/old-api/controllers/users.js
2025-08-06 15:41:26,554 - Knowledge - INFO - Fast-track processing for simple file: /app/data/T0015/29462/b6613se/react-bank/web/src/api/transfers.ts
2025-08-06 15:41:26,631 - Knowledge - INFO - Found code_base: <app.utils.kg_build.knowledge.KnowledgeCodeBase object at 0x7fa3f4c2df50>
2025-08-06 15:41:26,734 - Knowledge - INFO - Found code_base: <app.utils.kg_build.knowledge.KnowledgeCodeBase object at 0x7fa3f4c2df50>
2025-08-06 15:41:26,879 - Knowledge - INFO - process ingested knowledge for /app/data/T0015/29462/b6613se/react-bank/old-api/controllers/users.js
2025-08-06 15:41:26,911 - Knowledge - INFO - persist search terms embedding for old-api/app.js
2025-08-06 15:41:26,929 - Knowledge - INFO - done fast ingest for /app/data/T0015/29462/b6613se/react-bank/web/src/api/transfers.ts
2025-08-06 15:41:27,022 - Knowledge - INFO - persist ingested knowledge for /app/data/T0015/29462/b6613se/react-bank/old-api/routes/common.js
2025-08-06 15:41:27,119 - Knowledge - INFO - persist ingested knowledge for /app/data/T0015/29462/b6613se/react-bank/old-api/config/config.js
2025-08-06 15:41:27,329 - Knowledge - INFO - Found code-base-name: https://github.com/DanAnt123/react-bank.git:master
2025-08-06 15:41:27,341 - Knowledge - INFO - Found code-base-name: https://github.com/DanAnt123/react-bank.git:master
2025-08-06 15:41:27,541 - Knowledge - INFO - process ingested knowledge for /app/data/T0015/29462/b6613se/react-bank/web/src/api/transfers.ts
2025-08-06 15:41:27,671 - Knowledge - INFO - Found code-base-name: https://github.com/DanAnt123/react-bank.git:master
2025-08-06 15:41:27,857 - Knowledge - INFO - Found code_base: <app.utils.kg_build.knowledge.KnowledgeCodeBase object at 0x7fa3f4c2df50>
2025-08-06 15:41:27,996 - Knowledge - INFO - Found code_base: <app.utils.kg_build.knowledge.KnowledgeCodeBase object at 0x7fa3f4c2df50>
2025-08-06 15:41:28,205 - Knowledge - INFO - Found code_base: <app.utils.kg_build.knowledge.KnowledgeCodeBase object at 0x7fa3f4c2df50>
2025-08-06 15:41:28,223 - Knowledge - INFO - done ingest for /app/data/T0015/29462/b6613se/react-bank/old-api/controllers/accounts.js
2025-08-06 15:41:28,365 - Knowledge - INFO - persist ingested knowledge for /app/data/T0015/29462/b6613se/react-bank/old-api/controllers/forms.js
2025-08-06 15:41:28,414 - Knowledge - INFO - persist search terms embedding for old-api/middleware/auth.js
2025-08-06 15:41:28,468 - Knowledge - INFO - done ingest for /app/data/T0015/29462/b6613se/react-bank/old-api/controllers/messages.js
2025-08-06 15:41:28,514 - Knowledge - INFO - persist ingested knowledge for /app/data/T0015/29462/b6613se/react-bank/old-api/util/notifications/templates/welcome.js
2025-08-06 15:41:28,609 - Knowledge - INFO - persist ingested knowledge for /app/data/T0015/29462/b6613se/react-bank/old-api/util/notifications/send-email.js
2025-08-06 15:41:28,731 - Knowledge - INFO - process ingested knowledge for /app/data/T0015/29462/b6613se/react-bank/old-api/controllers/accounts.js
2025-08-06 15:41:28,887 - Knowledge - INFO - worker kw19 pull /app/data/T0015/29462/b6613se/react-bank/web/src/api/stats.ts from ingest queue
2025-08-06 15:41:28,984 - Knowledge - INFO - worker kw24 pull /app/data/T0015/29462/b6613se/react-bank/web/src/@hooks/index.ts from ingest queue
2025-08-06 15:41:28,984 - Knowledge - INFO - Found code-base-name: https://github.com/DanAnt123/react-bank.git:master
2025-08-06 15:41:28,984 - Knowledge - INFO - Found code-base-name: https://github.com/DanAnt123/react-bank.git:master
2025-08-06 15:41:28,984 - Knowledge - INFO - worker kw9 pull /app/data/T0015/29462/b6613se/react-bank/web/src/api/base.ts from ingest queue
2025-08-06 15:41:28,984 - Knowledge - INFO - worker kw14 pull /app/data/T0015/29462/b6613se/react-bank/web/src/api/common.ts from ingest queue
2025-08-06 15:41:29,017 - Knowledge - INFO - process ingested knowledge for /app/data/T0015/29462/b6613se/react-bank/old-api/controllers/messages.js
2025-08-06 15:41:29,074 - Knowledge - INFO - worker kw13 pull /app/data/T0015/29462/b6613se/react-bank/web/src/api/accounts.ts from ingest queue
2025-08-06 15:41:29,400 - Knowledge - INFO - Thread kw19 - File stats.ts - Remaining files in queue: 161
2025-08-06 15:41:29,507 - Knowledge - INFO - Thread kw24 - File index.ts - Remaining files in queue: 161
2025-08-06 15:41:29,584 - Knowledge - INFO - Found code_base: <app.utils.kg_build.knowledge.KnowledgeCodeBase object at 0x7fa3f4c2df50>
2025-08-06 15:41:29,675 - Knowledge - INFO - persist search terms embedding for old-api/config/config.js
2025-08-06 15:41:29,697 - Knowledge - INFO - Found code_base: <app.utils.kg_build.knowledge.KnowledgeCodeBase object at 0x7fa3f4c2df50>
2025-08-06 15:41:29,788 - Knowledge - INFO - Thread kw9 - File base.ts - Remaining files in queue: 161
2025-08-06 15:41:29,879 - Knowledge - INFO - Thread kw14 - File common.ts - Remaining files in queue: 161
2025-08-06 15:41:29,941 - Knowledge - INFO - done ingest for /app/data/T0015/29462/b6613se/react-bank/old-api/controllers/stats.js
2025-08-06 15:41:30,104 - Knowledge - INFO - Thread kw13 - File accounts.ts - Remaining files in queue: 161
2025-08-06 15:41:30,191 - Knowledge - INFO - start ingest for /app/data/T0015/29462/b6613se/react-bank/web/src/api/stats.ts
2025-08-06 15:41:30,281 - Knowledge - INFO - start ingest for /app/data/T0015/29462/b6613se/react-bank/web/src/@hooks/index.ts
2025-08-06 15:41:30,401 - Knowledge - INFO - persist ingested knowledge for /app/data/T0015/29462/b6613se/react-bank/old-api/controllers/common.js
2025-08-06 15:41:30,477 - Knowledge - INFO - Found code-base-name: https://github.com/DanAnt123/react-bank.git:master
2025-08-06 15:41:30,574 - Knowledge - INFO - worker kw22 pull /app/data/T0015/29462/b6613se/react-bank/web/src/api/cards.ts from ingest queue
2025-08-06 15:41:30,574 - Knowledge - INFO - Found code-base-name: https://github.com/DanAnt123/react-bank.git:master
2025-08-06 15:41:30,575 - Knowledge - INFO - worker kw4 pull /app/data/T0015/29462/b6613se/react-bank/web/src/api/messages.ts from ingest queue
2025-08-06 15:41:31,695 - Knowledge - INFO - Thread kw4 - File messages.ts - Remaining files in queue: 156
2025-08-06 15:41:30,575 - Knowledge - INFO - worker kw8 pull /app/data/T0015/29462/b6613se/react-bank/old-api/controllers/auth.js from ingest queue
2025-08-06 15:41:30,597 - Knowledge - INFO - persist ingested knowledge for /app/data/T0015/29462/b6613se/react-bank/old-api/controllers/cards.js
2025-08-06 15:41:30,657 - Knowledge - INFO - worker kw16 pull /app/data/T0015/29462/b6613se/react-bank/web/src/components/Navigation/Header/index.tsx from ingest queue
2025-08-06 15:41:30,657 - Knowledge - INFO - Found code-base-name: https://github.com/DanAnt123/react-bank.git:master
2025-08-06 15:41:32,152 - Knowledge - INFO - Found code_base: <app.utils.kg_build.knowledge.KnowledgeCodeBase object at 0x7fa3f4c2df50>
2025-08-06 15:41:30,658 - Knowledge - INFO - worker kw18 pull /app/data/T0015/29462/b6613se/react-bank/web/src/components/Navigation/Header/style.scss from ingest queue
2025-08-06 15:41:30,675 - Knowledge - INFO - start ingest for /app/data/T0015/29462/b6613se/react-bank/web/src/api/base.ts
2025-08-06 15:41:30,754 - Knowledge - INFO - start ingest for /app/data/T0015/29462/b6613se/react-bank/web/src/api/common.ts
2025-08-06 15:41:30,862 - Knowledge - INFO - process ingested knowledge for /app/data/T0015/29462/b6613se/react-bank/old-api/controllers/stats.js
2025-08-06 15:41:30,925 - Knowledge - INFO - start ingest for /app/data/T0015/29462/b6613se/react-bank/web/src/api/accounts.ts
2025-08-06 15:41:31,071 - Knowledge - INFO - Fast-track processing for simple file: /app/data/T0015/29462/b6613se/react-bank/web/src/api/stats.ts
2025-08-06 15:41:31,072 - Knowledge - INFO - persist search terms embedding for old-api/db/mongoose.js
2025-08-06 15:41:31,101 - Knowledge - INFO - done ingest for /app/data/T0015/29462/b6613se/react-bank/old-api/controllers/transfers.js
2025-08-06 15:41:31,177 - Knowledge - INFO - Fast-track processing for simple file: /app/data/T0015/29462/b6613se/react-bank/web/src/@hooks/index.ts
2025-08-06 15:41:31,386 - Knowledge - INFO - Found code_base: <app.utils.kg_build.knowledge.KnowledgeCodeBase object at 0x7fa3f4c2df50>
2025-08-06 15:41:31,474 - Knowledge - INFO - Thread kw22 - File cards.ts - Remaining files in queue: 156
2025-08-06 15:41:31,574 - Knowledge - INFO - Found code_base: <app.utils.kg_build.knowledge.KnowledgeCodeBase object at 0x7fa3f4c2df50>
2025-08-06 15:41:30,575 - Knowledge - INFO - Found code-base-name: https://github.com/DanAnt123/react-bank.git:master
2025-08-06 15:41:31,767 - Knowledge - INFO - start ingest for /app/data/T0015/29462/b6613se/react-bank/web/src/api/messages.ts
2025-08-06 15:41:31,854 - Knowledge - INFO - Thread kw8 - File auth.js - Remaining files in queue: 156
2025-08-06 15:41:32,051 - Knowledge - INFO - Thread kw16 - File index.tsx - Remaining files in queue: 156
2025-08-06 15:41:30,658 - Knowledge - INFO - Found code-base-name: https://github.com/DanAnt123/react-bank.git:master
2025-08-06 15:41:32,240 - Knowledge - INFO - persist ingested knowledge for /app/data/T0015/29462/b6613se/react-bank/old-api/controllers/accounts.js
2025-08-06 15:41:32,321 - Knowledge - INFO - Thread kw18 - File style.scss - Remaining files in queue: 156
2025-08-06 15:41:32,548 - Knowledge - INFO - Fast-track processing for simple file: /app/data/T0015/29462/b6613se/react-bank/web/src/api/common.ts
2025-08-06 15:41:32,696 - Knowledge - INFO - Fast-track processing for simple file: /app/data/T0015/29462/b6613se/react-bank/web/src/api/accounts.ts
2025-08-06 15:41:32,808 - Knowledge - INFO - done fast ingest for /app/data/T0015/29462/b6613se/react-bank/web/src/api/stats.ts
2025-08-06 15:41:32,889 - Knowledge - INFO - Found code-base-name: https://github.com/DanAnt123/react-bank.git:master
2025-08-06 15:41:32,890 - Knowledge - INFO - worker kw3 pull /app/data/T0015/29462/b6613se/react-bank/web/src/components/Navigation/MainNavigation/style.scss from ingest queue
2025-08-06 15:41:32,891 - Knowledge - INFO - worker kw1 pull /app/data/T0015/29462/b6613se/react-bank/web/src/components/Accounts/List/index.tsx from ingest queue
2025-08-06 15:41:33,001 - Knowledge - INFO - Found code-base-name: https://github.com/DanAnt123/react-bank.git:master
2025-08-06 15:41:33,001 - Knowledge - INFO - worker kw11 pull /app/data/T0015/29462/b6613se/react-bank/web/src/api/forms.ts from ingest queue
2025-08-06 15:41:33,001 - Knowledge - INFO - worker kw7 pull /app/data/T0015/29462/b6613se/react-bank/web/src/api/auth.ts from ingest queue
2025-08-06 15:41:33,009 - Knowledge - INFO - process ingested knowledge for /app/data/T0015/29462/b6613se/react-bank/old-api/controllers/transfers.js
2025-08-06 15:41:33,100 - Knowledge - INFO - done fast ingest for /app/data/T0015/29462/b6613se/react-bank/web/src/@hooks/index.ts
2025-08-06 15:41:33,197 - Knowledge - INFO - persist ingested knowledge for /app/data/T0015/29462/b6613se/react-bank/web/src/api/transfers.ts
2025-08-06 15:41:33,293 - Knowledge - INFO - start ingest for /app/data/T0015/29462/b6613se/react-bank/web/src/api/cards.ts
2025-08-06 15:41:33,363 - Knowledge - INFO - persist ingested knowledge for /app/data/T0015/29462/b6613se/react-bank/old-api/util/errors.js
2025-08-06 15:41:33,386 - Knowledge - INFO - persist search terms embedding for old-api/controllers/cards.js
2025-08-06 15:41:33,474 - Knowledge - INFO - Found code_base: <app.utils.kg_build.knowledge.KnowledgeCodeBase object at 0x7fa3f4c2df50>
2025-08-06 15:41:33,559 - Knowledge - INFO - Fast-track processing for simple file: /app/data/T0015/29462/b6613se/react-bank/web/src/api/messages.ts
2025-08-06 15:41:33,646 - Knowledge - INFO - start ingest for /app/data/T0015/29462/b6613se/react-bank/old-api/controllers/auth.js
2025-08-06 15:41:33,753 - Knowledge - INFO - start ingest for /app/data/T0015/29462/b6613se/react-bank/web/src/components/Navigation/Header/index.tsx
2025-08-06 15:41:33,844 - Knowledge - INFO - Found code_base: <app.utils.kg_build.knowledge.KnowledgeCodeBase object at 0x7fa3f4c2df50>
2025-08-06 15:41:34,041 - Knowledge - INFO - start ingest for /app/data/T0015/29462/b6613se/react-bank/web/src/components/Navigation/Header/style.scss
2025-08-06 15:41:34,131 - Knowledge - INFO - done fast ingest for /app/data/T0015/29462/b6613se/react-bank/web/src/api/common.ts
2025-08-06 15:41:34,224 - Knowledge - INFO - done fast ingest for /app/data/T0015/29462/b6613se/react-bank/web/src/api/accounts.ts
2025-08-06 15:41:34,331 - Knowledge - INFO - process ingested knowledge for /app/data/T0015/29462/b6613se/react-bank/web/src/api/stats.ts
2025-08-06 15:41:34,403 - Knowledge - INFO - Found code_base: <app.utils.kg_build.knowledge.KnowledgeCodeBase object at 0x7fa3f4c2df50>
2025-08-06 15:41:34,509 - Knowledge - INFO - Thread kw3 - File style.scss - Remaining files in queue: 152
2025-08-06 15:41:34,581 - Knowledge - INFO - Thread kw1 - File index.tsx - Remaining files in queue: 152
2025-08-06 15:41:34,660 - Knowledge - INFO - Found code_base: <app.utils.kg_build.knowledge.KnowledgeCodeBase object at 0x7fa3f4c2df50>
2025-08-06 15:41:34,731 - Knowledge - INFO - Thread kw11 - File forms.ts - Remaining files in queue: 152
2025-08-06 15:41:34,838 - Knowledge - INFO - Thread kw7 - File auth.ts - Remaining files in queue: 152
2025-08-06 15:41:35,062 - Knowledge - INFO - process ingested knowledge for /app/data/T0015/29462/b6613se/react-bank/web/src/@hooks/index.ts
2025-08-06 15:41:35,250 - Knowledge - INFO - Fast-track processing for simple file: /app/data/T0015/29462/b6613se/react-bank/web/src/api/cards.ts
2025-08-06 15:41:35,415 - Knowledge - INFO - worker kw2 pull /app/data/T0015/29462/b6613se/react-bank/web/src/api/users.ts from ingest queue
2025-08-06 15:41:35,496 - Knowledge - INFO - persist ingested knowledge for /app/data/T0015/29462/b6613se/react-bank/old-api/util/dummy-data.js
2025-08-06 15:41:35,591 - Knowledge - INFO - done fast ingest for /app/data/T0015/29462/b6613se/react-bank/web/src/api/messages.ts
2025-08-06 15:41:35,811 - Knowledge - INFO - persist search terms embedding for old-api/util/notifications/send-email.js
2025-08-06 15:41:35,840 - Knowledge - INFO - persist ingested knowledge for /app/data/T0015/29462/b6613se/react-bank/old-api/controllers/messages.js
2025-08-06 15:41:36,064 - Knowledge - INFO - process ingested knowledge for /app/data/T0015/29462/b6613se/react-bank/web/src/api/common.ts
2025-08-06 15:41:36,152 - Knowledge - INFO - process ingested knowledge for /app/data/T0015/29462/b6613se/react-bank/web/src/api/accounts.ts
2025-08-06 15:41:36,309 - Knowledge - INFO - persist ingested knowledge for /app/data/T0015/29462/b6613se/react-bank/old-api/controllers/users.js
2025-08-06 15:41:36,383 - Knowledge - INFO - start ingest for /app/data/T0015/29462/b6613se/react-bank/web/src/components/Navigation/MainNavigation/style.scss
2025-08-06 15:41:36,385 - Knowledge - INFO - done ingest for /app/data/T0015/29462/b6613se/react-bank/web/src/api/base.ts
2025-08-06 15:41:36,472 - Knowledge - INFO - start ingest for /app/data/T0015/29462/b6613se/react-bank/web/src/components/Accounts/List/index.tsx
2025-08-06 15:41:36,546 - Knowledge - INFO - persist ingested knowledge for /app/data/T0015/29462/b6613se/react-bank/old-api/controllers/stats.js
2025-08-06 15:41:36,655 - Knowledge - INFO - start ingest for /app/data/T0015/29462/b6613se/react-bank/web/src/api/forms.ts
2025-08-06 15:41:36,738 - Knowledge - INFO - start ingest for /app/data/T0015/29462/b6613se/react-bank/web/src/api/auth.ts
2025-08-06 15:41:36,942 - Knowledge - INFO - done fast ingest for /app/data/T0015/29462/b6613se/react-bank/web/src/api/cards.ts
2025-08-06 15:41:37,049 - Knowledge - INFO - Thread kw2 - File users.ts - Remaining files in queue: 151
2025-08-06 15:41:37,253 - Knowledge - INFO - process ingested knowledge for /app/data/T0015/29462/b6613se/react-bank/web/src/api/messages.ts
2025-08-06 15:41:37,313 - Knowledge - INFO - Found code-base-name: https://github.com/DanAnt123/react-bank.git:master
2025-08-06 15:41:37,746 - Knowledge - INFO - persist search terms embedding for old-api/util/errors.js
2025-08-06 15:41:37,888 - Knowledge - INFO - process ingested knowledge for /app/data/T0015/29462/b6613se/react-bank/web/src/api/base.ts
2025-08-06 15:41:38,157 - Knowledge - INFO - Fast-track processing for simple file: /app/data/T0015/29462/b6613se/react-bank/web/src/api/forms.ts
2025-08-06 15:41:38,388 - Knowledge - INFO - process ingested knowledge for /app/data/T0015/29462/b6613se/react-bank/web/src/api/cards.ts
2025-08-06 15:41:38,435 - Knowledge - INFO - start ingest for /app/data/T0015/29462/b6613se/react-bank/web/src/api/users.ts
2025-08-06 15:41:38,637 - Knowledge - INFO - Found code_base: <app.utils.kg_build.knowledge.KnowledgeCodeBase object at 0x7fa3f4c2df50>
2025-08-06 15:41:38,737 - Knowledge - INFO - worker kw5 pull /app/data/T0015/29462/b6613se/react-bank/web/src/components/Navigation/MainNavigation/index.tsx from ingest queue
2025-08-06 15:41:38,919 - Knowledge - INFO - done fast ingest for /app/data/T0015/29462/b6613se/react-bank/web/src/api/forms.ts
2025-08-06 15:41:39,103 - Knowledge - INFO - persist search terms embedding for old-api/controllers/accounts.js
2025-08-06 15:41:39,109 - Knowledge - INFO - Fast-track processing for simple file: /app/data/T0015/29462/b6613se/react-bank/web/src/api/users.ts
2025-08-06 15:41:39,208 - Knowledge - INFO - persist ingested knowledge for /app/data/T0015/29462/b6613se/react-bank/old-api/controllers/transfers.js
2025-08-06 15:41:39,298 - Knowledge - INFO - Thread kw5 - File index.tsx - Remaining files in queue: 150
2025-08-06 15:41:39,414 - Knowledge - INFO - process ingested knowledge for /app/data/T0015/29462/b6613se/react-bank/web/src/api/forms.ts
2025-08-06 15:41:39,502 - Knowledge - INFO - Found code-base-name: https://github.com/DanAnt123/react-bank.git:master
2025-08-06 15:41:39,572 - Knowledge - INFO - done fast ingest for /app/data/T0015/29462/b6613se/react-bank/web/src/api/users.ts
2025-08-06 15:41:39,796 - Knowledge - INFO - start ingest for /app/data/T0015/29462/b6613se/react-bank/web/src/components/Navigation/MainNavigation/index.tsx
2025-08-06 15:41:39,805 - Knowledge - INFO - done ingest for /app/data/T0015/29462/b6613se/react-bank/web/src/components/Navigation/Header/style.scss
2025-08-06 15:41:39,984 - Knowledge - INFO - Found code_base: <app.utils.kg_build.knowledge.KnowledgeCodeBase object at 0x7fa3f4c2df50>
2025-08-06 15:41:40,023 - Knowledge - INFO - persist search terms embedding for old-api/util/dummy-data.js
2025-08-06 15:41:40,115 - Knowledge - INFO - process ingested knowledge for /app/data/T0015/29462/b6613se/react-bank/web/src/api/users.ts
2025-08-06 15:41:40,281 - Knowledge - INFO - process ingested knowledge for /app/data/T0015/29462/b6613se/react-bank/web/src/components/Navigation/Header/style.scss
2025-08-06 15:41:40,370 - Knowledge - INFO - persist ingested knowledge for /app/data/T0015/29462/b6613se/react-bank/web/src/@hooks/index.ts
2025-08-06 15:41:40,481 - Knowledge - INFO - worker kw25 pull /app/data/T0015/29462/b6613se/react-bank/web/src/components/Accounts/ListElement/index.tsx from ingest queue
2025-08-06 15:41:40,815 - Knowledge - INFO - Thread kw25 - File index.tsx - Remaining files in queue: 149
2025-08-06 15:41:40,914 - Knowledge - INFO - start ingest for /app/data/T0015/29462/b6613se/react-bank/web/src/components/Accounts/ListElement/index.tsx
2025-08-06 15:41:40,971 - Knowledge - INFO - persist search terms embedding for old-api/controllers/messages.js
2025-08-06 15:41:41,102 - Knowledge - INFO - Found code-base-name: https://github.com/DanAnt123/react-bank.git:master
2025-08-06 15:41:41,113 - Knowledge - INFO - Found code-base-name: https://github.com/DanAnt123/react-bank.git:master
2025-08-06 15:41:41,178 - Knowledge - INFO - Found code_base: <app.utils.kg_build.knowledge.KnowledgeCodeBase object at 0x7fa3f4c2df50>
2025-08-06 15:41:41,274 - Knowledge - INFO - Found code_base: <app.utils.kg_build.knowledge.KnowledgeCodeBase object at 0x7fa3f4c2df50>
2025-08-06 15:41:41,343 - Knowledge - INFO - persist ingested knowledge for /app/data/T0015/29462/b6613se/react-bank/web/src/api/common.ts
2025-08-06 15:41:41,426 - Knowledge - INFO - persist ingested knowledge for /app/data/T0015/29462/b6613se/react-bank/web/src/api/accounts.ts
2025-08-06 15:41:41,462 - Knowledge - INFO - persist search terms embedding for old-api/controllers/users.js
2025-08-06 15:41:42,031 - Knowledge - INFO - persist search terms embedding for old-api/controllers/stats.js
2025-08-06 15:41:42,160 - Knowledge - INFO - Found code-base-name: https://github.com/DanAnt123/react-bank.git:master
2025-08-06 15:41:42,162 - Knowledge - INFO - Found code-base-name: https://github.com/DanAnt123/react-bank.git:master
2025-08-06 15:41:42,166 - Knowledge - INFO - worker kw12 pull /app/data/T0015/29462/b6613se/react-bank/web/src/components/Messages/List/index.tsx from ingest queue
2025-08-06 15:41:42,167 - Knowledge - INFO - Found code-base-name: https://github.com/DanAnt123/react-bank.git:master
2025-08-06 15:41:42,168 - Knowledge - INFO - worker kw6 pull /app/data/T0015/29462/b6613se/react-bank/web/src/components/Messages/Single/index.tsx from ingest queue
2025-08-06 15:41:42,168 - Knowledge - INFO - Found code-base-name: https://github.com/DanAnt123/react-bank.git:master
2025-08-06 15:41:42,174 - Knowledge - INFO - worker kw21 pull /app/data/T0015/29462/b6613se/react-bank/web/src/components/Messages/ListElement/index.tsx from ingest queue
2025-08-06 15:41:42,177 - Knowledge - INFO - worker kw23 pull /app/data/T0015/29462/b6613se/react-bank/web/src/components/Accounts/Single/index.tsx from ingest queue
2025-08-06 15:41:42,178 - Knowledge - INFO - Found code-base-name: https://github.com/DanAnt123/react-bank.git:master
2025-08-06 15:41:42,179 - Knowledge - INFO - worker kw17 pull /app/data/T0015/29462/b6613se/react-bank/web/src/components/Transfers/New/validations.ts from ingest queue
2025-08-06 15:41:42,244 - Knowledge - INFO - Found code_base: <app.utils.kg_build.knowledge.KnowledgeCodeBase object at 0x7fa3f4c2df50>
2025-08-06 15:41:42,338 - Knowledge - INFO - Found code_base: <app.utils.kg_build.knowledge.KnowledgeCodeBase object at 0x7fa3f4c2df50>
2025-08-06 15:41:42,474 - Knowledge - INFO - Thread kw12 - File index.tsx - Remaining files in queue: 144
2025-08-06 15:41:42,507 - Knowledge - INFO - worker kw20 pull /app/data/T0015/29462/b6613se/react-bank/web/src/components/Transfers/New/index.tsx from ingest queue
2025-08-06 15:41:42,516 - Knowledge - INFO - Found code-base-name: https://github.com/DanAnt123/react-bank.git:master
2025-08-06 15:41:42,621 - Knowledge - INFO - Found code_base: <app.utils.kg_build.knowledge.KnowledgeCodeBase object at 0x7fa3f4c2df50>
2025-08-06 15:41:42,717 - Knowledge - INFO - Thread kw6 - File index.tsx - Remaining files in queue: 143
2025-08-06 15:41:42,795 - Knowledge - INFO - Found code_base: <app.utils.kg_build.knowledge.KnowledgeCodeBase object at 0x7fa3f4c2df50>
2025-08-06 15:41:42,921 - Knowledge - INFO - Thread kw21 - File index.tsx - Remaining files in queue: 143
2025-08-06 15:41:43,031 - Knowledge - INFO - Thread kw23 - File index.tsx - Remaining files in queue: 143
2025-08-06 15:41:43,119 - Knowledge - INFO - done ingest for /app/data/T0015/29462/b6613se/react-bank/web/src/components/Navigation/Header/index.tsx
2025-08-06 15:41:43,149 - Knowledge - INFO - persist search terms embedding for old-api/controllers/transfers.js
2025-08-06 15:41:43,181 - Knowledge - INFO - Found code_base: <app.utils.kg_build.knowledge.KnowledgeCodeBase object at 0x7fa3f4c2df50>
2025-08-06 15:41:43,377 - Knowledge - INFO - Thread kw17 - File validations.ts - Remaining files in queue: 143
2025-08-06 15:41:43,421 - Knowledge - INFO - done ingest for /app/data/T0015/29462/b6613se/react-bank/web/src/components/Accounts/List/index.tsx
2025-08-06 15:41:43,563 - Knowledge - INFO - persist ingested knowledge for /app/data/T0015/29462/b6613se/react-bank/web/src/api/messages.ts
2025-08-06 15:41:43,690 - Knowledge - INFO - persist ingested knowledge for /app/data/T0015/29462/b6613se/react-bank/web/src/api/stats.ts
2025-08-06 15:41:43,818 - Knowledge - INFO - start ingest for /app/data/T0015/29462/b6613se/react-bank/web/src/components/Messages/List/index.tsx
2025-08-06 15:41:43,930 - Knowledge - INFO - Thread kw20 - File index.tsx - Remaining files in queue: 143
2025-08-06 15:41:44,044 - Knowledge - INFO - Found code_base: <app.utils.kg_build.knowledge.KnowledgeCodeBase object at 0x7fa3f4c2df50>
2025-08-06 15:41:44,172 - Knowledge - INFO - persist ingested knowledge for /app/data/T0015/29462/b6613se/react-bank/web/src/api/base.ts
2025-08-06 15:41:44,318 - Knowledge - INFO - start ingest for /app/data/T0015/29462/b6613se/react-bank/web/src/components/Messages/Single/index.tsx
2025-08-06 15:41:44,435 - Knowledge - INFO - persist ingested knowledge for /app/data/T0015/29462/b6613se/react-bank/web/src/api/forms.ts
2025-08-06 15:41:44,543 - Knowledge - INFO - start ingest for /app/data/T0015/29462/b6613se/react-bank/web/src/components/Messages/ListElement/index.tsx
2025-08-06 15:41:44,661 - Knowledge - INFO - start ingest for /app/data/T0015/29462/b6613se/react-bank/web/src/components/Accounts/Single/index.tsx
2025-08-06 15:41:44,671 - Knowledge - INFO - done ingest for /app/data/T0015/29462/b6613se/react-bank/web/src/components/Navigation/MainNavigation/style.scss
2025-08-06 15:41:44,780 - Knowledge - INFO - process ingested knowledge for /app/data/T0015/29462/b6613se/react-bank/web/src/components/Navigation/Header/index.tsx
2025-08-06 15:41:44,863 - Knowledge - INFO - Found code-base-name: https://github.com/DanAnt123/react-bank.git:master
2025-08-06 15:41:44,968 - Knowledge - INFO - persist ingested knowledge for /app/data/T0015/29462/b6613se/react-bank/web/src/components/Navigation/Header/style.scss
2025-08-06 15:41:45,134 - Knowledge - INFO - start ingest for /app/data/T0015/29462/b6613se/react-bank/web/src/components/Transfers/New/validations.ts
2025-08-06 15:41:45,197 - Knowledge - INFO - worker kw13 pull /app/data/T0015/29462/b6613se/react-bank/web/src/components/Auth/Logout/index.tsx from ingest queue
2025-08-06 15:41:45,203 - Knowledge - INFO - worker kw15 pull /app/data/T0015/29462/b6613se/react-bank/web/src/components/Auth/Login/Form.tsx from ingest queue
2025-08-06 15:41:45,205 - Knowledge - INFO - worker kw24 pull /app/data/T0015/29462/b6613se/react-bank/web/src/components/Transfers/Single/index.tsx from ingest queue
2025-08-06 15:41:45,212 - Knowledge - INFO - worker kw10 pull /app/data/T0015/29462/b6613se/react-bank/web/src/components/Transfers/New/Form.tsx from ingest queue
2025-08-06 15:41:45,213 - Knowledge - INFO - worker kw14 pull /app/data/T0015/29462/b6613se/react-bank/web/src/components/Messages/ListElement/style.scss from ingest queue
2025-08-06 15:41:45,374 - Knowledge - INFO - process ingested knowledge for /app/data/T0015/29462/b6613se/react-bank/web/src/components/Accounts/List/index.tsx
2025-08-06 15:41:45,814 - Knowledge - INFO - start ingest for /app/data/T0015/29462/b6613se/react-bank/web/src/components/Transfers/New/index.tsx
2025-08-06 15:41:45,967 - Knowledge - INFO - persist ingested knowledge for /app/data/T0015/29462/b6613se/react-bank/web/src/api/cards.ts
2025-08-06 15:41:46,573 - Knowledge - INFO - done ingest for /app/data/T0015/29462/b6613se/react-bank/web/src/api/auth.ts
2025-08-06 15:41:46,607 - Knowledge - INFO - worker kw4 pull /app/data/T0015/29462/b6613se/react-bank/web/src/components/Transfers/ListElement/index.tsx from ingest queue
2025-08-06 15:41:46,627 - Knowledge - INFO - done ingest for /app/data/T0015/29462/b6613se/react-bank/web/src/components/Accounts/ListElement/index.tsx
2025-08-06 15:41:46,674 - Knowledge - INFO - done ingest for /app/data/T0015/29462/b6613se/react-bank/old-api/controllers/auth.js
2025-08-06 15:41:46,823 - Knowledge - INFO - process ingested knowledge for /app/data/T0015/29462/b6613se/react-bank/web/src/components/Navigation/MainNavigation/style.scss
2025-08-06 15:41:46,985 - Knowledge - INFO - Found code_base: <app.utils.kg_build.knowledge.KnowledgeCodeBase object at 0x7fa3f4c2df50>
2025-08-06 15:41:48,490 - Knowledge - INFO - persist ingested knowledge for /app/data/T0015/29462/b6613se/react-bank/web/src/api/users.ts
2025-08-06 15:41:47,223 - Knowledge - INFO - Thread kw13 - File index.tsx - Remaining files in queue: 137
2025-08-06 15:41:47,299 - Knowledge - INFO - Thread kw15 - File Form.tsx - Remaining files in queue: 137
2025-08-06 15:41:47,419 - Knowledge - INFO - Thread kw24 - File index.tsx - Remaining files in queue: 137
2025-08-06 15:41:47,512 - Knowledge - INFO - Thread kw10 - File Form.tsx - Remaining files in queue: 137
2025-08-06 15:41:47,610 - Knowledge - INFO - Thread kw14 - File style.scss - Remaining files in queue: 137
2025-08-06 15:41:48,068 - Knowledge - INFO - done ingest for /app/data/T0015/29462/b6613se/react-bank/web/src/components/Navigation/MainNavigation/index.tsx
2025-08-06 15:41:48,069 - Knowledge - INFO - process ingested knowledge for /app/data/T0015/29462/b6613se/react-bank/web/src/api/auth.ts
2025-08-06 15:41:48,138 - Knowledge - INFO - Thread kw4 - File index.tsx - Remaining files in queue: 137
2025-08-06 15:41:48,237 - Knowledge - INFO - process ingested knowledge for /app/data/T0015/29462/b6613se/react-bank/web/src/components/Accounts/ListElement/index.tsx
2025-08-06 15:41:48,339 - Knowledge - INFO - process ingested knowledge for /app/data/T0015/29462/b6613se/react-bank/old-api/controllers/auth.js
2025-08-06 15:41:47,189 - Knowledge - INFO - persist search terms embedding for web/src/api/base.ts
2025-08-06 15:41:48,661 - Knowledge - INFO - start ingest for /app/data/T0015/29462/b6613se/react-bank/web/src/components/Auth/Logout/index.tsx
2025-08-06 15:41:48,779 - Knowledge - INFO - start ingest for /app/data/T0015/29462/b6613se/react-bank/web/src/components/Auth/Login/Form.tsx
2025-08-06 15:41:48,876 - Knowledge - INFO - start ingest for /app/data/T0015/29462/b6613se/react-bank/web/src/components/Transfers/Single/index.tsx
2025-08-06 15:41:48,952 - Knowledge - INFO - start ingest for /app/data/T0015/29462/b6613se/react-bank/web/src/components/Transfers/New/Form.tsx
2025-08-06 15:41:49,044 - Knowledge - INFO - start ingest for /app/data/T0015/29462/b6613se/react-bank/web/src/components/Messages/ListElement/style.scss
2025-08-06 15:41:49,174 - Knowledge - INFO - process ingested knowledge for /app/data/T0015/29462/b6613se/react-bank/web/src/components/Navigation/MainNavigation/index.tsx
2025-08-06 15:41:49,365 - Knowledge - INFO - start ingest for /app/data/T0015/29462/b6613se/react-bank/web/src/components/Transfers/ListElement/index.tsx
2025-08-06 15:41:49,750 - Knowledge - INFO - worker kw19 pull /app/data/T0015/29462/b6613se/react-bank/web/src/components/Auth/Register/index.tsx from ingest queue
2025-08-06 15:41:49,750 - Knowledge - INFO - Found code-base-name: https://github.com/DanAnt123/react-bank.git:master
2025-08-06 15:41:49,750 - Knowledge - INFO - Found code-base-name: https://github.com/DanAnt123/react-bank.git:master
2025-08-06 15:41:49,769 - Knowledge - INFO - Fast-track processing for simple file: /app/data/T0015/29462/b6613se/react-bank/web/src/components/Auth/Logout/index.tsx
2025-08-06 15:41:49,839 - Knowledge - INFO - Found code-base-name: https://github.com/DanAnt123/react-bank.git:master
2025-08-06 15:41:49,934 - Knowledge - INFO - Found code-base-name: https://github.com/DanAnt123/react-bank.git:master
2025-08-06 15:41:49,935 - Knowledge - INFO - Found code-base-name: https://github.com/DanAnt123/react-bank.git:master
2025-08-06 15:41:49,935 - Knowledge - INFO - Found code-base-name: https://github.com/DanAnt123/react-bank.git:master
2025-08-06 15:41:49,935 - Knowledge - INFO - worker kw9 pull /app/data/T0015/29462/b6613se/react-bank/web/src/components/Transfers/List/index.tsx from ingest queue
2025-08-06 15:41:50,023 - Knowledge - INFO - worker kw22 pull /app/data/T0015/29462/b6613se/react-bank/web/src/components/CurrencyStats/CurrencyBox/index.tsx from ingest queue
2025-08-06 15:41:50,024 - Knowledge - INFO - worker kw11 pull /app/data/T0015/29462/b6613se/react-bank/web/src/components/Auth/Login/index.tsx from ingest queue
2025-08-06 15:41:51,361 - Knowledge - INFO - Thread kw11 - File index.tsx - Remaining files in queue: 131
2025-08-06 15:41:50,024 - Knowledge - INFO - worker kw2 pull /app/data/T0015/29462/b6613se/react-bank/web/src/components/CurrencyStats/List/style.scss from ingest queue
2025-08-06 15:41:50,257 - Knowledge - INFO - Found code-base-name: https://github.com/DanAnt123/react-bank.git:master
2025-08-06 15:41:50,398 - Knowledge - INFO - Thread kw19 - File index.tsx - Remaining files in queue: 131
2025-08-06 15:41:50,492 - Knowledge - INFO - Found code_base: <app.utils.kg_build.knowledge.KnowledgeCodeBase object at 0x7fa3f4c2df50>
2025-08-06 15:41:50,570 - Knowledge - INFO - Found code_base: <app.utils.kg_build.knowledge.KnowledgeCodeBase object at 0x7fa3f4c2df50>
2025-08-06 15:41:50,686 - Knowledge - INFO - done fast ingest for /app/data/T0015/29462/b6613se/react-bank/web/src/components/Auth/Logout/index.tsx
2025-08-06 15:41:50,758 - Knowledge - INFO - Found code_base: <app.utils.kg_build.knowledge.KnowledgeCodeBase object at 0x7fa3f4c2df50>
2025-08-06 15:41:50,882 - Knowledge - INFO - Found code_base: <app.utils.kg_build.knowledge.KnowledgeCodeBase object at 0x7fa3f4c2df50>
2025-08-06 15:41:50,992 - Knowledge - INFO - Found code_base: <app.utils.kg_build.knowledge.KnowledgeCodeBase object at 0x7fa3f4c2df50>
2025-08-06 15:41:51,068 - Knowledge - INFO - Found code_base: <app.utils.kg_build.knowledge.KnowledgeCodeBase object at 0x7fa3f4c2df50>
2025-08-06 15:41:51,142 - Knowledge - INFO - Thread kw9 - File index.tsx - Remaining files in queue: 131
2025-08-06 15:41:51,253 - Knowledge - INFO - Thread kw22 - File index.tsx - Remaining files in queue: 131
2025-08-06 15:41:50,024 - Knowledge - INFO - worker kw18 pull /app/data/T0015/29462/b6613se/react-bank/web/src/components/PageNotFound/index.tsx from ingest queue
2025-08-06 15:41:51,434 - Knowledge - INFO - start ingest for /app/data/T0015/29462/b6613se/react-bank/web/src/components/Auth/Login/index.tsx
2025-08-06 15:41:51,525 - Knowledge - INFO - Thread kw2 - File style.scss - Remaining files in queue: 131
2025-08-06 15:41:51,597 - Knowledge - INFO - Found code_base: <app.utils.kg_build.knowledge.KnowledgeCodeBase object at 0x7fa3f4c2df50>
2025-08-06 15:41:52,866 - Knowledge - INFO - persist ingested knowledge for /app/data/T0015/29462/b6613se/react-bank/web/src/components/Navigation/MainNavigation/index.tsx
2025-08-06 15:41:51,767 - Knowledge - INFO - persist ingested knowledge for /app/data/T0015/29462/b6613se/react-bank/web/src/components/Navigation/Header/index.tsx
2025-08-06 15:41:51,823 - Knowledge - INFO - done ingest for /app/data/T0015/29462/b6613se/react-bank/web/src/components/Messages/List/index.tsx
2025-08-06 15:41:51,854 - Knowledge - INFO - persist ingested knowledge for /app/data/T0015/29462/b6613se/react-bank/web/src/components/Accounts/List/index.tsx
2025-08-06 15:41:51,965 - Knowledge - INFO - process ingested knowledge for /app/data/T0015/29462/b6613se/react-bank/web/src/components/Auth/Logout/index.tsx
2025-08-06 15:41:52,050 - Knowledge - INFO - persist ingested knowledge for /app/data/T0015/29462/b6613se/react-bank/web/src/components/Navigation/MainNavigation/style.scss
2025-08-06 15:41:52,121 - Knowledge - INFO - persist ingested knowledge for /app/data/T0015/29462/b6613se/react-bank/web/src/api/auth.ts
2025-08-06 15:41:52,216 - Knowledge - INFO - persist ingested knowledge for /app/data/T0015/29462/b6613se/react-bank/web/src/components/Accounts/ListElement/index.tsx
2025-08-06 15:41:52,304 - Knowledge - INFO - persist ingested knowledge for /app/data/T0015/29462/b6613se/react-bank/old-api/controllers/auth.js
2025-08-06 15:41:52,413 - Knowledge - INFO - start ingest for /app/data/T0015/29462/b6613se/react-bank/web/src/components/Transfers/List/index.tsx
2025-08-06 15:41:52,500 - Knowledge - INFO - start ingest for /app/data/T0015/29462/b6613se/react-bank/web/src/components/CurrencyStats/CurrencyBox/index.tsx
2025-08-06 15:41:52,578 - Knowledge - INFO - Thread kw18 - File index.tsx - Remaining files in queue: 131
2025-08-06 15:41:52,763 - Knowledge - INFO - start ingest for /app/data/T0015/29462/b6613se/react-bank/web/src/components/CurrencyStats/List/style.scss
2025-08-06 15:41:51,695 - Knowledge - INFO - start ingest for /app/data/T0015/29462/b6613se/react-bank/web/src/components/Auth/Register/index.tsx
2025-08-06 15:41:53,352 - Knowledge - INFO - process ingested knowledge for /app/data/T0015/29462/b6613se/react-bank/web/src/components/Messages/List/index.tsx
2025-08-06 15:41:54,118 - Knowledge - INFO - persist search terms embedding for web/src/components/Navigation/MainNavigation/index.tsx
2025-08-06 15:41:54,166 - Knowledge - INFO - Fast-track processing for simple file: /app/data/T0015/29462/b6613se/react-bank/web/src/components/CurrencyStats/CurrencyBox/index.tsx
2025-08-06 15:41:54,191 - Knowledge - INFO - start ingest for /app/data/T0015/29462/b6613se/react-bank/web/src/components/PageNotFound/index.tsx
2025-08-06 15:41:54,375 - Knowledge - INFO - Fast-track processing for simple file: /app/data/T0015/29462/b6613se/react-bank/web/src/components/CurrencyStats/List/style.scss
2025-08-06 15:41:55,312 - Knowledge - INFO - done fast ingest for /app/data/T0015/29462/b6613se/react-bank/web/src/components/CurrencyStats/List/style.scss
2025-08-06 15:41:55,202 - Knowledge - INFO - Fast-track processing for simple file: /app/data/T0015/29462/b6613se/react-bank/web/src/components/PageNotFound/index.tsx
2025-08-06 15:41:55,055 - Knowledge - INFO - done fast ingest for /app/data/T0015/29462/b6613se/react-bank/web/src/components/CurrencyStats/CurrencyBox/index.tsx
2025-08-06 15:41:55,402 - Knowledge - INFO - process ingested knowledge for /app/data/T0015/29462/b6613se/react-bank/web/src/components/CurrencyStats/List/style.scss
2025-08-06 15:41:55,496 - Knowledge - INFO - done fast ingest for /app/data/T0015/29462/b6613se/react-bank/web/src/components/PageNotFound/index.tsx
2025-08-06 15:41:55,646 - Knowledge - INFO - process ingested knowledge for /app/data/T0015/29462/b6613se/react-bank/web/src/components/CurrencyStats/CurrencyBox/index.tsx
2025-08-06 15:41:55,684 - Knowledge - INFO - persist search terms embedding for web/src/components/Navigation/Header/index.tsx
2025-08-06 15:41:55,853 - Knowledge - INFO - done ingest for /app/data/T0015/29462/b6613se/react-bank/web/src/components/Messages/ListElement/index.tsx
2025-08-06 15:41:55,981 - Knowledge - INFO - process ingested knowledge for /app/data/T0015/29462/b6613se/react-bank/web/src/components/PageNotFound/index.tsx
2025-08-06 15:41:56,027 - Knowledge - INFO - done ingest for /app/data/T0015/29462/b6613se/react-bank/web/src/components/Messages/Single/index.tsx
2025-08-06 15:41:56,319 - Knowledge - INFO - process ingested knowledge for /app/data/T0015/29462/b6613se/react-bank/web/src/components/Messages/ListElement/index.tsx
2025-08-06 15:41:56,353 - Knowledge - INFO - done ingest for /app/data/T0015/29462/b6613se/react-bank/web/src/components/Accounts/Single/index.tsx
2025-08-06 15:41:56,409 - Knowledge - INFO - done ingest for /app/data/T0015/29462/b6613se/react-bank/web/src/components/Transfers/New/validations.ts
2025-08-06 15:41:56,505 - Knowledge - INFO - process ingested knowledge for /app/data/T0015/29462/b6613se/react-bank/web/src/components/Messages/Single/index.tsx
2025-08-06 15:41:56,783 - Knowledge - INFO - persist search terms embedding for web/src/components/Accounts/List/index.tsx
2025-08-06 15:41:56,807 - Knowledge - INFO - process ingested knowledge for /app/data/T0015/29462/b6613se/react-bank/web/src/components/Accounts/Single/index.tsx
2025-08-06 15:41:56,863 - Knowledge - INFO - process ingested knowledge for /app/data/T0015/29462/b6613se/react-bank/web/src/components/Transfers/New/validations.ts
2025-08-06 15:41:57,035 - Knowledge - INFO - Found code-base-name: https://github.com/DanAnt123/react-bank.git:master
2025-08-06 15:41:57,338 - Knowledge - INFO - Found code_base: <app.utils.kg_build.knowledge.KnowledgeCodeBase object at 0x7fa3f4c2df50>
2025-08-06 15:41:57,429 - Knowledge - INFO - persist ingested knowledge for /app/data/T0015/29462/b6613se/react-bank/web/src/components/Auth/Logout/index.tsx
2025-08-06 15:41:57,534 - Knowledge - INFO - persist search terms embedding for web/src/components/Navigation/MainNavigation/style.scss
2025-08-06 15:41:57,952 - Knowledge - INFO - persist search terms embedding for web/src/api/auth.ts
2025-08-06 15:41:58,460 - Knowledge - INFO - persist search terms embedding for web/src/components/Accounts/ListElement/index.tsx
2025-08-06 15:41:58,476 - Knowledge - INFO - done ingest for /app/data/T0015/29462/b6613se/react-bank/web/src/components/Transfers/New/index.tsx
2025-08-06 15:41:58,666 - Knowledge - INFO - process ingested knowledge for /app/data/T0015/29462/b6613se/react-bank/web/src/components/Transfers/New/index.tsx
2025-08-06 15:41:58,869 - Knowledge - INFO - persist search terms embedding for old-api/controllers/auth.js
2025-08-06 15:41:58,979 - Knowledge - INFO - Found code-base-name: https://github.com/DanAnt123/react-bank.git:master
2025-08-06 15:41:58,980 - Knowledge - INFO - worker kw5 pull /app/data/T0015/29462/b6613se/react-bank/web/src/components/CurrencyStats/CurrencySettings/index.tsx from ingest queue
2025-08-06 15:41:58,980 - Knowledge - INFO - Found code-base-name: https://github.com/DanAnt123/react-bank.git:master
2025-08-06 15:41:58,980 - Knowledge - INFO - worker kw16 pull /app/data/T0015/29462/b6613se/react-bank/web/src/components/CurrencyStats/CurrencySettings/style.scss from ingest queue
2025-08-06 15:41:58,980 - Knowledge - INFO - Found code-base-name: https://github.com/DanAnt123/react-bank.git:master
2025-08-06 15:41:58,981 - Knowledge - INFO - Found code-base-name: https://github.com/DanAnt123/react-bank.git:master
2025-08-06 15:41:58,981 - Knowledge - INFO - worker kw1 pull /app/data/T0015/29462/b6613se/react-bank/web/src/components/CurrencyStats/List/index.tsx from ingest queue
2025-08-06 15:41:58,981 - Knowledge - INFO - Found code-base-name: https://github.com/DanAnt123/react-bank.git:master
2025-08-06 15:41:59,060 - Knowledge - INFO - Found code_base: <app.utils.kg_build.knowledge.KnowledgeCodeBase object at 0x7fa3f4c2df50>
2025-08-06 15:41:59,167 - Knowledge - INFO - Thread kw5 - File index.tsx - Remaining files in queue: 128
2025-08-06 15:41:59,172 - Knowledge - INFO - worker kw3 pull /app/data/T0015/29462/b6613se/react-bank/web/src/components/CurrencyStats/CurrencyBox/style.scss from ingest queue
2025-08-06 15:41:59,172 - Knowledge - INFO - worker kw7 pull /app/data/T0015/29462/b6613se/react-bank/web/src/components/UI/Backdrop/index.tsx from ingest queue
2025-08-06 15:41:59,172 - Knowledge - INFO - Found code-base-name: https://github.com/DanAnt123/react-bank.git:master
2025-08-06 15:41:59,172 - Knowledge - INFO - worker kw8 pull /app/data/T0015/29462/b6613se/react-bank/web/src/components/UI/Backdrop/style.scss from ingest queue
2025-08-06 15:41:59,172 - Knowledge - INFO - Found code-base-name: https://github.com/DanAnt123/react-bank.git:master
2025-08-06 15:42:00,566 - Knowledge - INFO - Found code_base: <app.utils.kg_build.knowledge.KnowledgeCodeBase object at 0x7fa3f4c2df50>
2025-08-06 15:41:59,172 - Knowledge - INFO - worker kw13 pull /app/data/T0015/29462/b6613se/react-bank/web/src/components/UI/FormBoxes/Small/index.tsx from ingest queue
2025-08-06 15:41:59,173 - Knowledge - INFO - Found code-base-name: https://github.com/DanAnt123/react-bank.git:master
2025-08-06 15:41:59,173 - Knowledge - INFO - Found code-base-name: https://github.com/DanAnt123/react-bank.git:master
2025-08-06 15:41:59,277 - Knowledge - INFO - Found code_base: <app.utils.kg_build.knowledge.KnowledgeCodeBase object at 0x7fa3f4c2df50>
2025-08-06 15:41:59,362 - Knowledge - INFO - Thread kw16 - File style.scss - Remaining files in queue: 123
2025-08-06 15:41:59,430 - Knowledge - INFO - Found code_base: <app.utils.kg_build.knowledge.KnowledgeCodeBase object at 0x7fa3f4c2df50>
2025-08-06 15:41:59,531 - Knowledge - INFO - Found code_base: <app.utils.kg_build.knowledge.KnowledgeCodeBase object at 0x7fa3f4c2df50>
2025-08-06 15:41:59,626 - Knowledge - INFO - Thread kw1 - File index.tsx - Remaining files in queue: 123
2025-08-06 15:41:59,702 - Knowledge - INFO - Found code_base: <app.utils.kg_build.knowledge.KnowledgeCodeBase object at 0x7fa3f4c2df50>
2025-08-06 15:41:59,805 - Knowledge - INFO - persist ingested knowledge for /app/data/T0015/29462/b6613se/react-bank/web/src/components/Messages/List/index.tsx
2025-08-06 15:41:59,924 - Knowledge - INFO - start ingest for /app/data/T0015/29462/b6613se/react-bank/web/src/components/CurrencyStats/CurrencySettings/index.tsx
2025-08-06 15:42:00,068 - Knowledge - INFO - Thread kw3 - File style.scss - Remaining files in queue: 123
2025-08-06 15:42:00,178 - Knowledge - INFO - Thread kw7 - File index.tsx - Remaining files in queue: 123
2025-08-06 15:42:00,292 - Knowledge - INFO - Found code_base: <app.utils.kg_build.knowledge.KnowledgeCodeBase object at 0x7fa3f4c2df50>
2025-08-06 15:42:00,430 - Knowledge - INFO - Thread kw8 - File style.scss - Remaining files in queue: 123
2025-08-06 15:41:59,172 - Knowledge - INFO - worker kw25 pull /app/data/T0015/29462/b6613se/react-bank/web/src/components/CurrencyStats/Header/index.tsx from ingest queue
2025-08-06 15:42:00,658 - Knowledge - INFO - done ingest for /app/data/T0015/29462/b6613se/react-bank/web/src/components/Messages/ListElement/style.scss
2025-08-06 15:42:00,664 - Knowledge - INFO - persist ingested knowledge for /app/data/T0015/29462/b6613se/react-bank/web/src/components/Messages/ListElement/index.tsx
2025-08-06 15:42:00,759 - Knowledge - INFO - Thread kw13 - File index.tsx - Remaining files in queue: 123
2025-08-06 15:42:00,842 - Knowledge - INFO - Found code_base: <app.utils.kg_build.knowledge.KnowledgeCodeBase object at 0x7fa3f4c2df50>
2025-08-06 15:42:00,997 - Knowledge - INFO - Found code_base: <app.utils.kg_build.knowledge.KnowledgeCodeBase object at 0x7fa3f4c2df50>
2025-08-06 15:42:01,103 - Knowledge - INFO - persist ingested knowledge for /app/data/T0015/29462/b6613se/react-bank/web/src/components/CurrencyStats/CurrencyBox/index.tsx
2025-08-06 15:42:01,212 - Knowledge - INFO - start ingest for /app/data/T0015/29462/b6613se/react-bank/web/src/components/CurrencyStats/CurrencySettings/style.scss
2025-08-06 15:42:01,343 - Knowledge - INFO - persist ingested knowledge for /app/data/T0015/29462/b6613se/react-bank/web/src/components/PageNotFound/index.tsx
2025-08-06 15:42:01,439 - Knowledge - INFO - persist ingested knowledge for /app/data/T0015/29462/b6613se/react-bank/web/src/components/Messages/Single/index.tsx
2025-08-06 15:42:01,591 - Knowledge - INFO - start ingest for /app/data/T0015/29462/b6613se/react-bank/web/src/components/CurrencyStats/List/index.tsx
2025-08-06 15:42:01,799 - Knowledge - INFO - persist ingested knowledge for /app/data/T0015/29462/b6613se/react-bank/web/src/components/Accounts/Single/index.tsx
2025-08-06 15:42:02,144 - Knowledge - INFO - start ingest for /app/data/T0015/29462/b6613se/react-bank/web/src/components/CurrencyStats/CurrencyBox/style.scss
2025-08-06 15:42:02,242 - Knowledge - INFO - done ingest for /app/data/T0015/29462/b6613se/react-bank/web/src/components/Transfers/ListElement/index.tsx
2025-08-06 15:42:02,245 - Knowledge - INFO - start ingest for /app/data/T0015/29462/b6613se/react-bank/web/src/components/UI/Backdrop/index.tsx
2025-08-06 15:42:02,377 - Knowledge - INFO - persist ingested knowledge for /app/data/T0015/29462/b6613se/react-bank/web/src/components/Transfers/New/index.tsx
2025-08-06 15:42:02,482 - Knowledge - INFO - start ingest for /app/data/T0015/29462/b6613se/react-bank/web/src/components/UI/Backdrop/style.scss
2025-08-06 15:42:02,592 - Knowledge - INFO - Thread kw25 - File index.tsx - Remaining files in queue: 123
2025-08-06 15:42:02,620 - Knowledge - INFO - persist search terms embedding for web/src/components/Messages/List/index.tsx
2025-08-06 15:42:02,706 - Knowledge - INFO - process ingested knowledge for /app/data/T0015/29462/b6613se/react-bank/web/src/components/Messages/ListElement/style.scss
2025-08-06 15:42:02,915 - Knowledge - INFO - start ingest for /app/data/T0015/29462/b6613se/react-bank/web/src/components/UI/FormBoxes/Small/index.tsx
2025-08-06 15:42:03,038 - Knowledge - INFO - persist ingested knowledge for /app/data/T0015/29462/b6613se/react-bank/web/src/components/Transfers/New/validations.ts
2025-08-06 15:42:03,133 - Knowledge - INFO - persist ingested knowledge for /app/data/T0015/29462/b6613se/react-bank/web/src/components/CurrencyStats/List/style.scss
2025-08-06 15:42:03,649 - Knowledge - INFO - done ingest for /app/data/T0015/29462/b6613se/react-bank/web/src/components/Transfers/New/Form.tsx
2025-08-06 15:42:03,993 - Knowledge - INFO - Fast-track processing for simple file: /app/data/T0015/29462/b6613se/react-bank/web/src/components/CurrencyStats/CurrencyBox/style.scss
2025-08-06 15:42:04,141 - Knowledge - INFO - process ingested knowledge for /app/data/T0015/29462/b6613se/react-bank/web/src/components/Transfers/ListElement/index.tsx
2025-08-06 15:42:04,206 - Knowledge - INFO - Fast-track processing for simple file: /app/data/T0015/29462/b6613se/react-bank/web/src/components/UI/Backdrop/index.tsx
2025-08-06 15:42:04,215 - Knowledge - INFO - done ingest for /app/data/T0015/29462/b6613se/react-bank/web/src/components/Transfers/Single/index.tsx
2025-08-06 15:42:04,399 - Knowledge - INFO - Fast-track processing for simple file: /app/data/T0015/29462/b6613se/react-bank/web/src/components/UI/Backdrop/style.scss
2025-08-06 15:42:04,476 - Knowledge - INFO - start ingest for /app/data/T0015/29462/b6613se/react-bank/web/src/components/CurrencyStats/Header/index.tsx
2025-08-06 15:42:04,811 - Knowledge - INFO - Fast-track processing for simple file: /app/data/T0015/29462/b6613se/react-bank/web/src/components/UI/FormBoxes/Small/index.tsx
2025-08-06 15:42:05,176 - Knowledge - INFO - persist search terms embedding for web/src/components/Messages/ListElement/index.tsx
2025-08-06 15:42:05,284 - Knowledge - INFO - process ingested knowledge for /app/data/T0015/29462/b6613se/react-bank/web/src/components/Transfers/New/Form.tsx
2025-08-06 15:42:05,361 - Knowledge - INFO - done fast ingest for /app/data/T0015/29462/b6613se/react-bank/web/src/components/CurrencyStats/CurrencyBox/style.scss
2025-08-06 15:42:05,624 - Knowledge - INFO - done fast ingest for /app/data/T0015/29462/b6613se/react-bank/web/src/components/UI/Backdrop/index.tsx
2025-08-06 15:42:05,655 - Knowledge - INFO - done ingest for /app/data/T0015/29462/b6613se/react-bank/web/src/components/Auth/Register/index.tsx
2025-08-06 15:42:05,711 - Knowledge - INFO - done ingest for /app/data/T0015/29462/b6613se/react-bank/web/src/components/Auth/Login/index.tsx
2025-08-06 15:42:05,980 - Knowledge - INFO - done fast ingest for /app/data/T0015/29462/b6613se/react-bank/web/src/components/UI/Backdrop/style.scss
2025-08-06 15:42:05,981 - Knowledge - INFO - process ingested knowledge for /app/data/T0015/29462/b6613se/react-bank/web/src/components/Transfers/Single/index.tsx
2025-08-06 15:42:06,130 - Knowledge - INFO - Fast-track processing for simple file: /app/data/T0015/29462/b6613se/react-bank/web/src/components/CurrencyStats/Header/index.tsx
2025-08-06 15:42:06,217 - Knowledge - INFO - done fast ingest for /app/data/T0015/29462/b6613se/react-bank/web/src/components/UI/FormBoxes/Small/index.tsx
2025-08-06 15:42:06,362 - Knowledge - INFO - done ingest for /app/data/T0015/29462/b6613se/react-bank/web/src/components/Auth/Login/Form.tsx
2025-08-06 15:42:06,562 - Knowledge - INFO - process ingested knowledge for /app/data/T0015/29462/b6613se/react-bank/web/src/components/CurrencyStats/CurrencyBox/style.scss
2025-08-06 15:42:06,616 - Knowledge - INFO - done ingest for /app/data/T0015/29462/b6613se/react-bank/web/src/components/Transfers/List/index.tsx
2025-08-06 15:42:06,823 - Knowledge - INFO - process ingested knowledge for /app/data/T0015/29462/b6613se/react-bank/web/src/components/UI/Backdrop/index.tsx
2025-08-06 15:42:06,948 - Knowledge - INFO - done ingest for /app/data/T0015/29462/b6613se/react-bank/web/src/components/CurrencyStats/CurrencySettings/style.scss
2025-08-06 15:42:07,010 - Knowledge - INFO - process ingested knowledge for /app/data/T0015/29462/b6613se/react-bank/web/src/components/Auth/Register/index.tsx
2025-08-06 15:42:07,099 - Knowledge - INFO - process ingested knowledge for /app/data/T0015/29462/b6613se/react-bank/web/src/components/Auth/Login/index.tsx
2025-08-06 15:42:07,128 - Knowledge - INFO - process ingested knowledge for /app/data/T0015/29462/b6613se/react-bank/web/src/components/UI/Backdrop/style.scss
2025-08-06 15:42:07,345 - Knowledge - INFO - done fast ingest for /app/data/T0015/29462/b6613se/react-bank/web/src/components/CurrencyStats/Header/index.tsx
2025-08-06 15:42:07,404 - Knowledge - INFO - done ingest for /app/data/T0015/29462/b6613se/react-bank/web/src/components/CurrencyStats/CurrencySettings/index.tsx
2025-08-06 15:42:07,450 - Knowledge - INFO - process ingested knowledge for /app/data/T0015/29462/b6613se/react-bank/web/src/components/UI/FormBoxes/Small/index.tsx
2025-08-06 15:42:07,488 - Knowledge - INFO - persist search terms embedding for web/src/components/Messages/Single/index.tsx
2025-08-06 15:42:07,575 - Knowledge - INFO - process ingested knowledge for /app/data/T0015/29462/b6613se/react-bank/web/src/components/Auth/Login/Form.tsx
2025-08-06 15:42:07,734 - Knowledge - INFO - process ingested knowledge for /app/data/T0015/29462/b6613se/react-bank/web/src/components/Transfers/List/index.tsx
2025-08-06 15:42:07,937 - Knowledge - INFO - process ingested knowledge for /app/data/T0015/29462/b6613se/react-bank/web/src/components/CurrencyStats/CurrencySettings/style.scss
2025-08-06 15:42:08,293 - Knowledge - INFO - process ingested knowledge for /app/data/T0015/29462/b6613se/react-bank/web/src/components/CurrencyStats/Header/index.tsx
2025-08-06 15:42:08,365 - Knowledge - INFO - process ingested knowledge for /app/data/T0015/29462/b6613se/react-bank/web/src/components/CurrencyStats/CurrencySettings/index.tsx
2025-08-06 15:42:08,764 - Knowledge - INFO - done ingest for /app/data/T0015/29462/b6613se/react-bank/web/src/components/CurrencyStats/List/index.tsx
2025-08-06 15:42:08,860 - Knowledge - INFO - persist search terms embedding for web/src/components/Accounts/Single/index.tsx
2025-08-06 15:42:09,175 - Knowledge - INFO - process ingested knowledge for /app/data/T0015/29462/b6613se/react-bank/web/src/components/CurrencyStats/List/index.tsx
2025-08-06 15:42:09,643 - Knowledge - INFO - persist search terms embedding for web/src/components/Transfers/New/index.tsx
2025-08-06 15:42:09,736 - Knowledge - INFO - worker kw12 pull /app/data/T0015/29462/b6613se/react-bank/web/src/components/UI/FormBoxes/Small/style.scss from ingest queue
2025-08-06 15:42:09,737 - Knowledge - INFO - Found code-base-name: https://github.com/DanAnt123/react-bank.git:master
2025-08-06 15:42:09,813 - Knowledge - INFO - Thread kw12 - File style.scss - Remaining files in queue: 122
2025-08-06 15:42:09,821 - Knowledge - INFO - Found code-base-name: https://github.com/DanAnt123/react-bank.git:master
2025-08-06 15:42:09,821 - Knowledge - INFO - worker kw21 pull /app/data/T0015/29462/b6613se/react-bank/web/src/components/Auth/Register/Form.tsx from ingest queue
2025-08-06 15:42:10,167 - Knowledge - INFO - Thread kw21 - File Form.tsx - Remaining files in queue: 115
2025-08-06 15:42:09,821 - Knowledge - INFO - worker kw18 pull /app/data/T0015/29462/b6613se/react-bank/web/src/components/UI/Buttons/MultiModuleButtons/style.scss from ingest queue
2025-08-06 15:42:09,821 - Knowledge - INFO - Found code-base-name: https://github.com/DanAnt123/react-bank.git:master
2025-08-06 15:42:09,822 - Knowledge - INFO - Found code-base-name: https://github.com/DanAnt123/react-bank.git:master
2025-08-06 15:42:09,822 - Knowledge - INFO - Found code-base-name: https://github.com/DanAnt123/react-bank.git:master
2025-08-06 15:42:09,822 - Knowledge - INFO - Found code-base-name: https://github.com/DanAnt123/react-bank.git:master
2025-08-06 15:42:09,822 - Knowledge - INFO - Found code-base-name: https://github.com/DanAnt123/react-bank.git:master
2025-08-06 15:42:09,822 - Knowledge - INFO - worker kw6 pull /app/data/T0015/29462/b6613se/react-bank/web/src/components/UI/Buttons/MultiModuleButtons/index.tsx from ingest queue
2025-08-06 15:42:09,822 - Knowledge - INFO - Found code-base-name: https://github.com/DanAnt123/react-bank.git:master
2025-08-06 15:42:09,822 - Knowledge - INFO - Found code-base-name: https://github.com/DanAnt123/react-bank.git:master
2025-08-06 15:42:09,822 - Knowledge - INFO - Found code-base-name: https://github.com/DanAnt123/react-bank.git:master
2025-08-06 15:42:09,823 - Knowledge - INFO - Found code-base-name: https://github.com/DanAnt123/react-bank.git:master
2025-08-06 15:42:09,823 - Knowledge - INFO - worker kw23 pull /app/data/T0015/29462/b6613se/react-bank/web/src/components/UI/Buttons/SingleModuleButton/index.tsx from ingest queue
2025-08-06 15:42:09,823 - Knowledge - INFO - Found code-base-name: https://github.com/DanAnt123/react-bank.git:master
2025-08-06 15:42:09,823 - Knowledge - INFO - worker kw20 pull /app/data/T0015/29462/b6613se/react-bank/web/src/components/UI/Loader/LoadingAnimation/index.tsx from ingest queue
2025-08-06 15:42:09,823 - Knowledge - INFO - worker kw2 pull /app/data/T0015/29462/b6613se/react-bank/web/src/components/UI/Loader/index.tsx from ingest queue
2025-08-06 15:42:09,823 - Knowledge - INFO - Found code-base-name: https://github.com/DanAnt123/react-bank.git:master
2025-08-06 15:42:09,823 - Knowledge - INFO - Found code-base-name: https://github.com/DanAnt123/react-bank.git:master
2025-08-06 15:42:09,910 - Knowledge - INFO - Found code_base: <app.utils.kg_build.knowledge.KnowledgeCodeBase object at 0x7fa3f4c2df50>
2025-08-06 15:42:10,004 - Knowledge - INFO - start ingest for /app/data/T0015/29462/b6613se/react-bank/web/src/components/UI/FormBoxes/Small/style.scss
2025-08-06 15:42:10,077 - Knowledge - INFO - Found code_base: <app.utils.kg_build.knowledge.KnowledgeCodeBase object at 0x7fa3f4c2df50>
2025-08-06 15:42:09,821 - Knowledge - INFO - worker kw22 pull /app/data/T0015/29462/b6613se/react-bank/web/src/components/UI/Loader/LoadingAnimation/style.scss from ingest queue
2025-08-06 15:42:10,218 - Knowledge - INFO - persist search terms embedding for web/src/components/Transfers/New/validations.ts
2025-08-06 15:42:10,249 - Knowledge - INFO - start ingest for /app/data/T0015/29462/b6613se/react-bank/web/src/components/Auth/Register/Form.tsx
2025-08-06 15:42:10,368 - Knowledge - INFO - Thread kw18 - File style.scss - Remaining files in queue: 115
2025-08-06 15:42:10,452 - Knowledge - INFO - Found code_base: <app.utils.kg_build.knowledge.KnowledgeCodeBase object at 0x7fa3f4c2df50>
2025-08-06 15:42:10,535 - Knowledge - INFO - Found code_base: <app.utils.kg_build.knowledge.KnowledgeCodeBase object at 0x7fa3f4c2df50>
2025-08-06 15:42:10,622 - Knowledge - INFO - Found code_base: <app.utils.kg_build.knowledge.KnowledgeCodeBase object at 0x7fa3f4c2df50>
2025-08-06 15:42:10,691 - Knowledge - INFO - Found code_base: <app.utils.kg_build.knowledge.KnowledgeCodeBase object at 0x7fa3f4c2df50>
2025-08-06 15:42:10,759 - Knowledge - INFO - Found code_base: <app.utils.kg_build.knowledge.KnowledgeCodeBase object at 0x7fa3f4c2df50>
2025-08-06 15:42:10,867 - Knowledge - INFO - Thread kw6 - File index.tsx - Remaining files in queue: 115
2025-08-06 15:42:10,957 - Knowledge - INFO - Found code_base: <app.utils.kg_build.knowledge.KnowledgeCodeBase object at 0x7fa3f4c2df50>
2025-08-06 15:42:11,075 - Knowledge - INFO - Found code_base: <app.utils.kg_build.knowledge.KnowledgeCodeBase object at 0x7fa3f4c2df50>
2025-08-06 15:42:11,187 - Knowledge - INFO - Found code_base: <app.utils.kg_build.knowledge.KnowledgeCodeBase object at 0x7fa3f4c2df50>
2025-08-06 15:42:11,286 - Knowledge - INFO - Found code_base: <app.utils.kg_build.knowledge.KnowledgeCodeBase object at 0x7fa3f4c2df50>
2025-08-06 15:42:11,388 - Knowledge - INFO - Thread kw23 - File index.tsx - Remaining files in queue: 115
2025-08-06 15:42:11,490 - Knowledge - INFO - Found code_base: <app.utils.kg_build.knowledge.KnowledgeCodeBase object at 0x7fa3f4c2df50>
2025-08-06 15:42:11,563 - Knowledge - INFO - Thread kw20 - File index.tsx - Remaining files in queue: 115
2025-08-06 15:42:11,673 - Knowledge - INFO - Thread kw2 - File index.tsx - Remaining files in queue: 115
2025-08-06 15:42:11,756 - Knowledge - INFO - Found code_base: <app.utils.kg_build.knowledge.KnowledgeCodeBase object at 0x7fa3f4c2df50>
2025-08-06 15:42:11,826 - Knowledge - INFO - Found code_base: <app.utils.kg_build.knowledge.KnowledgeCodeBase object at 0x7fa3f4c2df50>
2025-08-06 15:42:11,896 - Knowledge - INFO - persist ingested knowledge for /app/data/T0015/29462/b6613se/react-bank/web/src/components/Messages/ListElement/style.scss
2025-08-06 15:42:12,094 - Knowledge - INFO - persist ingested knowledge for /app/data/T0015/29462/b6613se/react-bank/web/src/components/Transfers/ListElement/index.tsx
2025-08-06 15:42:12,178 - Knowledge - INFO - Thread kw22 - File style.scss - Remaining files in queue: 115
2025-08-06 15:42:12,271 - Knowledge - INFO - Found code-base-name: https://github.com/DanAnt123/react-bank.git:master
2025-08-06 15:42:12,276 - Knowledge - INFO - Found code-base-name: https://github.com/DanAnt123/react-bank.git:master
2025-08-06 15:42:12,276 - Knowledge - INFO - worker kw17 pull /app/data/T0015/29462/b6613se/react-bank/web/src/components/UI/Buttons/style.scss from ingest queue
2025-08-06 15:42:12,433 - Knowledge - INFO - start ingest for /app/data/T0015/29462/b6613se/react-bank/web/src/components/UI/Buttons/MultiModuleButtons/style.scss
2025-08-06 15:42:12,551 - Knowledge - INFO - persist ingested knowledge for /app/data/T0015/29462/b6613se/react-bank/web/src/components/CurrencyStats/CurrencyBox/style.scss
2025-08-06 15:42:12,640 - Knowledge - INFO - persist ingested knowledge for /app/data/T0015/29462/b6613se/react-bank/web/src/components/Auth/Register/index.tsx
2025-08-06 15:42:12,726 - Knowledge - INFO - persist ingested knowledge for /app/data/T0015/29462/b6613se/react-bank/web/src/components/Auth/Login/index.tsx
2025-08-06 15:42:12,804 - Knowledge - INFO - persist ingested knowledge for /app/data/T0015/29462/b6613se/react-bank/web/src/components/UI/Backdrop/style.scss
2025-08-06 15:42:12,888 - Knowledge - INFO - persist ingested knowledge for /app/data/T0015/29462/b6613se/react-bank/web/src/components/UI/FormBoxes/Small/index.tsx
2025-08-06 15:42:12,981 - Knowledge - INFO - start ingest for /app/data/T0015/29462/b6613se/react-bank/web/src/components/UI/Buttons/MultiModuleButtons/index.tsx
2025-08-06 15:42:13,098 - Knowledge - INFO - persist ingested knowledge for /app/data/T0015/29462/b6613se/react-bank/web/src/components/Auth/Login/Form.tsx
2025-08-06 15:42:13,190 - Knowledge - INFO - persist ingested knowledge for /app/data/T0015/29462/b6613se/react-bank/web/src/components/CurrencyStats/CurrencySettings/style.scss
2025-08-06 15:42:13,272 - Knowledge - INFO - persist ingested knowledge for /app/data/T0015/29462/b6613se/react-bank/web/src/components/CurrencyStats/Header/index.tsx
2025-08-06 15:42:13,351 - Knowledge - INFO - persist ingested knowledge for /app/data/T0015/29462/b6613se/react-bank/web/src/components/CurrencyStats/CurrencySettings/index.tsx
2025-08-06 15:42:13,447 - Knowledge - INFO - start ingest for /app/data/T0015/29462/b6613se/react-bank/web/src/components/UI/Buttons/SingleModuleButton/index.tsx
2025-08-06 15:42:13,568 - Knowledge - INFO - persist ingested knowledge for /app/data/T0015/29462/b6613se/react-bank/web/src/components/CurrencyStats/List/index.tsx
2025-08-06 15:42:13,674 - Knowledge - INFO - start ingest for /app/data/T0015/29462/b6613se/react-bank/web/src/components/UI/Loader/LoadingAnimation/index.tsx
2025-08-06 15:42:13,758 - Knowledge - INFO - start ingest for /app/data/T0015/29462/b6613se/react-bank/web/src/components/UI/Loader/index.tsx
2025-08-06 15:42:13,860 - Knowledge - INFO - persist ingested knowledge for /app/data/T0015/29462/b6613se/react-bank/web/src/components/Transfers/Single/index.tsx
2025-08-06 15:42:13,971 - Knowledge - INFO - persist ingested knowledge for /app/data/T0015/29462/b6613se/react-bank/web/src/components/Transfers/List/index.tsx
2025-08-06 15:42:14,145 - Knowledge - INFO - worker kw14 pull /app/data/T0015/29462/b6613se/react-bank/web/src/components/App/index.tsx from ingest queue
2025-08-06 15:42:14,219 - Knowledge - INFO - start ingest for /app/data/T0015/29462/b6613se/react-bank/web/src/components/UI/Loader/LoadingAnimation/style.scss
2025-08-06 15:42:14,321 - Knowledge - INFO - Found code_base: <app.utils.kg_build.knowledge.KnowledgeCodeBase object at 0x7fa3f4c2df50>
2025-08-06 15:42:14,405 - Knowledge - INFO - Found code_base: <app.utils.kg_build.knowledge.KnowledgeCodeBase object at 0x7fa3f4c2df50>
2025-08-06 15:42:14,495 - Knowledge - INFO - Thread kw17 - File style.scss - Remaining files in queue: 113
2025-08-06 15:42:16,656 - Knowledge - INFO - start ingest for /app/data/T0015/29462/b6613se/react-bank/web/src/components/UI/Buttons/style.scss
2025-08-06 15:42:14,581 - Knowledge - INFO - Fast-track processing for simple file: /app/data/T0015/29462/b6613se/react-bank/web/src/components/UI/Buttons/MultiModuleButtons/style.scss
2025-08-06 15:42:15,126 - Knowledge - INFO - Fast-track processing for simple file: /app/data/T0015/29462/b6613se/react-bank/web/src/components/UI/Buttons/MultiModuleButtons/index.tsx
2025-08-06 15:42:15,280 - Knowledge - INFO - done ingest for /app/data/T0015/29462/b6613se/react-bank/web/src/components/UI/FormBoxes/Small/style.scss
2025-08-06 15:42:15,823 - Knowledge - INFO - Fast-track processing for simple file: /app/data/T0015/29462/b6613se/react-bank/web/src/components/UI/Loader/LoadingAnimation/index.tsx
2025-08-06 15:42:16,258 - Knowledge - INFO - Thread kw14 - File index.tsx - Remaining files in queue: 113
2025-08-06 15:42:16,380 - Knowledge - INFO - Fast-track processing for simple file: /app/data/T0015/29462/b6613se/react-bank/web/src/components/UI/Loader/LoadingAnimation/style.scss
2025-08-06 15:42:16,469 - Knowledge - INFO - persist ingested knowledge for /app/data/T0015/29462/b6613se/react-bank/web/src/components/Transfers/New/Form.tsx
2025-08-06 15:42:16,573 - Knowledge - INFO - persist ingested knowledge for /app/data/T0015/29462/b6613se/react-bank/web/src/components/UI/Backdrop/index.tsx
2025-08-06 15:42:14,515 - Knowledge - INFO - persist search terms embedding for web/src/components/Transfers/ListElement/index.tsx
2025-08-06 15:42:16,735 - Knowledge - INFO - Fast-track processing for simple file: /app/data/T0015/29462/b6613se/react-bank/web/src/components/UI/Buttons/style.scss
2025-08-06 15:42:16,849 - Knowledge - INFO - done fast ingest for /app/data/T0015/29462/b6613se/react-bank/web/src/components/UI/Buttons/MultiModuleButtons/style.scss
2025-08-06 15:42:16,964 - Knowledge - INFO - done fast ingest for /app/data/T0015/29462/b6613se/react-bank/web/src/components/UI/Buttons/MultiModuleButtons/index.tsx
2025-08-06 15:42:17,056 - Knowledge - INFO - process ingested knowledge for /app/data/T0015/29462/b6613se/react-bank/web/src/components/UI/FormBoxes/Small/style.scss
2025-08-06 15:42:17,153 - Knowledge - INFO - done fast ingest for /app/data/T0015/29462/b6613se/react-bank/web/src/components/UI/Loader/LoadingAnimation/index.tsx
2025-08-06 15:42:17,250 - Knowledge - INFO - start ingest for /app/data/T0015/29462/b6613se/react-bank/web/src/components/App/index.tsx
2025-08-06 15:42:17,362 - Knowledge - INFO - done fast ingest for /app/data/T0015/29462/b6613se/react-bank/web/src/components/UI/Loader/LoadingAnimation/style.scss
2025-08-06 15:42:17,737 - Knowledge - INFO - done fast ingest for /app/data/T0015/29462/b6613se/react-bank/web/src/components/UI/Buttons/style.scss
2025-08-06 15:42:17,854 - Knowledge - INFO - process ingested knowledge for /app/data/T0015/29462/b6613se/react-bank/web/src/components/UI/Buttons/MultiModuleButtons/style.scss
2025-08-06 15:42:17,993 - Knowledge - INFO - process ingested knowledge for /app/data/T0015/29462/b6613se/react-bank/web/src/components/UI/Buttons/MultiModuleButtons/index.tsx
2025-08-06 15:42:18,189 - Knowledge - INFO - persist search terms embedding for web/src/components/Auth/Register/index.tsx
2025-08-06 15:42:18,205 - Knowledge - INFO - process ingested knowledge for /app/data/T0015/29462/b6613se/react-bank/web/src/components/UI/Loader/LoadingAnimation/index.tsx
2025-08-06 15:42:18,359 - Knowledge - INFO - process ingested knowledge for /app/data/T0015/29462/b6613se/react-bank/web/src/components/UI/Loader/LoadingAnimation/style.scss
2025-08-06 15:42:18,457 - Knowledge - INFO - process ingested knowledge for /app/data/T0015/29462/b6613se/react-bank/web/src/components/UI/Buttons/style.scss
2025-08-06 15:42:19,092 - Knowledge - INFO - persist search terms embedding for web/src/components/Auth/Login/index.tsx
2025-08-06 15:42:19,868 - Knowledge - INFO - persist search terms embedding for web/src/components/Auth/Login/Form.tsx
2025-08-06 15:42:20,161 - Knowledge - INFO - done ingest for /app/data/T0015/29462/b6613se/react-bank/web/src/components/UI/Loader/index.tsx
2025-08-06 15:42:20,286 - Knowledge - INFO - process ingested knowledge for /app/data/T0015/29462/b6613se/react-bank/web/src/components/UI/Loader/index.tsx
2025-08-06 15:42:20,494 - Knowledge - INFO - persist search terms embedding for web/src/components/CurrencyStats/CurrencySettings/index.tsx
2025-08-06 15:42:20,937 - Knowledge - INFO - persist search terms embedding for web/src/components/CurrencyStats/List/index.tsx
2025-08-06 15:42:21,578 - Knowledge - INFO - done ingest for /app/data/T0015/29462/b6613se/react-bank/web/src/components/Auth/Register/Form.tsx
2025-08-06 15:42:21,589 - Knowledge - INFO - persist search terms embedding for web/src/components/Transfers/Single/index.tsx
2025-08-06 15:42:21,711 - Knowledge - INFO - process ingested knowledge for /app/data/T0015/29462/b6613se/react-bank/web/src/components/Auth/Register/Form.tsx
2025-08-06 15:42:22,092 - Knowledge - INFO - persist search terms embedding for web/src/components/Transfers/List/index.tsx
2025-08-06 15:42:22,665 - Knowledge - INFO - persist search terms embedding for web/src/components/Transfers/New/Form.tsx
2025-08-06 15:42:22,732 - Knowledge - INFO - done ingest for /app/data/T0015/29462/b6613se/react-bank/web/src/components/UI/Buttons/SingleModuleButton/index.tsx
2025-08-06 15:42:22,878 - Knowledge - INFO - worker kw4 pull /app/data/T0015/29462/b6613se/react-bank/web/src/components/App/app.scss from ingest queue
2025-08-06 15:42:22,879 - Knowledge - INFO - worker kw3 pull /app/data/T0015/29462/b6613se/react-bank/web/src/components/UI/Buttons/SingleModuleButton/style.scss from ingest queue
2025-08-06 15:42:22,879 - Knowledge - INFO - Found code-base-name: https://github.com/DanAnt123/react-bank.git:master
2025-08-06 15:42:22,880 - Knowledge - INFO - worker kw19 pull /app/data/T0015/29462/b6613se/react-bank/web/src/components/UI/Buttons/SingleButton/index.tsx from ingest queue
2025-08-06 15:42:22,880 - Knowledge - INFO - Found code-base-name: https://github.com/DanAnt123/react-bank.git:master
2025-08-06 15:42:23,371 - Knowledge - INFO - Found code_base: <app.utils.kg_build.knowledge.KnowledgeCodeBase object at 0x7fa3f4c2df50>
2025-08-06 15:42:22,880 - Knowledge - INFO - worker kw11 pull /app/data/T0015/29462/b6613se/react-bank/web/src/components/UI/Buttons/SingleMultiButton/index.tsx from ingest queue
2025-08-06 15:42:22,880 - Knowledge - INFO - worker kw13 pull /app/data/T0015/29462/b6613se/react-bank/web/src/components/CurrencyStats/Header/style.scss from ingest queue
2025-08-06 15:42:22,880 - Knowledge - INFO - worker kw8 pull /app/data/T0015/29462/b6613se/react-bank/web/src/components/Profile/Links/index.tsx from ingest queue
2025-08-06 15:42:22,881 - Knowledge - INFO - Found code-base-name: https://github.com/DanAnt123/react-bank.git:master
2025-08-06 15:42:22,881 - Knowledge - INFO - worker kw1 pull /app/data/T0015/29462/b6613se/react-bank/web/src/components/Profile/Header/index.tsx from ingest queue
2025-08-06 15:42:22,881 - Knowledge - INFO - worker kw24 pull /app/data/T0015/29462/b6613se/react-bank/web/src/components/Profile/Stats/index.tsx from ingest queue
2025-08-06 15:42:22,881 - Knowledge - INFO - worker kw10 pull /app/data/T0015/29462/b6613se/react-bank/web/src/components/Home/Header/style.scss from ingest queue
2025-08-06 15:42:22,881 - Knowledge - INFO - Found code-base-name: https://github.com/DanAnt123/react-bank.git:master
2025-08-06 15:42:22,881 - Knowledge - INFO - worker kw7 pull /app/data/T0015/29462/b6613se/react-bank/web/src/components/Home/Header/index.tsx from ingest queue
2025-08-06 15:42:22,881 - Knowledge - INFO - Found code-base-name: https://github.com/DanAnt123/react-bank.git:master
2025-08-06 15:42:22,881 - Knowledge - INFO - worker kw25 pull /app/data/T0015/29462/b6613se/react-bank/web/src/components/Home/NewFeatures/style.scss from ingest queue
2025-08-06 15:42:22,882 - Knowledge - INFO - worker kw15 pull /app/data/T0015/29462/b6613se/react-bank/web/src/components/Profile/Header/style.scss from ingest queue
2025-08-06 15:42:22,882 - Knowledge - INFO - Found code-base-name: https://github.com/DanAnt123/react-bank.git:master
2025-08-06 15:42:22,882 - Knowledge - INFO - worker kw9 pull /app/data/T0015/29462/b6613se/react-bank/web/src/components/Home/NewFeatures/index.tsx from ingest queue
2025-08-06 15:42:22,882 - Knowledge - INFO - Found code-base-name: https://github.com/DanAnt123/react-bank.git:master
2025-08-06 15:42:22,882 - Knowledge - INFO - worker kw5 pull /app/data/T0015/29462/b6613se/react-bank/web/src/components/Help/Form.tsx from ingest queue
2025-08-06 15:42:22,882 - Knowledge - INFO - worker kw16 pull /app/data/T0015/29462/b6613se/react-bank/web/src/components/Help/index.tsx from ingest queue
2025-08-06 15:42:22,906 - Knowledge - INFO - process ingested knowledge for /app/data/T0015/29462/b6613se/react-bank/web/src/components/UI/Buttons/SingleModuleButton/index.tsx
2025-08-06 15:42:22,973 - Knowledge - INFO - Thread kw4 - File app.scss - Remaining files in queue: 98
2025-08-06 15:42:23,064 - Knowledge - INFO - Thread kw3 - File style.scss - Remaining files in queue: 98
2025-08-06 15:42:23,184 - Knowledge - INFO - Found code_base: <app.utils.kg_build.knowledge.KnowledgeCodeBase object at 0x7fa3f4c2df50>
2025-08-06 15:42:23,280 - Knowledge - INFO - Thread kw19 - File index.tsx - Remaining files in queue: 98
2025-08-06 15:42:22,880 - Knowledge - INFO - Found code-base-name: https://github.com/DanAnt123/react-bank.git:master
2025-08-06 15:42:23,464 - Knowledge - INFO - persist ingested knowledge for /app/data/T0015/29462/b6613se/react-bank/web/src/components/UI/Loader/LoadingAnimation/index.tsx
2025-08-06 15:42:23,571 - Knowledge - INFO - Thread kw11 - File index.tsx - Remaining files in queue: 98
2025-08-06 15:42:23,648 - Knowledge - INFO - Thread kw13 - File style.scss - Remaining files in queue: 98
2025-08-06 15:42:23,722 - Knowledge - INFO - Thread kw8 - File index.tsx - Remaining files in queue: 98
2025-08-06 15:42:23,809 - Knowledge - INFO - Found code_base: <app.utils.kg_build.knowledge.KnowledgeCodeBase object at 0x7fa3f4c2df50>
2025-08-06 15:42:23,912 - Knowledge - INFO - Thread kw1 - File index.tsx - Remaining files in queue: 98
2025-08-06 15:42:23,999 - Knowledge - INFO - Thread kw24 - File index.tsx - Remaining files in queue: 98
2025-08-06 15:42:24,103 - Knowledge - INFO - Thread kw10 - File style.scss - Remaining files in queue: 98
2025-08-06 15:42:24,178 - Knowledge - INFO - Found code_base: <app.utils.kg_build.knowledge.KnowledgeCodeBase object at 0x7fa3f4c2df50>
2025-08-06 15:42:24,301 - Knowledge - INFO - Thread kw7 - File index.tsx - Remaining files in queue: 98
2025-08-06 15:42:24,388 - Knowledge - INFO - Found code_base: <app.utils.kg_build.knowledge.KnowledgeCodeBase object at 0x7fa3f4c2df50>
2025-08-06 15:42:24,467 - Knowledge - INFO - Thread kw25 - File style.scss - Remaining files in queue: 98
2025-08-06 15:42:24,546 - Knowledge - INFO - Thread kw15 - File style.scss - Remaining files in queue: 98
2025-08-06 15:42:24,632 - Knowledge - INFO - Found code_base: <app.utils.kg_build.knowledge.KnowledgeCodeBase object at 0x7fa3f4c2df50>
2025-08-06 15:42:24,709 - Knowledge - INFO - Thread kw9 - File index.tsx - Remaining files in queue: 98
2025-08-06 15:42:24,819 - Knowledge - INFO - Found code_base: <app.utils.kg_build.knowledge.KnowledgeCodeBase object at 0x7fa3f4c2df50>
2025-08-06 15:42:24,929 - Knowledge - INFO - Thread kw5 - File Form.tsx - Remaining files in queue: 98
2025-08-06 15:42:25,026 - Knowledge - INFO - Thread kw16 - File index.tsx - Remaining files in queue: 98
2025-08-06 15:42:25,109 - Knowledge - INFO - Found code-base-name: https://github.com/DanAnt123/react-bank.git:master
2025-08-06 15:42:25,202 - Knowledge - INFO - start ingest for /app/data/T0015/29462/b6613se/react-bank/web/src/components/App/app.scss
2025-08-06 15:42:25,295 - Knowledge - INFO - start ingest for /app/data/T0015/29462/b6613se/react-bank/web/src/components/UI/Buttons/SingleModuleButton/style.scss
2025-08-06 15:42:25,416 - Knowledge - INFO - persist ingested knowledge for /app/data/T0015/29462/b6613se/react-bank/web/src/components/UI/Buttons/MultiModuleButtons/index.tsx
2025-08-06 15:42:25,577 - Knowledge - INFO - start ingest for /app/data/T0015/29462/b6613se/react-bank/web/src/components/UI/Buttons/SingleButton/index.tsx
2025-08-06 15:42:25,651 - Knowledge - INFO - Found code_base: <app.utils.kg_build.knowledge.KnowledgeCodeBase object at 0x7fa3f4c2df50>
2025-08-06 15:42:25,846 - Knowledge - INFO - start ingest for /app/data/T0015/29462/b6613se/react-bank/web/src/components/UI/Buttons/SingleMultiButton/index.tsx
2025-08-06 15:42:25,849 - Knowledge - INFO - worker kw20 pull /app/data/T0015/29462/b6613se/react-bank/web/src/components/Profile/Stats/style.scss from ingest queue
2025-08-06 15:42:25,969 - Knowledge - INFO - start ingest for /app/data/T0015/29462/b6613se/react-bank/web/src/components/CurrencyStats/Header/style.scss
2025-08-06 15:42:26,076 - Knowledge - INFO - start ingest for /app/data/T0015/29462/b6613se/react-bank/web/src/components/Profile/Links/index.tsx
2025-08-06 15:42:26,150 - Knowledge - INFO - persist ingested knowledge for /app/data/T0015/29462/b6613se/react-bank/web/src/components/UI/Loader/index.tsx
2025-08-06 15:42:26,236 - Knowledge - INFO - start ingest for /app/data/T0015/29462/b6613se/react-bank/web/src/components/Profile/Header/index.tsx
2025-08-06 15:42:26,339 - Knowledge - INFO - start ingest for /app/data/T0015/29462/b6613se/react-bank/web/src/components/Profile/Stats/index.tsx
2025-08-06 15:42:26,424 - Knowledge - INFO - start ingest for /app/data/T0015/29462/b6613se/react-bank/web/src/components/Home/Header/style.scss
2025-08-06 15:42:26,550 - Knowledge - INFO - persist ingested knowledge for /app/data/T0015/29462/b6613se/react-bank/web/src/components/UI/FormBoxes/Small/style.scss
2025-08-06 15:42:26,657 - Knowledge - INFO - start ingest for /app/data/T0015/29462/b6613se/react-bank/web/src/components/Home/Header/index.tsx
2025-08-06 15:42:26,757 - Knowledge - INFO - done ingest for /app/data/T0015/29462/b6613se/react-bank/web/src/components/App/index.tsx
2025-08-06 15:42:26,772 - Knowledge - INFO - persist ingested knowledge for /app/data/T0015/29462/b6613se/react-bank/web/src/components/UI/Loader/LoadingAnimation/style.scss
2025-08-06 15:42:26,849 - Knowledge - INFO - start ingest for /app/data/T0015/29462/b6613se/react-bank/web/src/components/Home/NewFeatures/style.scss
2025-08-06 15:42:26,930 - Knowledge - INFO - start ingest for /app/data/T0015/29462/b6613se/react-bank/web/src/components/Profile/Header/style.scss
2025-08-06 15:42:27,005 - Knowledge - INFO - persist ingested knowledge for /app/data/T0015/29462/b6613se/react-bank/web/src/components/Auth/Register/Form.tsx
2025-08-06 15:42:27,082 - Knowledge - INFO - start ingest for /app/data/T0015/29462/b6613se/react-bank/web/src/components/Home/NewFeatures/index.tsx
2025-08-06 15:42:27,196 - Knowledge - INFO - persist ingested knowledge for /app/data/T0015/29462/b6613se/react-bank/web/src/components/UI/Buttons/MultiModuleButtons/style.scss
2025-08-06 15:42:27,288 - Knowledge - INFO - start ingest for /app/data/T0015/29462/b6613se/react-bank/web/src/components/Help/Form.tsx
2025-08-06 15:42:27,368 - Knowledge - INFO - start ingest for /app/data/T0015/29462/b6613se/react-bank/web/src/components/Help/index.tsx
2025-08-06 15:42:27,464 - Knowledge - INFO - Found code_base: <app.utils.kg_build.knowledge.KnowledgeCodeBase object at 0x7fa3f4c2df50>
2025-08-06 15:42:29,796 - Knowledge - INFO - persist ingested knowledge for /app/data/T0015/29462/b6613se/react-bank/web/src/components/UI/Buttons/SingleModuleButton/index.tsx
2025-08-06 15:42:27,661 - Knowledge - INFO - Fast-track processing for simple file: /app/data/T0015/29462/b6613se/react-bank/web/src/components/UI/Buttons/SingleModuleButton/style.scss
2025-08-06 15:42:27,838 - Knowledge - INFO - worker kw6 pull /app/data/T0015/29462/b6613se/react-bank/web/src/components/Home/Features/index.tsx from ingest queue
2025-08-06 15:42:27,923 - Knowledge - INFO - persist ingested knowledge for /app/data/T0015/29462/b6613se/react-bank/web/src/components/UI/Buttons/style.scss
2025-08-06 15:42:28,109 - Knowledge - INFO - Thread kw20 - File style.scss - Remaining files in queue: 96
2025-08-06 15:42:28,194 - Knowledge - INFO - Fast-track processing for simple file: /app/data/T0015/29462/b6613se/react-bank/web/src/components/CurrencyStats/Header/style.scss
2025-08-06 15:42:28,625 - Knowledge - INFO - Fast-track processing for simple file: /app/data/T0015/29462/b6613se/react-bank/web/src/components/Home/Header/style.scss
2025-08-06 15:42:28,742 - Knowledge - INFO - persist search terms embedding for web/src/components/UI/Loader/index.tsx
2025-08-06 15:42:28,781 - Knowledge - INFO - Fast-track processing for simple file: /app/data/T0015/29462/b6613se/react-bank/web/src/components/Home/Header/index.tsx
2025-08-06 15:42:28,887 - Knowledge - INFO - process ingested knowledge for /app/data/T0015/29462/b6613se/react-bank/web/src/components/App/index.tsx
2025-08-06 15:42:29,089 - Knowledge - INFO - Fast-track processing for simple file: /app/data/T0015/29462/b6613se/react-bank/web/src/components/Home/NewFeatures/style.scss
2025-08-06 15:42:29,387 - Knowledge - INFO - Fast-track processing for simple file: /app/data/T0015/29462/b6613se/react-bank/web/src/components/Home/NewFeatures/index.tsx
2025-08-06 15:42:27,545 - Knowledge - INFO - Fast-track processing for simple file: /app/data/T0015/29462/b6613se/react-bank/web/src/components/App/app.scss
2025-08-06 15:42:30,007 - Knowledge - INFO - done fast ingest for /app/data/T0015/29462/b6613se/react-bank/web/src/components/UI/Buttons/SingleModuleButton/style.scss
2025-08-06 15:42:30,112 - Knowledge - INFO - Thread kw6 - File index.tsx - Remaining files in queue: 96
2025-08-06 15:42:30,269 - Knowledge - INFO - start ingest for /app/data/T0015/29462/b6613se/react-bank/web/src/components/Profile/Stats/style.scss
2025-08-06 15:42:30,380 - Knowledge - INFO - done fast ingest for /app/data/T0015/29462/b6613se/react-bank/web/src/components/CurrencyStats/Header/style.scss
2025-08-06 15:42:30,492 - Knowledge - INFO - done fast ingest for /app/data/T0015/29462/b6613se/react-bank/web/src/components/Home/Header/style.scss
2025-08-06 15:42:30,632 - Knowledge - INFO - done fast ingest for /app/data/T0015/29462/b6613se/react-bank/web/src/components/Home/Header/index.tsx
2025-08-06 15:42:30,838 - Knowledge - INFO - done fast ingest for /app/data/T0015/29462/b6613se/react-bank/web/src/components/Home/NewFeatures/style.scss
2025-08-06 15:42:30,919 - Knowledge - INFO - done fast ingest for /app/data/T0015/29462/b6613se/react-bank/web/src/components/Home/NewFeatures/index.tsx
2025-08-06 15:42:31,028 - Knowledge - INFO - done fast ingest for /app/data/T0015/29462/b6613se/react-bank/web/src/components/App/app.scss
2025-08-06 15:42:31,080 - Knowledge - INFO - persist search terms embedding for web/src/components/Auth/Register/Form.tsx
2025-08-06 15:42:31,139 - Knowledge - INFO - process ingested knowledge for /app/data/T0015/29462/b6613se/react-bank/web/src/components/UI/Buttons/SingleModuleButton/style.scss
2025-08-06 15:42:31,233 - Knowledge - INFO - start ingest for /app/data/T0015/29462/b6613se/react-bank/web/src/components/Home/Features/index.tsx
2025-08-06 15:42:31,415 - Knowledge - INFO - process ingested knowledge for /app/data/T0015/29462/b6613se/react-bank/web/src/components/CurrencyStats/Header/style.scss
2025-08-06 15:42:31,505 - Knowledge - INFO - process ingested knowledge for /app/data/T0015/29462/b6613se/react-bank/web/src/components/Home/Header/style.scss
2025-08-06 15:42:31,603 - Knowledge - INFO - process ingested knowledge for /app/data/T0015/29462/b6613se/react-bank/web/src/components/Home/Header/index.tsx
2025-08-06 15:42:31,654 - Knowledge - INFO - process ingested knowledge for /app/data/T0015/29462/b6613se/react-bank/web/src/components/Home/NewFeatures/style.scss
2025-08-06 15:42:31,756 - Knowledge - INFO - process ingested knowledge for /app/data/T0015/29462/b6613se/react-bank/web/src/components/Home/NewFeatures/index.tsx
2025-08-06 15:42:31,809 - Knowledge - INFO - process ingested knowledge for /app/data/T0015/29462/b6613se/react-bank/web/src/components/App/app.scss
2025-08-06 15:42:32,954 - Knowledge - INFO - persist search terms embedding for web/src/components/UI/Buttons/SingleModuleButton/index.tsx
2025-08-06 15:42:33,135 - Knowledge - INFO - worker kw2 pull /app/data/T0015/29462/b6613se/react-bank/web/src/components/Profile/Links/style.scss from ingest queue
2025-08-06 15:42:33,257 - Knowledge - INFO - Thread kw2 - File style.scss - Remaining files in queue: 89
2025-08-06 15:42:33,137 - Knowledge - INFO - worker kw22 pull /app/data/T0015/29462/b6613se/react-bank/web/src/components/Infobox/CardDetails/index.tsx from ingest queue
2025-08-06 15:42:33,138 - Knowledge - INFO - worker kw21 pull /app/data/T0015/29462/b6613se/react-bank/web/src/components/Infobox/CardDetails/style.scss from ingest queue
2025-08-06 15:42:33,554 - Knowledge - INFO - Thread kw21 - File style.scss - Remaining files in queue: 89
2025-08-06 15:42:33,138 - Knowledge - INFO - Found code-base-name: https://github.com/DanAnt123/react-bank.git:master
2025-08-06 15:42:33,138 - Knowledge - INFO - Found code-base-name: https://github.com/DanAnt123/react-bank.git:master
2025-08-06 15:42:33,138 - Knowledge - INFO - Found code-base-name: https://github.com/DanAnt123/react-bank.git:master
2025-08-06 15:42:33,138 - Knowledge - INFO - Found code-base-name: https://github.com/DanAnt123/react-bank.git:master
2025-08-06 15:42:33,138 - Knowledge - INFO - worker kw23 pull /app/data/T0015/29462/b6613se/react-bank/web/src/components/Home/Features/style.scss from ingest queue
2025-08-06 15:42:33,138 - Knowledge - INFO - worker kw17 pull /app/data/T0015/29462/b6613se/react-bank/web/src/components/Infobox/AccountName/style.scss from ingest queue
2025-08-06 15:42:33,138 - Knowledge - INFO - Found code-base-name: https://github.com/DanAnt123/react-bank.git:master
2025-08-06 15:42:33,138 - Knowledge - INFO - Found code-base-name: https://github.com/DanAnt123/react-bank.git:master
2025-08-06 15:42:33,138 - Knowledge - INFO - worker kw12 pull /app/data/T0015/29462/b6613se/react-bank/web/src/components/Infobox/AccountDetails/index.tsx from ingest queue
2025-08-06 15:42:33,139 - Knowledge - INFO - Found code-base-name: https://github.com/DanAnt123/react-bank.git:master
2025-08-06 15:42:33,136 - Knowledge - INFO - Found code-base-name: https://github.com/DanAnt123/react-bank.git:master
2025-08-06 15:42:33,365 - Knowledge - INFO - start ingest for /app/data/T0015/29462/b6613se/react-bank/web/src/components/Profile/Links/style.scss
2025-08-06 15:42:33,474 - Knowledge - INFO - Thread kw22 - File index.tsx - Remaining files in queue: 89
2025-08-06 15:42:33,138 - Knowledge - INFO - worker kw18 pull /app/data/T0015/29462/b6613se/react-bank/web/src/components/Infobox/AccountInfobox/index.tsx from ingest queue
2025-08-06 15:42:33,645 - Knowledge - INFO - start ingest for /app/data/T0015/29462/b6613se/react-bank/web/src/components/Infobox/CardDetails/style.scss
2025-08-06 15:42:33,719 - Knowledge - INFO - Found code_base: <app.utils.kg_build.knowledge.KnowledgeCodeBase object at 0x7fa3f4c2df50>
2025-08-06 15:42:33,822 - Knowledge - INFO - Found code_base: <app.utils.kg_build.knowledge.KnowledgeCodeBase object at 0x7fa3f4c2df50>
2025-08-06 15:42:33,942 - Knowledge - INFO - Found code_base: <app.utils.kg_build.knowledge.KnowledgeCodeBase object at 0x7fa3f4c2df50>
2025-08-06 15:42:34,015 - Knowledge - INFO - Found code_base: <app.utils.kg_build.knowledge.KnowledgeCodeBase object at 0x7fa3f4c2df50>
2025-08-06 15:42:34,115 - Knowledge - INFO - done ingest for /app/data/T0015/29462/b6613se/react-bank/web/src/components/UI/Buttons/SingleButton/index.tsx
2025-08-06 15:42:34,136 - Knowledge - INFO - Thread kw23 - File style.scss - Remaining files in queue: 89
2025-08-06 15:42:34,229 - Knowledge - INFO - Thread kw17 - File style.scss - Remaining files in queue: 89
2025-08-06 15:42:34,345 - Knowledge - INFO - Found code_base: <app.utils.kg_build.knowledge.KnowledgeCodeBase object at 0x7fa3f4c2df50>
2025-08-06 15:42:34,454 - Knowledge - INFO - Found code_base: <app.utils.kg_build.knowledge.KnowledgeCodeBase object at 0x7fa3f4c2df50>
2025-08-06 15:42:34,561 - Knowledge - INFO - Thread kw12 - File index.tsx - Remaining files in queue: 89
2025-08-06 15:42:34,633 - Knowledge - INFO - Found code_base: <app.utils.kg_build.knowledge.KnowledgeCodeBase object at 0x7fa3f4c2df50>
2025-08-06 15:42:34,713 - Knowledge - INFO - Found code_base: <app.utils.kg_build.knowledge.KnowledgeCodeBase object at 0x7fa3f4c2df50>
2025-08-06 15:42:36,307 - Knowledge - INFO - persist ingested knowledge for /app/data/T0015/29462/b6613se/react-bank/web/src/components/App/index.tsx
2025-08-06 15:42:34,997 - Knowledge - INFO - Thread kw18 - File index.tsx - Remaining files in queue: 89
2025-08-06 15:42:35,199 - Knowledge - INFO - persist ingested knowledge for /app/data/T0015/29462/b6613se/react-bank/web/src/components/Home/Header/style.scss
2025-08-06 15:42:35,269 - Knowledge - INFO - persist ingested knowledge for /app/data/T0015/29462/b6613se/react-bank/web/src/components/Home/NewFeatures/style.scss
2025-08-06 15:42:35,360 - Knowledge - INFO - persist ingested knowledge for /app/data/T0015/29462/b6613se/react-bank/web/src/components/Home/NewFeatures/index.tsx
2025-08-06 15:42:35,424 - Knowledge - INFO - done ingest for /app/data/T0015/29462/b6613se/react-bank/web/src/components/UI/Buttons/SingleMultiButton/index.tsx
2025-08-06 15:42:35,461 - Knowledge - INFO - persist ingested knowledge for /app/data/T0015/29462/b6613se/react-bank/web/src/components/App/app.scss
2025-08-06 15:42:35,604 - Knowledge - INFO - process ingested knowledge for /app/data/T0015/29462/b6613se/react-bank/web/src/components/UI/Buttons/SingleButton/index.tsx
2025-08-06 15:42:35,673 - Knowledge - INFO - start ingest for /app/data/T0015/29462/b6613se/react-bank/web/src/components/Home/Features/style.scss
2025-08-06 15:42:35,790 - Knowledge - INFO - start ingest for /app/data/T0015/29462/b6613se/react-bank/web/src/components/Infobox/AccountName/style.scss
2025-08-06 15:42:35,877 - Knowledge - INFO - persist ingested knowledge for /app/data/T0015/29462/b6613se/react-bank/web/src/components/UI/Buttons/SingleModuleButton/style.scss
2025-08-06 15:42:35,996 - Knowledge - INFO - persist ingested knowledge for /app/data/T0015/29462/b6613se/react-bank/web/src/components/Home/Header/index.tsx
2025-08-06 15:42:36,090 - Knowledge - INFO - start ingest for /app/data/T0015/29462/b6613se/react-bank/web/src/components/Infobox/AccountDetails/index.tsx
2025-08-06 15:42:36,193 - Knowledge - INFO - persist ingested knowledge for /app/data/T0015/29462/b6613se/react-bank/web/src/components/CurrencyStats/Header/style.scss
2025-08-06 15:42:34,915 - Knowledge - INFO - start ingest for /app/data/T0015/29462/b6613se/react-bank/web/src/components/Infobox/CardDetails/index.tsx
2025-08-06 15:42:36,553 - Knowledge - INFO - start ingest for /app/data/T0015/29462/b6613se/react-bank/web/src/components/Infobox/AccountInfobox/index.tsx
2025-08-06 15:42:37,188 - Knowledge - INFO - process ingested knowledge for /app/data/T0015/29462/b6613se/react-bank/web/src/components/UI/Buttons/SingleMultiButton/index.tsx
2025-08-06 15:42:37,339 - Knowledge - INFO - persist search terms embedding for web/src/components/App/index.tsx
2025-08-06 15:42:37,635 - Knowledge - INFO - Fast-track processing for simple file: /app/data/T0015/29462/b6613se/react-bank/web/src/components/Infobox/AccountName/style.scss
2025-08-06 15:42:38,485 - Knowledge - INFO - done fast ingest for /app/data/T0015/29462/b6613se/react-bank/web/src/components/Infobox/AccountName/style.scss
2025-08-06 15:42:37,815 - Knowledge - INFO - done ingest for /app/data/T0015/29462/b6613se/react-bank/web/src/components/Profile/Stats/index.tsx
2025-08-06 15:42:37,957 - Knowledge - INFO - done ingest for /app/data/T0015/29462/b6613se/react-bank/web/src/components/Profile/Header/style.scss
2025-08-06 15:42:38,006 - Knowledge - INFO - done ingest for /app/data/T0015/29462/b6613se/react-bank/web/src/components/Profile/Header/index.tsx
2025-08-06 15:42:37,711 - Knowledge - INFO - done ingest for /app/data/T0015/29462/b6613se/react-bank/web/src/components/Profile/Links/index.tsx
2025-08-06 15:42:38,576 - Knowledge - INFO - process ingested knowledge for /app/data/T0015/29462/b6613se/react-bank/web/src/components/Infobox/AccountName/style.scss
2025-08-06 15:42:38,751 - Knowledge - INFO - process ingested knowledge for /app/data/T0015/29462/b6613se/react-bank/web/src/components/Profile/Stats/index.tsx
2025-08-06 15:42:38,815 - Knowledge - INFO - process ingested knowledge for /app/data/T0015/29462/b6613se/react-bank/web/src/components/Profile/Header/style.scss
2025-08-06 15:42:38,968 - Knowledge - INFO - process ingested knowledge for /app/data/T0015/29462/b6613se/react-bank/web/src/components/Profile/Header/index.tsx
2025-08-06 15:42:39,083 - Knowledge - INFO - process ingested knowledge for /app/data/T0015/29462/b6613se/react-bank/web/src/components/Profile/Links/index.tsx
2025-08-06 15:42:39,084 - Knowledge - INFO - Found code-base-name: https://github.com/DanAnt123/react-bank.git:master
2025-08-06 15:42:39,160 - Knowledge - INFO - done ingest for /app/data/T0015/29462/b6613se/react-bank/web/src/components/Help/index.tsx
2025-08-06 15:42:39,418 - Knowledge - INFO - Found code-base-name: https://github.com/DanAnt123/react-bank.git:master
2025-08-06 15:42:39,418 - Knowledge - INFO - worker kw14 pull /app/data/T0015/29462/b6613se/react-bank/web/src/components/Infobox/AccountDetails/style.scss from ingest queue
2025-08-06 15:42:39,418 - Knowledge - INFO - worker kw25 pull /app/data/T0015/29462/b6613se/react-bank/web/src/components/Infobox/AccountInfobox/style.scss from ingest queue
2025-08-06 15:42:39,418 - Knowledge - INFO - worker kw9 pull /app/data/T0015/29462/b6613se/react-bank/web/src/components/Infobox/CardLogos/style.scss from ingest queue
2025-08-06 15:42:39,418 - Knowledge - INFO - Found code-base-name: https://github.com/DanAnt123/react-bank.git:master
2025-08-06 15:42:39,418 - Knowledge - INFO - Found code-base-name: https://github.com/DanAnt123/react-bank.git:master
2025-08-06 15:42:39,418 - Knowledge - INFO - Found code-base-name: https://github.com/DanAnt123/react-bank.git:master
2025-08-06 15:42:39,418 - Knowledge - INFO - worker kw7 pull /app/data/T0015/29462/b6613se/react-bank/web/src/components/Infobox/AccountName/index.tsx from ingest queue
2025-08-06 15:42:39,419 - Knowledge - INFO - Found code-base-name: https://github.com/DanAnt123/react-bank.git:master
2025-08-06 15:42:39,419 - Knowledge - INFO - worker kw10 pull /app/data/T0015/29462/b6613se/react-bank/web/src/components/Infobox/AccountSummary/style.scss from ingest queue
2025-08-06 15:42:39,419 - Knowledge - INFO - worker kw4 pull /app/data/T0015/29462/b6613se/react-bank/web/src/components/Infobox/AccountSummary/index.tsx from ingest queue
2025-08-06 15:42:39,419 - Knowledge - INFO - worker kw13 pull /app/data/T0015/29462/b6613se/react-bank/web/src/components/Infobox/CardLogos/index.tsx from ingest queue
2025-08-06 15:42:39,419 - Knowledge - INFO - worker kw3 pull /app/data/T0015/29462/b6613se/react-bank/web/src/components/Infobox/CardInfobox/index.tsx from ingest queue
2025-08-06 15:42:39,489 - Knowledge - INFO - Found code-base-name: https://github.com/DanAnt123/react-bank.git:master
2025-08-06 15:42:39,613 - Knowledge - INFO - Found code_base: <app.utils.kg_build.knowledge.KnowledgeCodeBase object at 0x7fa3f4c2df50>
2025-08-06 15:42:39,712 - Knowledge - INFO - process ingested knowledge for /app/data/T0015/29462/b6613se/react-bank/web/src/components/Help/index.tsx
2025-08-06 15:42:39,803 - Knowledge - INFO - Found code_base: <app.utils.kg_build.knowledge.KnowledgeCodeBase object at 0x7fa3f4c2df50>
2025-08-06 15:42:39,917 - Knowledge - INFO - Thread kw14 - File style.scss - Remaining files in queue: 81
2025-08-06 15:42:39,988 - Knowledge - INFO - Thread kw25 - File style.scss - Remaining files in queue: 81
2025-08-06 15:42:40,064 - Knowledge - INFO - Thread kw9 - File style.scss - Remaining files in queue: 81
2025-08-06 15:42:40,159 - Knowledge - INFO - Found code_base: <app.utils.kg_build.knowledge.KnowledgeCodeBase object at 0x7fa3f4c2df50>
2025-08-06 15:42:40,278 - Knowledge - INFO - Found code_base: <app.utils.kg_build.knowledge.KnowledgeCodeBase object at 0x7fa3f4c2df50>
2025-08-06 15:42:40,289 - Knowledge - INFO - done ingest for /app/data/T0015/29462/b6613se/react-bank/web/src/components/Profile/Stats/style.scss
2025-08-06 15:42:40,369 - Knowledge - INFO - Found code_base: <app.utils.kg_build.knowledge.KnowledgeCodeBase object at 0x7fa3f4c2df50>
2025-08-06 15:42:40,468 - Knowledge - INFO - Thread kw7 - File index.tsx - Remaining files in queue: 81
2025-08-06 15:42:40,545 - Knowledge - INFO - Found code_base: <app.utils.kg_build.knowledge.KnowledgeCodeBase object at 0x7fa3f4c2df50>
2025-08-06 15:42:40,658 - Knowledge - INFO - Thread kw10 - File style.scss - Remaining files in queue: 81
2025-08-06 15:42:40,738 - Knowledge - INFO - Thread kw4 - File index.tsx - Remaining files in queue: 81
2025-08-06 15:42:40,839 - Knowledge - INFO - Thread kw13 - File index.tsx - Remaining files in queue: 81
2025-08-06 15:42:40,931 - Knowledge - INFO - Thread kw3 - File index.tsx - Remaining files in queue: 81
2025-08-06 15:42:42,698 - Knowledge - INFO - start ingest for /app/data/T0015/29462/b6613se/react-bank/web/src/components/Infobox/CardInfobox/index.tsx
2025-08-06 15:42:41,142 - Knowledge - INFO - persist ingested knowledge for /app/data/T0015/29462/b6613se/react-bank/web/src/components/UI/Buttons/SingleButton/index.tsx
2025-08-06 15:42:41,253 - Knowledge - INFO - Found code-base-name: https://github.com/DanAnt123/react-bank.git:master
2025-08-06 15:42:41,365 - Knowledge - INFO - persist ingested knowledge for /app/data/T0015/29462/b6613se/react-bank/web/src/components/UI/Buttons/SingleMultiButton/index.tsx
2025-08-06 15:42:41,508 - Knowledge - INFO - done ingest for /app/data/T0015/29462/b6613se/react-bank/web/src/components/Help/Form.tsx
2025-08-06 15:42:41,519 - Knowledge - INFO - start ingest for /app/data/T0015/29462/b6613se/react-bank/web/src/components/Infobox/AccountDetails/style.scss
2025-08-06 15:42:41,622 - Knowledge - INFO - start ingest for /app/data/T0015/29462/b6613se/react-bank/web/src/components/Infobox/AccountInfobox/style.scss
2025-08-06 15:42:41,732 - Knowledge - INFO - start ingest for /app/data/T0015/29462/b6613se/react-bank/web/src/components/Infobox/CardLogos/style.scss
2025-08-06 15:42:41,827 - Knowledge - INFO - persist ingested knowledge for /app/data/T0015/29462/b6613se/react-bank/web/src/components/Infobox/AccountName/style.scss
2025-08-06 15:42:41,939 - Knowledge - INFO - persist ingested knowledge for /app/data/T0015/29462/b6613se/react-bank/web/src/components/Profile/Stats/index.tsx
2025-08-06 15:42:42,021 - Knowledge - INFO - process ingested knowledge for /app/data/T0015/29462/b6613se/react-bank/web/src/components/Profile/Stats/style.scss
2025-08-06 15:42:42,118 - Knowledge - INFO - persist ingested knowledge for /app/data/T0015/29462/b6613se/react-bank/web/src/components/Profile/Header/style.scss
2025-08-06 15:42:42,215 - Knowledge - INFO - start ingest for /app/data/T0015/29462/b6613se/react-bank/web/src/components/Infobox/AccountName/index.tsx
2025-08-06 15:42:42,330 - Knowledge - INFO - persist ingested knowledge for /app/data/T0015/29462/b6613se/react-bank/web/src/components/Profile/Header/index.tsx
2025-08-06 15:42:42,412 - Knowledge - INFO - done ingest for /app/data/T0015/29462/b6613se/react-bank/web/src/components/Home/Features/index.tsx
2025-08-06 15:42:42,440 - Knowledge - INFO - start ingest for /app/data/T0015/29462/b6613se/react-bank/web/src/components/Infobox/AccountSummary/style.scss
2025-08-06 15:42:42,531 - Knowledge - INFO - start ingest for /app/data/T0015/29462/b6613se/react-bank/web/src/components/Infobox/AccountSummary/index.tsx
2025-08-06 15:42:42,614 - Knowledge - INFO - start ingest for /app/data/T0015/29462/b6613se/react-bank/web/src/components/Infobox/CardLogos/index.tsx
2025-08-06 15:42:41,023 - Knowledge - INFO - Found code_base: <app.utils.kg_build.knowledge.KnowledgeCodeBase object at 0x7fa3f4c2df50>
2025-08-06 15:42:43,006 - Knowledge - INFO - Found code_base: <app.utils.kg_build.knowledge.KnowledgeCodeBase object at 0x7fa3f4c2df50>
2025-08-06 15:42:43,272 - Knowledge - INFO - process ingested knowledge for /app/data/T0015/29462/b6613se/react-bank/web/src/components/Help/Form.tsx
2025-08-06 15:42:43,323 - Knowledge - INFO - done ingest for /app/data/T0015/29462/b6613se/react-bank/web/src/components/Infobox/CardDetails/style.scss
2025-08-06 15:42:43,353 - Knowledge - INFO - Fast-track processing for simple file: /app/data/T0015/29462/b6613se/react-bank/web/src/components/Infobox/AccountDetails/style.scss
2025-08-06 15:42:43,413 - Knowledge - INFO - persist search terms embedding for web/src/components/UI/Buttons/SingleButton/index.tsx
2025-08-06 15:42:43,421 - Knowledge - INFO - Fast-track processing for simple file: /app/data/T0015/29462/b6613se/react-bank/web/src/components/Infobox/AccountInfobox/style.scss
2025-08-06 15:42:43,536 - Knowledge - INFO - Fast-track processing for simple file: /app/data/T0015/29462/b6613se/react-bank/web/src/components/Infobox/CardLogos/style.scss
2025-08-06 15:42:43,795 - Knowledge - INFO - done ingest for /app/data/T0015/29462/b6613se/react-bank/web/src/components/Profile/Links/style.scss
2025-08-06 15:42:43,965 - Knowledge - INFO - Fast-track processing for simple file: /app/data/T0015/29462/b6613se/react-bank/web/src/components/Infobox/AccountName/index.tsx
2025-08-06 15:42:44,179 - Knowledge - INFO - process ingested knowledge for /app/data/T0015/29462/b6613se/react-bank/web/src/components/Home/Features/index.tsx
2025-08-06 15:42:44,536 - Knowledge - INFO - persist ingested knowledge for /app/data/T0015/29462/b6613se/react-bank/web/src/components/Profile/Links/index.tsx
2025-08-06 15:42:44,625 - Knowledge - INFO - persist ingested knowledge for /app/data/T0015/29462/b6613se/react-bank/web/src/components/Help/index.tsx
2025-08-06 15:42:44,731 - Knowledge - INFO - done ingest for /app/data/T0015/29462/b6613se/react-bank/web/src/components/Home/Features/style.scss
2025-08-06 15:42:44,819 - Knowledge - INFO - process ingested knowledge for /app/data/T0015/29462/b6613se/react-bank/web/src/components/Infobox/CardDetails/style.scss
2025-08-06 15:42:44,905 - Knowledge - INFO - done fast ingest for /app/data/T0015/29462/b6613se/react-bank/web/src/components/Infobox/AccountDetails/style.scss
2025-08-06 15:42:45,109 - Knowledge - INFO - done fast ingest for /app/data/T0015/29462/b6613se/react-bank/web/src/components/Infobox/AccountInfobox/style.scss
2025-08-06 15:42:45,242 - Knowledge - INFO - done fast ingest for /app/data/T0015/29462/b6613se/react-bank/web/src/components/Infobox/CardLogos/style.scss
2025-08-06 15:42:45,378 - Knowledge - INFO - process ingested knowledge for /app/data/T0015/29462/b6613se/react-bank/web/src/components/Profile/Links/style.scss
2025-08-06 15:42:45,483 - Knowledge - INFO - done fast ingest for /app/data/T0015/29462/b6613se/react-bank/web/src/components/Infobox/AccountName/index.tsx
2025-08-06 15:42:45,789 - Knowledge - INFO - persist search terms embedding for web/src/components/UI/Buttons/SingleMultiButton/index.tsx
2025-08-06 15:42:46,097 - Knowledge - INFO - process ingested knowledge for /app/data/T0015/29462/b6613se/react-bank/web/src/components/Home/Features/style.scss
2025-08-06 15:42:46,179 - Knowledge - INFO - done ingest for /app/data/T0015/29462/b6613se/react-bank/web/src/components/Infobox/AccountDetails/index.tsx
2025-08-06 15:42:46,368 - Knowledge - INFO - process ingested knowledge for /app/data/T0015/29462/b6613se/react-bank/web/src/components/Infobox/AccountDetails/style.scss
2025-08-06 15:42:46,485 - Knowledge - INFO - done ingest for /app/data/T0015/29462/b6613se/react-bank/web/src/components/Infobox/AccountInfobox/index.tsx
2025-08-06 15:42:46,505 - Knowledge - INFO - process ingested knowledge for /app/data/T0015/29462/b6613se/react-bank/web/src/components/Infobox/AccountInfobox/style.scss
2025-08-06 15:42:46,600 - Knowledge - INFO - done ingest for /app/data/T0015/29462/b6613se/react-bank/web/src/components/Infobox/CardDetails/index.tsx
2025-08-06 15:42:46,615 - Knowledge - INFO - process ingested knowledge for /app/data/T0015/29462/b6613se/react-bank/web/src/components/Infobox/CardLogos/style.scss
2025-08-06 15:42:46,821 - Knowledge - INFO - process ingested knowledge for /app/data/T0015/29462/b6613se/react-bank/web/src/components/Infobox/AccountName/index.tsx
2025-08-06 15:42:47,090 - Knowledge - INFO - process ingested knowledge for /app/data/T0015/29462/b6613se/react-bank/web/src/components/Infobox/AccountDetails/index.tsx
2025-08-06 15:42:47,307 - Knowledge - INFO - process ingested knowledge for /app/data/T0015/29462/b6613se/react-bank/web/src/components/Infobox/AccountInfobox/index.tsx
2025-08-06 15:42:47,354 - Knowledge - INFO - persist search terms embedding for web/src/components/Profile/Stats/index.tsx
2025-08-06 15:42:47,526 - Knowledge - INFO - process ingested knowledge for /app/data/T0015/29462/b6613se/react-bank/web/src/components/Infobox/CardDetails/index.tsx
2025-08-06 15:42:47,921 - Knowledge - INFO - worker kw24 pull /app/data/T0015/29462/b6613se/react-bank/web/src/components/Infobox/CardInfobox/style.scss from ingest queue
2025-08-06 15:42:48,096 - Knowledge - INFO - Thread kw24 - File style.scss - Remaining files in queue: 80
2025-08-06 15:42:48,225 - Knowledge - INFO - start ingest for /app/data/T0015/29462/b6613se/react-bank/web/src/components/Infobox/CardInfobox/style.scss
2025-08-06 15:42:48,278 - Knowledge - INFO - persist search terms embedding for web/src/components/Profile/Header/index.tsx
2025-08-06 15:42:48,318 - Knowledge - INFO - Fast-track processing for simple file: /app/data/T0015/29462/b6613se/react-bank/web/src/components/Infobox/CardInfobox/style.scss
2025-08-06 15:42:48,452 - Knowledge - INFO - Found code-base-name: https://github.com/DanAnt123/react-bank.git:master
2025-08-06 15:42:48,453 - Knowledge - INFO - worker kw19 pull /app/data/T0015/29462/b6613se/react-bank/web/src/components/Cards/LimitsChange/Form.tsx from ingest queue
2025-08-06 15:42:48,516 - Knowledge - INFO - done fast ingest for /app/data/T0015/29462/b6613se/react-bank/web/src/components/Infobox/CardInfobox/style.scss
2025-08-06 15:42:48,624 - Knowledge - INFO - Found code_base: <app.utils.kg_build.knowledge.KnowledgeCodeBase object at 0x7fa3f4c2df50>
2025-08-06 15:42:48,706 - Knowledge - INFO - Thread kw19 - File Form.tsx - Remaining files in queue: 79
2025-08-06 15:42:48,795 - Knowledge - INFO - process ingested knowledge for /app/data/T0015/29462/b6613se/react-bank/web/src/components/Infobox/CardInfobox/style.scss
2025-08-06 15:42:48,890 - Knowledge - INFO - persist ingested knowledge for /app/data/T0015/29462/b6613se/react-bank/web/src/components/Help/Form.tsx
2025-08-06 15:42:48,952 - Knowledge - INFO - persist search terms embedding for web/src/components/Profile/Links/index.tsx
2025-08-06 15:42:49,022 - Knowledge - INFO - start ingest for /app/data/T0015/29462/b6613se/react-bank/web/src/components/Cards/LimitsChange/Form.tsx
2025-08-06 15:42:50,361 - Knowledge - INFO - persist search terms embedding for web/src/components/Help/index.tsx
2025-08-06 15:42:50,431 - Knowledge - INFO - Found code-base-name: https://github.com/DanAnt123/react-bank.git:master
2025-08-06 15:42:50,521 - Knowledge - INFO - Found code_base: <app.utils.kg_build.knowledge.KnowledgeCodeBase object at 0x7fa3f4c2df50>
2025-08-06 15:42:50,433 - Knowledge - INFO - worker kw11 pull /app/data/T0015/29462/b6613se/react-bank/web/src/components/Cards/LimitsChange/index.tsx from ingest queue
2025-08-06 15:42:50,439 - Knowledge - INFO - worker kw17 pull /app/data/T0015/29462/b6613se/react-bank/web/src/components/Cards/List/index.tsx from ingest queue
2025-08-06 15:42:50,440 - Knowledge - INFO - Found code-base-name: https://github.com/DanAnt123/react-bank.git:master
2025-08-06 15:42:50,440 - Knowledge - INFO - Found code-base-name: https://github.com/DanAnt123/react-bank.git:master
2025-08-06 15:42:50,444 - Knowledge - INFO - Found code-base-name: https://github.com/DanAnt123/react-bank.git:master
2025-08-06 15:42:50,449 - Knowledge - INFO - Found code-base-name: https://github.com/DanAnt123/react-bank.git:master
2025-08-06 15:42:50,457 - Knowledge - INFO - Found code-base-name: https://github.com/DanAnt123/react-bank.git:master
2025-08-06 15:42:50,431 - Knowledge - INFO - Found code-base-name: https://github.com/DanAnt123/react-bank.git:master
2025-08-06 15:42:50,629 - Knowledge - INFO - persist ingested knowledge for /app/data/T0015/29462/b6613se/react-bank/web/src/components/Infobox/CardDetails/style.scss
2025-08-06 15:42:50,676 - Knowledge - INFO - done ingest for /app/data/T0015/29462/b6613se/react-bank/web/src/components/Infobox/AccountSummary/style.scss
2025-08-06 15:42:50,692 - Knowledge - INFO - Found code-base-name: https://github.com/DanAnt123/react-bank.git:master
2025-08-06 15:42:50,697 - Knowledge - INFO - Found code-base-name: https://github.com/DanAnt123/react-bank.git:master
2025-08-06 15:42:50,704 - Knowledge - INFO - Found code-base-name: https://github.com/DanAnt123/react-bank.git:master
2025-08-06 15:42:50,709 - Knowledge - INFO - worker kw1 pull /app/data/T0015/29462/b6613se/react-bank/web/src/components/Cards/ListElement/index.tsx from ingest queue
2025-08-06 15:42:50,710 - Knowledge - INFO - Found code-base-name: https://github.com/DanAnt123/react-bank.git:master
2025-08-06 15:42:52,227 - Knowledge - INFO - Found code_base: <app.utils.kg_build.knowledge.KnowledgeCodeBase object at 0x7fa3f4c2df50>
2025-08-06 15:42:50,716 - Knowledge - INFO - worker kw16 pull /app/data/T0015/29462/b6613se/react-bank/web/src/components/Cards/Single/index.tsx from ingest queue
2025-08-06 15:42:50,721 - Knowledge - INFO - Found code-base-name: https://github.com/DanAnt123/react-bank.git:master
2025-08-06 15:42:50,761 - Knowledge - INFO - Thread kw11 - File index.tsx - Remaining files in queue: 74
2025-08-06 15:42:50,904 - Knowledge - INFO - Thread kw17 - File index.tsx - Remaining files in queue: 74
2025-08-06 15:42:50,996 - Knowledge - INFO - Found code_base: <app.utils.kg_build.knowledge.KnowledgeCodeBase object at 0x7fa3f4c2df50>
2025-08-06 15:42:51,006 - Knowledge - INFO - done ingest for /app/data/T0015/29462/b6613se/react-bank/web/src/components/Infobox/AccountSummary/index.tsx
2025-08-06 15:42:51,086 - Knowledge - INFO - Found code_base: <app.utils.kg_build.knowledge.KnowledgeCodeBase object at 0x7fa3f4c2df50>
2025-08-06 15:42:51,184 - Knowledge - INFO - Found code_base: <app.utils.kg_build.knowledge.KnowledgeCodeBase object at 0x7fa3f4c2df50>
2025-08-06 15:42:53,171 - Knowledge - INFO - persist ingested knowledge for /app/data/T0015/29462/b6613se/react-bank/web/src/components/Infobox/AccountName/index.tsx
2025-08-06 15:42:51,276 - Knowledge - INFO - Found code_base: <app.utils.kg_build.knowledge.KnowledgeCodeBase object at 0x7fa3f4c2df50>
2025-08-06 15:42:51,375 - Knowledge - INFO - Found code_base: <app.utils.kg_build.knowledge.KnowledgeCodeBase object at 0x7fa3f4c2df50>
2025-08-06 15:42:51,477 - Knowledge - INFO - Found code_base: <app.utils.kg_build.knowledge.KnowledgeCodeBase object at 0x7fa3f4c2df50>
2025-08-06 15:42:51,728 - Knowledge - INFO - process ingested knowledge for /app/data/T0015/29462/b6613se/react-bank/web/src/components/Infobox/AccountSummary/style.scss
2025-08-06 15:42:51,857 - Knowledge - INFO - Found code_base: <app.utils.kg_build.knowledge.KnowledgeCodeBase object at 0x7fa3f4c2df50>
2025-08-06 15:42:51,973 - Knowledge - INFO - Found code_base: <app.utils.kg_build.knowledge.KnowledgeCodeBase object at 0x7fa3f4c2df50>
2025-08-06 15:42:51,980 - Knowledge - INFO - done ingest for /app/data/T0015/29462/b6613se/react-bank/web/src/components/Infobox/CardLogos/index.tsx
2025-08-06 15:42:52,027 - Knowledge - INFO - done ingest for /app/data/T0015/29462/b6613se/react-bank/web/src/components/Infobox/CardInfobox/index.tsx
2025-08-06 15:42:52,069 - Knowledge - INFO - Found code_base: <app.utils.kg_build.knowledge.KnowledgeCodeBase object at 0x7fa3f4c2df50>
2025-08-06 15:42:52,152 - Knowledge - INFO - Thread kw1 - File index.tsx - Remaining files in queue: 74
2025-08-06 15:42:50,711 - Knowledge - INFO - worker kw8 pull /app/data/T0015/29462/b6613se/react-bank/web/src/components/Infobox/style.scss from ingest queue
2025-08-06 15:42:52,316 - Knowledge - INFO - persist ingested knowledge for /app/data/T0015/29462/b6613se/react-bank/web/src/components/Infobox/CardInfobox/style.scss
2025-08-06 15:42:52,403 - Knowledge - INFO - Thread kw16 - File index.tsx - Remaining files in queue: 74
2025-08-06 15:42:52,492 - Knowledge - INFO - Found code_base: <app.utils.kg_build.knowledge.KnowledgeCodeBase object at 0x7fa3f4c2df50>
2025-08-06 15:42:52,685 - Knowledge - INFO - start ingest for /app/data/T0015/29462/b6613se/react-bank/web/src/components/Cards/LimitsChange/index.tsx
2025-08-06 15:42:52,796 - Knowledge - INFO - start ingest for /app/data/T0015/29462/b6613se/react-bank/web/src/components/Cards/List/index.tsx
2025-08-06 15:42:52,894 - Knowledge - INFO - persist ingested knowledge for /app/data/T0015/29462/b6613se/react-bank/web/src/components/Infobox/AccountDetails/style.scss
2025-08-06 15:42:53,004 - Knowledge - INFO - process ingested knowledge for /app/data/T0015/29462/b6613se/react-bank/web/src/components/Infobox/AccountSummary/index.tsx
2025-08-06 15:42:53,079 - Knowledge - INFO - persist ingested knowledge for /app/data/T0015/29462/b6613se/react-bank/web/src/components/Infobox/CardLogos/style.scss
2025-08-06 15:42:51,276 - Knowledge - INFO - persist search terms embedding for web/src/components/Help/Form.tsx
2025-08-06 15:42:53,329 - Knowledge - INFO - persist ingested knowledge for /app/data/T0015/29462/b6613se/react-bank/web/src/components/Infobox/AccountDetails/index.tsx
2025-08-06 15:42:53,421 - Knowledge - INFO - persist ingested knowledge for /app/data/T0015/29462/b6613se/react-bank/web/src/components/Infobox/AccountInfobox/index.tsx
2025-08-06 15:42:53,542 - Knowledge - INFO - persist ingested knowledge for /app/data/T0015/29462/b6613se/react-bank/web/src/components/Profile/Links/style.scss
2025-08-06 15:42:53,707 - Knowledge - INFO - persist ingested knowledge for /app/data/T0015/29462/b6613se/react-bank/web/src/components/Profile/Stats/style.scss
2025-08-06 15:42:53,805 - Knowledge - INFO - persist ingested knowledge for /app/data/T0015/29462/b6613se/react-bank/web/src/components/Infobox/CardDetails/index.tsx
2025-08-06 15:42:53,899 - Knowledge - INFO - process ingested knowledge for /app/data/T0015/29462/b6613se/react-bank/web/src/components/Infobox/CardLogos/index.tsx
2025-08-06 15:42:54,001 - Knowledge - INFO - process ingested knowledge for /app/data/T0015/29462/b6613se/react-bank/web/src/components/Infobox/CardInfobox/index.tsx
2025-08-06 15:42:54,075 - Knowledge - INFO - persist ingested knowledge for /app/data/T0015/29462/b6613se/react-bank/web/src/components/Home/Features/index.tsx
2025-08-06 15:42:54,185 - Knowledge - INFO - start ingest for /app/data/T0015/29462/b6613se/react-bank/web/src/components/Cards/ListElement/index.tsx
2025-08-06 15:42:54,262 - Knowledge - INFO - Thread kw8 - File style.scss - Remaining files in queue: 74
2025-08-06 15:42:54,414 - Knowledge - INFO - start ingest for /app/data/T0015/29462/b6613se/react-bank/web/src/components/Cards/Single/index.tsx
2025-08-06 15:42:54,488 - Knowledge - INFO - persist ingested knowledge for /app/data/T0015/29462/b6613se/react-bank/web/src/components/Infobox/AccountInfobox/style.scss
2025-08-06 15:42:54,966 - Knowledge - INFO - done ingest for /app/data/T0015/29462/b6613se/react-bank/web/src/components/Cards/LimitsChange/Form.tsx
2025-08-06 15:42:55,142 - Knowledge - INFO - Found code-base-name: https://github.com/DanAnt123/react-bank.git:master
2025-08-06 15:42:55,144 - Knowledge - INFO - worker kw15 pull /app/data/T0015/29462/b6613se/react-bank/web/src/components/Cards/PINChange/index.tsx from ingest queue
2025-08-06 15:42:55,244 - Knowledge - INFO - Found code-base-name: https://github.com/DanAnt123/react-bank.git:master
2025-08-06 15:42:55,434 - Knowledge - INFO - Found code-base-name: https://github.com/DanAnt123/react-bank.git:master
2025-08-06 15:42:55,528 - Knowledge - INFO - worker kw5 pull /app/data/T0015/29462/b6613se/react-bank/web/src/components/Widgets/IconedList/index.tsx from ingest queue
2025-08-06 15:42:55,967 - Knowledge - INFO - persist search terms embedding for web/src/components/Infobox/AccountDetails/index.tsx
2025-08-06 15:42:56,104 - Knowledge - INFO - start ingest for /app/data/T0015/29462/b6613se/react-bank/web/src/components/Infobox/style.scss
2025-08-06 15:42:56,433 - Knowledge - INFO - process ingested knowledge for /app/data/T0015/29462/b6613se/react-bank/web/src/components/Cards/LimitsChange/Form.tsx
2025-08-06 15:42:56,484 - Knowledge - INFO - Found code_base: <app.utils.kg_build.knowledge.KnowledgeCodeBase object at 0x7fa3f4c2df50>
2025-08-06 15:42:56,575 - Knowledge - INFO - Thread kw15 - File index.tsx - Remaining files in queue: 72
2025-08-06 15:42:56,687 - Knowledge - INFO - Found code_base: <app.utils.kg_build.knowledge.KnowledgeCodeBase object at 0x7fa3f4c2df50>
2025-08-06 15:42:57,360 - Knowledge - INFO - persist ingested knowledge for /app/data/T0015/29462/b6613se/react-bank/web/src/components/Infobox/AccountSummary/style.scss
2025-08-06 15:42:56,857 - Knowledge - INFO - Thread kw5 - File index.tsx - Remaining files in queue: 72
2025-08-06 15:42:56,930 - Knowledge - INFO - worker kw24 pull /app/data/T0015/29462/b6613se/react-bank/web/src/components/Widgets/IconedList/ListItem/index.tsx from ingest queue
2025-08-06 15:42:56,930 - Knowledge - INFO - worker kw14 pull /app/data/T0015/29462/b6613se/react-bank/web/src/components/Cards/PINChange/Form.tsx from ingest queue
2025-08-06 15:42:57,003 - Knowledge - INFO - Fast-track processing for simple file: /app/data/T0015/29462/b6613se/react-bank/web/src/components/Infobox/style.scss
2025-08-06 15:42:57,192 - Knowledge - INFO - persist ingested knowledge for /app/data/T0015/29462/b6613se/react-bank/web/src/components/Home/Features/style.scss
2025-08-06 15:42:57,281 - Knowledge - INFO - start ingest for /app/data/T0015/29462/b6613se/react-bank/web/src/components/Cards/PINChange/index.tsx
2025-08-06 15:42:57,313 - Knowledge - INFO - persist search terms embedding for web/src/components/Profile/Links/style.scss
2025-08-06 15:42:56,784 - Knowledge - INFO - Found code_base: <app.utils.kg_build.knowledge.KnowledgeCodeBase object at 0x7fa3f4c2df50>
2025-08-06 15:42:57,556 - Knowledge - INFO - start ingest for /app/data/T0015/29462/b6613se/react-bank/web/src/components/Widgets/IconedList/index.tsx
2025-08-06 15:42:57,674 - Knowledge - INFO - Thread kw24 - File index.tsx - Remaining files in queue: 70
2025-08-06 15:42:57,760 - Knowledge - INFO - Thread kw14 - File Form.tsx - Remaining files in queue: 70
2025-08-06 15:42:57,876 - Knowledge - INFO - done fast ingest for /app/data/T0015/29462/b6613se/react-bank/web/src/components/Infobox/style.scss
2025-08-06 15:42:58,224 - Knowledge - INFO - worker kw9 pull /app/data/T0015/29462/b6613se/react-bank/web/src/components/Widgets/IconedList/style.scss from ingest queue
2025-08-06 15:42:58,225 - Knowledge - INFO - worker kw7 pull /app/data/T0015/29462/b6613se/react-bank/web/src/components/Widgets/IncomeStats/index.tsx from ingest queue
2025-08-06 15:42:58,333 - Knowledge - INFO - persist ingested knowledge for /app/data/T0015/29462/b6613se/react-bank/web/src/components/Infobox/AccountSummary/index.tsx
2025-08-06 15:42:58,580 - Knowledge - INFO - start ingest for /app/data/T0015/29462/b6613se/react-bank/web/src/components/Widgets/IconedList/ListItem/index.tsx
2025-08-06 15:42:58,672 - Knowledge - INFO - persist search terms embedding for web/src/components/Infobox/CardDetails/index.tsx
2025-08-06 15:42:58,681 - Knowledge - INFO - start ingest for /app/data/T0015/29462/b6613se/react-bank/web/src/components/Cards/PINChange/Form.tsx
2025-08-06 15:42:58,760 - Knowledge - INFO - process ingested knowledge for /app/data/T0015/29462/b6613se/react-bank/web/src/components/Infobox/style.scss
2025-08-06 15:42:58,896 - Knowledge - INFO - Thread kw9 - File style.scss - Remaining files in queue: 68
2025-08-06 15:42:59,008 - Knowledge - INFO - Thread kw7 - File index.tsx - Remaining files in queue: 68
2025-08-06 15:42:59,262 - Knowledge - INFO - Found code-base-name: https://github.com/DanAnt123/react-bank.git:master
2025-08-06 15:42:59,565 - Knowledge - INFO - start ingest for /app/data/T0015/29462/b6613se/react-bank/web/src/components/Widgets/IconedList/style.scss
2025-08-06 15:42:59,641 - Knowledge - INFO - start ingest for /app/data/T0015/29462/b6613se/react-bank/web/src/components/Widgets/IncomeStats/index.tsx
2025-08-06 15:42:59,721 - Knowledge - INFO - Found code_base: <app.utils.kg_build.knowledge.KnowledgeCodeBase object at 0x7fa3f4c2df50>
2025-08-06 15:42:59,733 - Knowledge - INFO - persist search terms embedding for web/src/components/Home/Features/index.tsx
2025-08-06 15:42:59,947 - Knowledge - INFO - done ingest for /app/data/T0015/29462/b6613se/react-bank/web/src/components/Cards/List/index.tsx
2025-08-06 15:43:00,064 - Knowledge - INFO - persist ingested knowledge for /app/data/T0015/29462/b6613se/react-bank/web/src/components/Infobox/CardInfobox/index.tsx
2025-08-06 15:43:00,288 - Knowledge - INFO - process ingested knowledge for /app/data/T0015/29462/b6613se/react-bank/web/src/components/Cards/List/index.tsx
2025-08-06 15:43:00,659 - Knowledge - INFO - persist search terms embedding for web/src/components/Infobox/AccountInfobox/index.tsx
2025-08-06 15:43:00,757 - Knowledge - INFO - worker kw12 pull /app/data/T0015/29462/b6613se/react-bank/web/src/components/Widgets/SingleMessage/style.scss from ingest queue
2025-08-06 15:43:00,757 - Knowledge - INFO - worker kw21 pull /app/data/T0015/29462/b6613se/react-bank/web/src/containers/Panel/Intro/index.tsx from ingest queue
2025-08-06 15:43:00,853 - Knowledge - INFO - Thread kw12 - File style.scss - Remaining files in queue: 66
2025-08-06 15:43:00,948 - Knowledge - INFO - Thread kw21 - File index.tsx - Remaining files in queue: 66
2025-08-06 15:43:01,112 - Knowledge - INFO - start ingest for /app/data/T0015/29462/b6613se/react-bank/web/src/containers/Panel/Intro/index.tsx
2025-08-06 15:43:01,023 - Knowledge - INFO - start ingest for /app/data/T0015/29462/b6613se/react-bank/web/src/components/Widgets/SingleMessage/style.scss
2025-08-06 15:43:01,204 - Knowledge - INFO - persist search terms embedding for web/src/components/Infobox/AccountSummary/style.scss
2025-08-06 15:43:01,224 - Knowledge - INFO - done ingest for /app/data/T0015/29462/b6613se/react-bank/web/src/components/Cards/LimitsChange/index.tsx
2025-08-06 15:43:01,388 - Knowledge - INFO - worker kw2 pull /app/data/T0015/29462/b6613se/react-bank/web/src/components/Widgets/IconedList/ListContainer/index.tsx from ingest queue
2025-08-06 15:43:01,580 - Knowledge - INFO - Thread kw2 - File index.tsx - Remaining files in queue: 65
2025-08-06 15:43:01,515 - Knowledge - INFO - process ingested knowledge for /app/data/T0015/29462/b6613se/react-bank/web/src/components/Cards/LimitsChange/index.tsx
2025-08-06 15:43:01,676 - Knowledge - INFO - start ingest for /app/data/T0015/29462/b6613se/react-bank/web/src/components/Widgets/IconedList/ListContainer/index.tsx
2025-08-06 15:43:01,897 - Knowledge - INFO - persist search terms embedding for web/src/components/Infobox/AccountSummary/index.tsx
2025-08-06 15:43:01,945 - Knowledge - INFO - Fast-track processing for simple file: /app/data/T0015/29462/b6613se/react-bank/web/src/components/Widgets/IconedList/ListContainer/index.tsx
2025-08-06 15:43:02,057 - Knowledge - INFO - worker kw22 pull /app/data/T0015/29462/b6613se/react-bank/web/src/components/Widgets/Charts/IncomeChart/style.scss from ingest queue
2025-08-06 15:43:02,262 - Knowledge - INFO - Thread kw22 - File style.scss - Remaining files in queue: 59
2025-08-06 15:43:02,078 - Knowledge - INFO - worker kw6 pull /app/data/T0015/29462/b6613se/react-bank/web/src/components/Widgets/SingleMessage/index.tsx from ingest queue
2025-08-06 15:43:02,084 - Knowledge - INFO - worker kw25 pull /app/data/T0015/29462/b6613se/react-bank/web/src/components/Widgets/Charts/IncomeChart/index.tsx from ingest queue
2025-08-06 15:43:02,084 - Knowledge - INFO - Found code-base-name: https://github.com/DanAnt123/react-bank.git:master
2025-08-06 15:43:02,086 - Knowledge - INFO - worker kw18 pull /app/data/T0015/29462/b6613se/react-bank/web/src/containers/Accounts/index.tsx from ingest queue
2025-08-06 15:43:02,087 - Knowledge - INFO - Found code-base-name: https://github.com/DanAnt123/react-bank.git:master
2025-08-06 15:43:02,088 - Knowledge - INFO - worker kw10 pull /app/data/T0015/29462/b6613se/react-bank/web/src/containers/Messages/index.tsx from ingest queue
2025-08-06 15:43:02,089 - Knowledge - INFO - Found code-base-name: https://github.com/DanAnt123/react-bank.git:master
2025-08-06 15:43:02,090 - Knowledge - INFO - worker kw4 pull /app/data/T0015/29462/b6613se/react-bank/web/src/containers/Transfers/index.tsx from ingest queue
2025-08-06 15:43:02,090 - Knowledge - INFO - Found code-base-name: https://github.com/DanAnt123/react-bank.git:master
2025-08-06 15:43:02,166 - Knowledge - INFO - done fast ingest for /app/data/T0015/29462/b6613se/react-bank/web/src/components/Widgets/IconedList/ListContainer/index.tsx
2025-08-06 15:43:02,078 - Knowledge - INFO - done ingest for /app/data/T0015/29462/b6613se/react-bank/web/src/components/Cards/Single/index.tsx
2025-08-06 15:43:02,358 - Knowledge - INFO - start ingest for /app/data/T0015/29462/b6613se/react-bank/web/src/components/Widgets/Charts/IncomeChart/style.scss
2025-08-06 15:43:02,404 - Knowledge - INFO - done ingest for /app/data/T0015/29462/b6613se/react-bank/web/src/components/Cards/ListElement/index.tsx
2025-08-06 15:43:02,446 - Knowledge - INFO - Thread kw6 - File index.tsx - Remaining files in queue: 59
2025-08-06 15:43:02,492 - Knowledge - INFO - persist search terms embedding for web/src/components/Infobox/CardInfobox/index.tsx
2025-08-06 15:43:02,535 - Knowledge - INFO - Thread kw25 - File index.tsx - Remaining files in queue: 59
2025-08-06 15:43:02,623 - Knowledge - INFO - Found code_base: <app.utils.kg_build.knowledge.KnowledgeCodeBase object at 0x7fa3f4c2df50>
2025-08-06 15:43:02,737 - Knowledge - INFO - Thread kw18 - File index.tsx - Remaining files in queue: 59
2025-08-06 15:43:02,879 - Knowledge - INFO - Found code_base: <app.utils.kg_build.knowledge.KnowledgeCodeBase object at 0x7fa3f4c2df50>
2025-08-06 15:43:02,980 - Knowledge - INFO - Thread kw10 - File index.tsx - Remaining files in queue: 59
2025-08-06 15:43:03,089 - Knowledge - INFO - Found code_base: <app.utils.kg_build.knowledge.KnowledgeCodeBase object at 0x7fa3f4c2df50>
2025-08-06 15:43:03,169 - Knowledge - INFO - Thread kw4 - File index.tsx - Remaining files in queue: 59
2025-08-06 15:43:03,281 - Knowledge - INFO - Found code_base: <app.utils.kg_build.knowledge.KnowledgeCodeBase object at 0x7fa3f4c2df50>
2025-08-06 15:43:03,426 - Knowledge - INFO - process ingested knowledge for /app/data/T0015/29462/b6613se/react-bank/web/src/components/Widgets/IconedList/ListContainer/index.tsx
2025-08-06 15:43:03,524 - Knowledge - INFO - process ingested knowledge for /app/data/T0015/29462/b6613se/react-bank/web/src/components/Cards/Single/index.tsx
2025-08-06 15:43:03,577 - Knowledge - INFO - Fast-track processing for simple file: /app/data/T0015/29462/b6613se/react-bank/web/src/components/Widgets/Charts/IncomeChart/style.scss
2025-08-06 15:43:03,702 - Knowledge - INFO - process ingested knowledge for /app/data/T0015/29462/b6613se/react-bank/web/src/components/Cards/ListElement/index.tsx
2025-08-06 15:43:03,789 - Knowledge - INFO - start ingest for /app/data/T0015/29462/b6613se/react-bank/web/src/components/Widgets/SingleMessage/index.tsx
2025-08-06 15:43:03,928 - Knowledge - INFO - start ingest for /app/data/T0015/29462/b6613se/react-bank/web/src/components/Widgets/Charts/IncomeChart/index.tsx
2025-08-06 15:43:03,961 - Knowledge - INFO - worker kw20 pull /app/data/T0015/29462/b6613se/react-bank/web/src/containers/Auth/Login/index.tsx from ingest queue
2025-08-06 15:43:03,962 - Knowledge - INFO - Found code-base-name: https://github.com/DanAnt123/react-bank.git:master
2025-08-06 15:43:03,962 - Knowledge - INFO - worker kw3 pull /app/data/T0015/29462/b6613se/react-bank/web/src/containers/Auth/Register/index.tsx from ingest queue
2025-08-06 15:43:03,962 - Knowledge - INFO - worker kw23 pull /app/data/T0015/29462/b6613se/react-bank/web/src/containers/Panel/index.tsx from ingest queue
2025-08-06 15:43:04,028 - Knowledge - INFO - persist ingested knowledge for /app/data/T0015/29462/b6613se/react-bank/web/src/components/Cards/List/index.tsx
2025-08-06 15:43:04,113 - Knowledge - INFO - start ingest for /app/data/T0015/29462/b6613se/react-bank/web/src/containers/Accounts/index.tsx
2025-08-06 15:43:04,194 - Knowledge - INFO - persist ingested knowledge for /app/data/T0015/29462/b6613se/react-bank/web/src/components/Infobox/CardLogos/index.tsx
2025-08-06 15:43:04,304 - Knowledge - INFO - start ingest for /app/data/T0015/29462/b6613se/react-bank/web/src/containers/Messages/index.tsx
2025-08-06 15:43:04,422 - Knowledge - INFO - persist ingested knowledge for /app/data/T0015/29462/b6613se/react-bank/web/src/components/Cards/LimitsChange/index.tsx
2025-08-06 15:43:04,530 - Knowledge - INFO - start ingest for /app/data/T0015/29462/b6613se/react-bank/web/src/containers/Transfers/index.tsx
2025-08-06 15:43:04,674 - Knowledge - INFO - persist ingested knowledge for /app/data/T0015/29462/b6613se/react-bank/web/src/components/Infobox/style.scss
2025-08-06 15:43:04,796 - Knowledge - INFO - Found code-base-name: https://github.com/DanAnt123/react-bank.git:master
2025-08-06 15:43:04,898 - Knowledge - INFO - Found code-base-name: https://github.com/DanAnt123/react-bank.git:master
2025-08-06 15:43:04,994 - Knowledge - INFO - done fast ingest for /app/data/T0015/29462/b6613se/react-bank/web/src/components/Widgets/Charts/IncomeChart/style.scss
2025-08-06 15:43:05,105 - Knowledge - INFO - Found code-base-name: https://github.com/DanAnt123/react-bank.git:master
2025-08-06 15:43:05,472 - Knowledge - INFO - Thread kw20 - File index.tsx - Remaining files in queue: 56
2025-08-06 15:43:05,573 - Knowledge - INFO - Found code_base: <app.utils.kg_build.knowledge.KnowledgeCodeBase object at 0x7fa3f4c2df50>
2025-08-06 15:43:05,677 - Knowledge - INFO - Thread kw3 - File index.tsx - Remaining files in queue: 56
2025-08-06 15:43:05,842 - Knowledge - INFO - Thread kw23 - File index.tsx - Remaining files in queue: 56
2025-08-06 15:43:06,284 - Knowledge - INFO - done ingest for /app/data/T0015/29462/b6613se/react-bank/web/src/components/Widgets/IconedList/index.tsx
2025-08-06 15:43:06,330 - Knowledge - INFO - done ingest for /app/data/T0015/29462/b6613se/react-bank/web/src/components/Widgets/IconedList/ListItem/index.tsx
2025-08-06 15:43:06,390 - Knowledge - INFO - done ingest for /app/data/T0015/29462/b6613se/react-bank/web/src/components/Cards/PINChange/index.tsx
2025-08-06 15:43:06,697 - Knowledge - INFO - Found code_base: <app.utils.kg_build.knowledge.KnowledgeCodeBase object at 0x7fa3f4c2df50>
2025-08-06 15:43:06,805 - Knowledge - INFO - Found code_base: <app.utils.kg_build.knowledge.KnowledgeCodeBase object at 0x7fa3f4c2df50>
2025-08-06 15:43:06,933 - Knowledge - INFO - process ingested knowledge for /app/data/T0015/29462/b6613se/react-bank/web/src/components/Widgets/Charts/IncomeChart/style.scss
2025-08-06 15:43:06,935 - Knowledge - INFO - persist search terms embedding for web/src/components/Cards/List/index.tsx
2025-08-06 15:43:07,033 - Knowledge - INFO - Found code_base: <app.utils.kg_build.knowledge.KnowledgeCodeBase object at 0x7fa3f4c2df50>
2025-08-06 15:43:08,380 - Knowledge - INFO - persist ingested knowledge for /app/data/T0015/29462/b6613se/react-bank/web/src/components/Cards/ListElement/index.tsx
2025-08-06 15:43:07,254 - Knowledge - INFO - persist ingested knowledge for /app/data/T0015/29462/b6613se/react-bank/web/src/components/Cards/LimitsChange/Form.tsx
2025-08-06 15:43:07,288 - Knowledge - INFO - done ingest for /app/data/T0015/29462/b6613se/react-bank/web/src/components/Widgets/IconedList/style.scss
2025-08-06 15:43:07,389 - Knowledge - INFO - start ingest for /app/data/T0015/29462/b6613se/react-bank/web/src/containers/Auth/Register/index.tsx
2025-08-06 15:43:07,501 - Knowledge - INFO - start ingest for /app/data/T0015/29462/b6613se/react-bank/web/src/containers/Panel/index.tsx
2025-08-06 15:43:07,692 - Knowledge - INFO - process ingested knowledge for /app/data/T0015/29462/b6613se/react-bank/web/src/components/Widgets/IconedList/index.tsx
2025-08-06 15:43:07,759 - Knowledge - INFO - process ingested knowledge for /app/data/T0015/29462/b6613se/react-bank/web/src/components/Widgets/IconedList/ListItem/index.tsx
2025-08-06 15:43:07,934 - Knowledge - INFO - process ingested knowledge for /app/data/T0015/29462/b6613se/react-bank/web/src/components/Cards/PINChange/index.tsx
2025-08-06 15:43:07,944 - Knowledge - INFO - persist ingested knowledge for /app/data/T0015/29462/b6613se/react-bank/web/src/components/Widgets/IconedList/ListContainer/index.tsx
2025-08-06 15:43:08,044 - Knowledge - INFO - persist ingested knowledge for /app/data/T0015/29462/b6613se/react-bank/web/src/components/Cards/Single/index.tsx
2025-08-06 15:43:07,158 - Knowledge - INFO - start ingest for /app/data/T0015/29462/b6613se/react-bank/web/src/containers/Auth/Login/index.tsx
2025-08-06 15:43:08,466 - Knowledge - INFO - done ingest for /app/data/T0015/29462/b6613se/react-bank/web/src/components/Widgets/SingleMessage/style.scss
2025-08-06 15:43:08,704 - Knowledge - INFO - process ingested knowledge for /app/data/T0015/29462/b6613se/react-bank/web/src/components/Widgets/IconedList/style.scss
2025-08-06 15:43:08,907 - Knowledge - INFO - persist search terms embedding for web/src/components/Infobox/CardLogos/index.tsx
2025-08-06 15:43:09,554 - Knowledge - INFO - process ingested knowledge for /app/data/T0015/29462/b6613se/react-bank/web/src/components/Widgets/SingleMessage/style.scss
2025-08-06 15:43:10,290 - Knowledge - INFO - done ingest for /app/data/T0015/29462/b6613se/react-bank/web/src/components/Widgets/IncomeStats/index.tsx
2025-08-06 15:43:10,420 - Knowledge - INFO - process ingested knowledge for /app/data/T0015/29462/b6613se/react-bank/web/src/components/Widgets/IncomeStats/index.tsx
2025-08-06 15:43:10,448 - Knowledge - INFO - persist search terms embedding for web/src/components/Cards/LimitsChange/index.tsx
2025-08-06 15:43:10,698 - Knowledge - INFO - worker kw11 pull /app/data/T0015/29462/b6613se/react-bank/web/src/containers/Layout/index.tsx from ingest queue
2025-08-06 15:43:10,704 - Knowledge - INFO - worker kw17 pull /app/data/T0015/29462/b6613se/react-bank/web/src/containers/Profile/style.scss from ingest queue
2025-08-06 15:43:10,819 - Knowledge - INFO - Thread kw11 - File index.tsx - Remaining files in queue: 54
2025-08-06 15:43:10,952 - Knowledge - INFO - Thread kw17 - File style.scss - Remaining files in queue: 54
2025-08-06 15:43:11,067 - Knowledge - INFO - start ingest for /app/data/T0015/29462/b6613se/react-bank/web/src/containers/Layout/index.tsx
2025-08-06 15:43:11,155 - Knowledge - INFO - start ingest for /app/data/T0015/29462/b6613se/react-bank/web/src/containers/Profile/style.scss
2025-08-06 15:43:11,220 - Knowledge - INFO - persist search terms embedding for web/src/components/Cards/ListElement/index.tsx
2025-08-06 15:43:11,267 - Knowledge - INFO - Fast-track processing for simple file: /app/data/T0015/29462/b6613se/react-bank/web/src/containers/Layout/index.tsx
2025-08-06 15:43:11,345 - Knowledge - INFO - Fast-track processing for simple file: /app/data/T0015/29462/b6613se/react-bank/web/src/containers/Profile/style.scss
2025-08-06 15:43:11,425 - Knowledge - INFO - Found code-base-name: https://github.com/DanAnt123/react-bank.git:master
2025-08-06 15:43:11,432 - Knowledge - INFO - Found code-base-name: https://github.com/DanAnt123/react-bank.git:master
2025-08-06 15:43:11,433 - Knowledge - INFO - Found code-base-name: https://github.com/DanAnt123/react-bank.git:master
2025-08-06 15:43:11,552 - Knowledge - INFO - done fast ingest for /app/data/T0015/29462/b6613se/react-bank/web/src/containers/Layout/index.tsx
2025-08-06 15:43:11,636 - Knowledge - INFO - done fast ingest for /app/data/T0015/29462/b6613se/react-bank/web/src/containers/Profile/style.scss
2025-08-06 15:43:11,680 - Knowledge - INFO - done ingest for /app/data/T0015/29462/b6613se/react-bank/web/src/containers/Panel/Intro/index.tsx
2025-08-06 15:43:11,760 - Knowledge - INFO - Found code_base: <app.utils.kg_build.knowledge.KnowledgeCodeBase object at 0x7fa3f4c2df50>
2025-08-06 15:43:11,864 - Knowledge - INFO - Found code_base: <app.utils.kg_build.knowledge.KnowledgeCodeBase object at 0x7fa3f4c2df50>
2025-08-06 15:43:11,908 - Knowledge - INFO - persist search terms embedding for web/src/components/Cards/Single/index.tsx
2025-08-06 15:43:11,944 - Knowledge - INFO - Found code_base: <app.utils.kg_build.knowledge.KnowledgeCodeBase object at 0x7fa3f4c2df50>
2025-08-06 15:43:11,996 - Knowledge - INFO - done ingest for /app/data/T0015/29462/b6613se/react-bank/web/src/components/Cards/PINChange/Form.tsx
2025-08-06 15:43:12,073 - Knowledge - INFO - process ingested knowledge for /app/data/T0015/29462/b6613se/react-bank/web/src/containers/Layout/index.tsx
2025-08-06 15:43:12,155 - Knowledge - INFO - process ingested knowledge for /app/data/T0015/29462/b6613se/react-bank/web/src/containers/Profile/style.scss
2025-08-06 15:43:12,249 - Knowledge - INFO - process ingested knowledge for /app/data/T0015/29462/b6613se/react-bank/web/src/containers/Panel/Intro/index.tsx
2025-08-06 15:43:12,316 - Knowledge - INFO - persist ingested knowledge for /app/data/T0015/29462/b6613se/react-bank/web/src/components/Widgets/IconedList/index.tsx
2025-08-06 15:43:12,390 - Knowledge - INFO - persist ingested knowledge for /app/data/T0015/29462/b6613se/react-bank/web/src/components/Widgets/IconedList/ListItem/index.tsx
2025-08-06 15:43:12,501 - Knowledge - INFO - Found code-base-name: https://github.com/DanAnt123/react-bank.git:master
2025-08-06 15:43:12,502 - Knowledge - INFO - worker kw13 pull /app/data/T0015/29462/b6613se/react-bank/web/src/containers/Profile/ChangeDetails/Form.tsx from ingest queue
2025-08-06 15:43:12,502 - Knowledge - INFO - Found code-base-name: https://github.com/DanAnt123/react-bank.git:master
2025-08-06 15:43:12,503 - Knowledge - INFO - Found code-base-name: https://github.com/DanAnt123/react-bank.git:master
2025-08-06 15:43:12,593 - Knowledge - INFO - persist ingested knowledge for /app/data/T0015/29462/b6613se/react-bank/web/src/components/Cards/PINChange/index.tsx
2025-08-06 15:43:12,701 - Knowledge - INFO - process ingested knowledge for /app/data/T0015/29462/b6613se/react-bank/web/src/components/Cards/PINChange/Form.tsx
2025-08-06 15:43:12,982 - Knowledge - INFO - persist search terms embedding for web/src/components/Cards/LimitsChange/Form.tsx
2025-08-06 15:43:13,303 - Knowledge - INFO - Found code_base: <app.utils.kg_build.knowledge.KnowledgeCodeBase object at 0x7fa3f4c2df50>
2025-08-06 15:43:13,377 - Knowledge - INFO - Thread kw13 - File Form.tsx - Remaining files in queue: 53
2025-08-06 15:43:13,480 - Knowledge - INFO - Found code_base: <app.utils.kg_build.knowledge.KnowledgeCodeBase object at 0x7fa3f4c2df50>
2025-08-06 15:43:13,606 - Knowledge - INFO - Found code_base: <app.utils.kg_build.knowledge.KnowledgeCodeBase object at 0x7fa3f4c2df50>
2025-08-06 15:43:13,913 - Knowledge - INFO - worker kw1 pull /app/data/T0015/29462/b6613se/react-bank/web/src/containers/CurrencyStats/api-request.ts from ingest queue
2025-08-06 15:43:13,914 - Knowledge - INFO - worker kw2 pull /app/data/T0015/29462/b6613se/react-bank/web/src/containers/Navigation/index.tsx from ingest queue
2025-08-06 15:43:13,914 - Knowledge - INFO - worker kw8 pull /app/data/T0015/29462/b6613se/react-bank/web/src/containers/Profile/index.tsx from ingest queue
2025-08-06 15:43:13,914 - Knowledge - INFO - Found code-base-name: https://github.com/DanAnt123/react-bank.git:master
2025-08-06 15:43:13,914 - Knowledge - INFO - Found code-base-name: https://github.com/DanAnt123/react-bank.git:master
2025-08-06 15:43:15,098 - Knowledge - INFO - Found code_base: <app.utils.kg_build.knowledge.KnowledgeCodeBase object at 0x7fa3f4c2df50>
2025-08-06 15:43:14,120 - Knowledge - INFO - start ingest for /app/data/T0015/29462/b6613se/react-bank/web/src/containers/Profile/ChangeDetails/Form.tsx
2025-08-06 15:43:14,254 - Knowledge - INFO - persist ingested knowledge for /app/data/T0015/29462/b6613se/react-bank/web/src/components/Widgets/SingleMessage/style.scss
2025-08-06 15:43:14,384 - Knowledge - INFO - persist ingested knowledge for /app/data/T0015/29462/b6613se/react-bank/web/src/components/Widgets/Charts/IncomeChart/style.scss
2025-08-06 15:43:14,507 - Knowledge - INFO - Thread kw1 - File api-request.ts - Remaining files in queue: 50
2025-08-06 15:43:14,598 - Knowledge - INFO - Thread kw2 - File index.tsx - Remaining files in queue: 50
2025-08-06 15:43:14,720 - Knowledge - INFO - Thread kw8 - File index.tsx - Remaining files in queue: 50
2025-08-06 15:43:14,868 - Knowledge - INFO - Found code_base: <app.utils.kg_build.knowledge.KnowledgeCodeBase object at 0x7fa3f4c2df50>
2025-08-06 15:43:14,027 - Knowledge - INFO - persist ingested knowledge for /app/data/T0015/29462/b6613se/react-bank/web/src/components/Widgets/IconedList/style.scss
2025-08-06 15:43:15,198 - Knowledge - INFO - persist ingested knowledge for /app/data/T0015/29462/b6613se/react-bank/web/src/containers/Panel/Intro/index.tsx
2025-08-06 15:43:15,712 - Knowledge - INFO - start ingest for /app/data/T0015/29462/b6613se/react-bank/web/src/containers/CurrencyStats/api-request.ts
2025-08-06 15:43:15,796 - Knowledge - INFO - start ingest for /app/data/T0015/29462/b6613se/react-bank/web/src/containers/Navigation/index.tsx
2025-08-06 15:43:15,896 - Knowledge - INFO - start ingest for /app/data/T0015/29462/b6613se/react-bank/web/src/containers/Profile/index.tsx
2025-08-06 15:43:15,982 - Knowledge - INFO - persist ingested knowledge for /app/data/T0015/29462/b6613se/react-bank/web/src/containers/Layout/index.tsx
2025-08-06 15:43:16,332 - Knowledge - INFO - persist search terms embedding for web/src/components/Widgets/IconedList/index.tsx
2025-08-06 15:43:16,463 - Knowledge - INFO - done ingest for /app/data/T0015/29462/b6613se/react-bank/web/src/containers/Accounts/index.tsx
2025-08-06 15:43:16,860 - Knowledge - INFO - done ingest for /app/data/T0015/29462/b6613se/react-bank/web/src/components/Widgets/Charts/IncomeChart/index.tsx
2025-08-06 15:43:16,936 - Knowledge - INFO - process ingested knowledge for /app/data/T0015/29462/b6613se/react-bank/web/src/containers/Accounts/index.tsx
2025-08-06 15:43:17,053 - Knowledge - INFO - process ingested knowledge for /app/data/T0015/29462/b6613se/react-bank/web/src/components/Widgets/Charts/IncomeChart/index.tsx
2025-08-06 15:43:18,028 - Knowledge - INFO - done ingest for /app/data/T0015/29462/b6613se/react-bank/web/src/containers/Transfers/index.tsx
2025-08-06 15:43:18,191 - Knowledge - INFO - process ingested knowledge for /app/data/T0015/29462/b6613se/react-bank/web/src/containers/Transfers/index.tsx
2025-08-06 15:43:18,398 - Knowledge - INFO - persist search terms embedding for web/src/components/Widgets/IconedList/ListItem/index.tsx
2025-08-06 15:43:18,576 - Knowledge - INFO - done ingest for /app/data/T0015/29462/b6613se/react-bank/web/src/containers/Messages/index.tsx
2025-08-06 15:43:18,703 - Knowledge - INFO - process ingested knowledge for /app/data/T0015/29462/b6613se/react-bank/web/src/containers/Messages/index.tsx
2025-08-06 15:43:19,058 - Knowledge - INFO - done ingest for /app/data/T0015/29462/b6613se/react-bank/web/src/components/Widgets/SingleMessage/index.tsx
2025-08-06 15:43:19,244 - Knowledge - INFO - process ingested knowledge for /app/data/T0015/29462/b6613se/react-bank/web/src/components/Widgets/SingleMessage/index.tsx
2025-08-06 15:43:19,256 - Knowledge - INFO - persist search terms embedding for web/src/components/Cards/PINChange/index.tsx
2025-08-06 15:43:19,481 - Knowledge - INFO - Found code-base-name: https://github.com/DanAnt123/react-bank.git:master
2025-08-06 15:43:19,498 - Knowledge - INFO - worker kw19 pull /app/data/T0015/29462/b6613se/react-bank/web/src/containers/CurrencyStats/style.scss from ingest queue
2025-08-06 15:43:19,530 - Knowledge - INFO - Found code-base-name: https://github.com/DanAnt123/react-bank.git:master
2025-08-06 15:43:19,547 - Knowledge - INFO - Found code-base-name: https://github.com/DanAnt123/react-bank.git:master
2025-08-06 15:43:19,594 - Knowledge - INFO - Found code_base: <app.utils.kg_build.knowledge.KnowledgeCodeBase object at 0x7fa3f4c2df50>
2025-08-06 15:43:19,709 - Knowledge - INFO - Thread kw19 - File style.scss - Remaining files in queue: 49
2025-08-06 15:43:19,827 - Knowledge - INFO - Found code_base: <app.utils.kg_build.knowledge.KnowledgeCodeBase object at 0x7fa3f4c2df50>
2025-08-06 15:43:19,951 - Knowledge - INFO - done ingest for /app/data/T0015/29462/b6613se/react-bank/web/src/containers/Auth/Register/index.tsx
2025-08-06 15:43:19,977 - Knowledge - INFO - Found code_base: <app.utils.kg_build.knowledge.KnowledgeCodeBase object at 0x7fa3f4c2df50>
2025-08-06 15:43:20,120 - Knowledge - INFO - done ingest for /app/data/T0015/29462/b6613se/react-bank/web/src/containers/Auth/Login/index.tsx
2025-08-06 15:43:20,131 - Knowledge - INFO - persist ingested knowledge for /app/data/T0015/29462/b6613se/react-bank/web/src/components/Cards/PINChange/Form.tsx
2025-08-06 15:43:20,266 - Knowledge - INFO - start ingest for /app/data/T0015/29462/b6613se/react-bank/web/src/containers/CurrencyStats/style.scss
2025-08-06 15:43:20,416 - Knowledge - INFO - persist ingested knowledge for /app/data/T0015/29462/b6613se/react-bank/web/src/components/Widgets/IncomeStats/index.tsx
2025-08-06 15:43:20,743 - Knowledge - INFO - process ingested knowledge for /app/data/T0015/29462/b6613se/react-bank/web/src/containers/Auth/Register/index.tsx
2025-08-06 15:43:20,780 - Knowledge - INFO - persist ingested knowledge for /app/data/T0015/29462/b6613se/react-bank/web/src/containers/Profile/style.scss
2025-08-06 15:43:20,885 - Knowledge - INFO - process ingested knowledge for /app/data/T0015/29462/b6613se/react-bank/web/src/containers/Auth/Login/index.tsx
2025-08-06 15:43:21,131 - Knowledge - INFO - Fast-track processing for simple file: /app/data/T0015/29462/b6613se/react-bank/web/src/containers/CurrencyStats/style.scss
2025-08-06 15:43:21,486 - Knowledge - INFO - done ingest for /app/data/T0015/29462/b6613se/react-bank/web/src/containers/Panel/index.tsx
2025-08-06 15:43:21,645 - Knowledge - INFO - persist search terms embedding for web/src/containers/Panel/Intro/index.tsx
2025-08-06 15:43:21,801 - Knowledge - INFO - done fast ingest for /app/data/T0015/29462/b6613se/react-bank/web/src/containers/CurrencyStats/style.scss
2025-08-06 15:43:22,071 - Knowledge - INFO - process ingested knowledge for /app/data/T0015/29462/b6613se/react-bank/web/src/containers/Panel/index.tsx
2025-08-06 15:43:22,215 - Knowledge - INFO - process ingested knowledge for /app/data/T0015/29462/b6613se/react-bank/web/src/containers/CurrencyStats/style.scss
2025-08-06 15:43:22,291 - Knowledge - INFO - worker kw5 pull /app/data/T0015/29462/b6613se/react-bank/web/src/containers/Cards/index.tsx from ingest queue
2025-08-06 15:43:22,293 - Knowledge - INFO - Found code-base-name: https://github.com/DanAnt123/react-bank.git:master
2025-08-06 15:43:22,294 - Knowledge - INFO - Found code-base-name: https://github.com/DanAnt123/react-bank.git:master
2025-08-06 15:43:22,295 - Knowledge - INFO - worker kw24 pull /app/data/T0015/29462/b6613se/react-bank/web/src/containers/CurrencyStats/index.tsx from ingest queue
2025-08-06 15:43:22,295 - Knowledge - INFO - Found code-base-name: https://github.com/DanAnt123/react-bank.git:master
2025-08-06 15:43:22,302 - Knowledge - INFO - worker kw15 pull /app/data/T0015/29462/b6613se/react-bank/web/src/tools/index.ts from ingest queue
2025-08-06 15:43:22,303 - Knowledge - INFO - worker kw16 pull /app/data/T0015/29462/b6613se/react-bank/web/src/containers/Profile/ChangeDetails/index.tsx from ingest queue
2025-08-06 15:43:22,303 - Knowledge - INFO - worker kw22 pull /app/data/T0015/29462/b6613se/react-bank/web/src/tools/getUserInitialData.ts from ingest queue
2025-08-06 15:43:22,526 - Knowledge - INFO - Thread kw5 - File index.tsx - Remaining files in queue: 44
2025-08-06 15:43:22,641 - Knowledge - INFO - Found code_base: <app.utils.kg_build.knowledge.KnowledgeCodeBase object at 0x7fa3f4c2df50>
2025-08-06 15:43:22,742 - Knowledge - INFO - Found code_base: <app.utils.kg_build.knowledge.KnowledgeCodeBase object at 0x7fa3f4c2df50>
2025-08-06 15:43:22,854 - Knowledge - INFO - Thread kw24 - File index.tsx - Remaining files in queue: 44
2025-08-06 15:43:22,978 - Knowledge - INFO - Found code_base: <app.utils.kg_build.knowledge.KnowledgeCodeBase object at 0x7fa3f4c2df50>
2025-08-06 15:43:23,113 - Knowledge - INFO - Thread kw15 - File index.ts - Remaining files in queue: 44
2025-08-06 15:43:23,237 - Knowledge - INFO - Thread kw16 - File index.tsx - Remaining files in queue: 44
2025-08-06 15:43:23,359 - Knowledge - INFO - Thread kw22 - File getUserInitialData.ts - Remaining files in queue: 44
2025-08-06 15:43:23,368 - Knowledge - INFO - persist search terms embedding for web/src/components/Cards/PINChange/Form.tsx
2025-08-06 15:43:23,492 - Knowledge - INFO - start ingest for /app/data/T0015/29462/b6613se/react-bank/web/src/containers/Cards/index.tsx
2025-08-06 15:43:23,577 - Knowledge - INFO - persist ingested knowledge for /app/data/T0015/29462/b6613se/react-bank/web/src/components/Widgets/Charts/IncomeChart/index.tsx
2025-08-06 15:43:23,775 - Knowledge - INFO - persist ingested knowledge for /app/data/T0015/29462/b6613se/react-bank/web/src/containers/Transfers/index.tsx
2025-08-06 15:43:23,881 - Knowledge - INFO - start ingest for /app/data/T0015/29462/b6613se/react-bank/web/src/containers/CurrencyStats/index.tsx
2025-08-06 15:43:23,997 - Knowledge - INFO - persist ingested knowledge for /app/data/T0015/29462/b6613se/react-bank/web/src/components/Widgets/SingleMessage/index.tsx
2025-08-06 15:43:24,142 - Knowledge - INFO - start ingest for /app/data/T0015/29462/b6613se/react-bank/web/src/tools/index.ts
2025-08-06 15:43:24,223 - Knowledge - INFO - start ingest for /app/data/T0015/29462/b6613se/react-bank/web/src/containers/Profile/ChangeDetails/index.tsx
2025-08-06 15:43:24,332 - Knowledge - INFO - done ingest for /app/data/T0015/29462/b6613se/react-bank/web/src/containers/Navigation/index.tsx
2025-08-06 15:43:24,403 - Knowledge - INFO - start ingest for /app/data/T0015/29462/b6613se/react-bank/web/src/tools/getUserInitialData.ts
2025-08-06 15:43:24,478 - Knowledge - INFO - done ingest for /app/data/T0015/29462/b6613se/react-bank/web/src/containers/Profile/index.tsx
2025-08-06 15:43:24,499 - Knowledge - INFO - done ingest for /app/data/T0015/29462/b6613se/react-bank/web/src/containers/CurrencyStats/api-request.ts
2025-08-06 15:43:24,508 - Knowledge - INFO - Found code-base-name: https://github.com/DanAnt123/react-bank.git:master
2025-08-06 15:43:24,613 - Knowledge - INFO - Found code-base-name: https://github.com/DanAnt123/react-bank.git:master
2025-08-06 15:43:24,614 - Knowledge - INFO - worker kw21 pull /app/data/T0015/29462/b6613se/react-bank/web/src/actions/cards.ts from ingest queue
2025-08-06 15:43:24,614 - Knowledge - INFO - worker kw11 pull /app/data/T0015/29462/b6613se/react-bank/web/src/containers/Home/index.tsx from ingest queue
2025-08-06 15:43:24,614 - Knowledge - INFO - worker kw12 pull /app/data/T0015/29462/b6613se/react-bank/web/src/tools/validations/YupCustomValidations.ts from ingest queue
2025-08-06 15:43:24,614 - Knowledge - INFO - worker kw9 pull /app/data/T0015/29462/b6613se/react-bank/web/src/actions/profile.ts from ingest queue
2025-08-06 15:43:24,614 - Knowledge - INFO - Found code-base-name: https://github.com/DanAnt123/react-bank.git:master
2025-08-06 15:43:24,615 - Knowledge - INFO - worker kw14 pull /app/data/T0015/29462/b6613se/react-bank/web/src/actions/index.ts from ingest queue
2025-08-06 15:43:24,615 - Knowledge - INFO - worker kw17 pull /app/data/T0015/29462/b6613se/react-bank/web/src/actions/accounts.ts from ingest queue
2025-08-06 15:43:24,615 - Knowledge - INFO - Found code-base-name: https://github.com/DanAnt123/react-bank.git:master
2025-08-06 15:43:24,615 - Knowledge - INFO - Found code-base-name: https://github.com/DanAnt123/react-bank.git:master
2025-08-06 15:43:24,615 - Knowledge - INFO - Found code-base-name: https://github.com/DanAnt123/react-bank.git:master
2025-08-06 15:43:25,032 - Knowledge - INFO - done ingest for /app/data/T0015/29462/b6613se/react-bank/web/src/containers/Profile/ChangeDetails/Form.tsx
2025-08-06 15:43:25,032 - Knowledge - INFO - persist search terms embedding for web/src/components/Widgets/IncomeStats/index.tsx
2025-08-06 15:43:25,292 - Knowledge - INFO - process ingested knowledge for /app/data/T0015/29462/b6613se/react-bank/web/src/containers/Navigation/index.tsx
2025-08-06 15:43:25,475 - Knowledge - INFO - process ingested knowledge for /app/data/T0015/29462/b6613se/react-bank/web/src/containers/Profile/index.tsx
2025-08-06 15:43:25,552 - Knowledge - INFO - process ingested knowledge for /app/data/T0015/29462/b6613se/react-bank/web/src/containers/CurrencyStats/api-request.ts
2025-08-06 15:43:25,619 - Knowledge - INFO - Found code_base: <app.utils.kg_build.knowledge.KnowledgeCodeBase object at 0x7fa3f4c2df50>
2025-08-06 15:43:25,694 - Knowledge - INFO - Found code_base: <app.utils.kg_build.knowledge.KnowledgeCodeBase object at 0x7fa3f4c2df50>
2025-08-06 15:43:25,802 - Knowledge - INFO - Thread kw21 - File cards.ts - Remaining files in queue: 38
2025-08-06 15:43:25,906 - Knowledge - INFO - Thread kw11 - File index.tsx - Remaining files in queue: 38
2025-08-06 15:43:25,998 - Knowledge - INFO - Thread kw12 - File YupCustomValidations.ts - Remaining files in queue: 38
2025-08-06 15:43:26,093 - Knowledge - INFO - Thread kw9 - File profile.ts - Remaining files in queue: 38
2025-08-06 15:43:26,214 - Knowledge - INFO - Found code_base: <app.utils.kg_build.knowledge.KnowledgeCodeBase object at 0x7fa3f4c2df50>
2025-08-06 15:43:26,338 - Knowledge - INFO - Thread kw14 - File index.ts - Remaining files in queue: 38
2025-08-06 15:43:26,410 - Knowledge - INFO - Thread kw17 - File accounts.ts - Remaining files in queue: 38
2025-08-06 15:43:26,506 - Knowledge - INFO - Found code_base: <app.utils.kg_build.knowledge.KnowledgeCodeBase object at 0x7fa3f4c2df50>
2025-08-06 15:43:26,591 - Knowledge - INFO - Found code_base: <app.utils.kg_build.knowledge.KnowledgeCodeBase object at 0x7fa3f4c2df50>
2025-08-06 15:43:26,678 - Knowledge - INFO - Found code_base: <app.utils.kg_build.knowledge.KnowledgeCodeBase object at 0x7fa3f4c2df50>
2025-08-06 15:43:26,803 - Knowledge - INFO - process ingested knowledge for /app/data/T0015/29462/b6613se/react-bank/web/src/containers/Profile/ChangeDetails/Form.tsx
2025-08-06 15:43:27,232 - Knowledge - INFO - persist ingested knowledge for /app/data/T0015/29462/b6613se/react-bank/web/src/containers/Auth/Register/index.tsx
2025-08-06 15:43:27,254 - Knowledge - INFO - persist search terms embedding for web/src/components/Widgets/Charts/IncomeChart/index.tsx
2025-08-06 15:43:27,315 - Knowledge - INFO - persist ingested knowledge for /app/data/T0015/29462/b6613se/react-bank/web/src/containers/Auth/Login/index.tsx
2025-08-06 15:43:27,422 - Knowledge - INFO - start ingest for /app/data/T0015/29462/b6613se/react-bank/web/src/actions/cards.ts
2025-08-06 15:43:27,508 - Knowledge - INFO - start ingest for /app/data/T0015/29462/b6613se/react-bank/web/src/containers/Home/index.tsx
2025-08-06 15:43:27,594 - Knowledge - INFO - start ingest for /app/data/T0015/29462/b6613se/react-bank/web/src/tools/validations/YupCustomValidations.ts
2025-08-06 15:43:27,668 - Knowledge - INFO - start ingest for /app/data/T0015/29462/b6613se/react-bank/web/src/actions/profile.ts
2025-08-06 15:43:27,741 - Knowledge - INFO - persist ingested knowledge for /app/data/T0015/29462/b6613se/react-bank/web/src/containers/Panel/index.tsx
2025-08-06 15:43:27,820 - Knowledge - INFO - start ingest for /app/data/T0015/29462/b6613se/react-bank/web/src/actions/index.ts
2025-08-06 15:43:27,897 - Knowledge - INFO - start ingest for /app/data/T0015/29462/b6613se/react-bank/web/src/actions/accounts.ts
2025-08-06 15:43:27,966 - Knowledge - INFO - persist ingested knowledge for /app/data/T0015/29462/b6613se/react-bank/web/src/containers/Messages/index.tsx
2025-08-06 15:43:28,081 - Knowledge - INFO - persist ingested knowledge for /app/data/T0015/29462/b6613se/react-bank/web/src/containers/CurrencyStats/style.scss
2025-08-06 15:43:28,157 - Knowledge - INFO - persist ingested knowledge for /app/data/T0015/29462/b6613se/react-bank/web/src/containers/Accounts/index.tsx
2025-08-06 15:43:28,708 - Knowledge - INFO - persist search terms embedding for web/src/containers/Transfers/index.tsx
2025-08-06 15:43:28,756 - Knowledge - INFO - Fast-track processing for simple file: /app/data/T0015/29462/b6613se/react-bank/web/src/tools/validations/YupCustomValidations.ts
2025-08-06 15:43:29,582 - Knowledge - INFO - done fast ingest for /app/data/T0015/29462/b6613se/react-bank/web/src/tools/validations/YupCustomValidations.ts
2025-08-06 15:43:29,697 - Knowledge - INFO - process ingested knowledge for /app/data/T0015/29462/b6613se/react-bank/web/src/tools/validations/YupCustomValidations.ts
2025-08-06 15:43:30,050 - Knowledge - INFO - persist search terms embedding for web/src/components/Widgets/SingleMessage/index.tsx
2025-08-06 15:43:30,148 - Knowledge - INFO - worker kw7 pull /app/data/T0015/29462/b6613se/react-bank/web/src/containers/Home/style.scss from ingest queue
2025-08-06 15:43:30,159 - Knowledge - INFO - Found code-base-name: https://github.com/DanAnt123/react-bank.git:master
2025-08-06 15:43:30,164 - Knowledge - INFO - Found code-base-name: https://github.com/DanAnt123/react-bank.git:master
2025-08-06 15:43:30,419 - Knowledge - INFO - Found code_base: <app.utils.kg_build.knowledge.KnowledgeCodeBase object at 0x7fa3f4c2df50>
2025-08-06 15:43:30,230 - Knowledge - INFO - Thread kw7 - File style.scss - Remaining files in queue: 37
2025-08-06 15:43:30,595 - Knowledge - INFO - start ingest for /app/data/T0015/29462/b6613se/react-bank/web/src/containers/Home/style.scss
2025-08-06 15:43:30,166 - Knowledge - INFO - Found code-base-name: https://github.com/DanAnt123/react-bank.git:master
2025-08-06 15:43:30,512 - Knowledge - INFO - persist ingested knowledge for /app/data/T0015/29462/b6613se/react-bank/web/src/containers/CurrencyStats/api-request.ts
2025-08-06 15:43:30,343 - Knowledge - INFO - Found code_base: <app.utils.kg_build.knowledge.KnowledgeCodeBase object at 0x7fa3f4c2df50>
2025-08-06 15:43:30,701 - Knowledge - INFO - Fast-track processing for simple file: /app/data/T0015/29462/b6613se/react-bank/web/src/containers/Home/style.scss
2025-08-06 15:43:30,780 - Knowledge - INFO - Found code_base: <app.utils.kg_build.knowledge.KnowledgeCodeBase object at 0x7fa3f4c2df50>
2025-08-06 15:43:30,973 - Knowledge - INFO - persist ingested knowledge for /app/data/T0015/29462/b6613se/react-bank/web/src/containers/Profile/index.tsx
2025-08-06 15:43:31,011 - Knowledge - INFO - persist search terms embedding for web/src/containers/Auth/Register/index.tsx
2025-08-06 15:43:31,079 - Knowledge - INFO - done fast ingest for /app/data/T0015/29462/b6613se/react-bank/web/src/containers/Home/style.scss
2025-08-06 15:43:31,177 - Knowledge - INFO - persist ingested knowledge for /app/data/T0015/29462/b6613se/react-bank/web/src/containers/Profile/ChangeDetails/Form.tsx
2025-08-06 15:43:31,374 - Knowledge - INFO - worker kw25 pull /app/data/T0015/29462/b6613se/react-bank/web/src/actions/messages.ts from ingest queue
2025-08-06 15:43:31,512 - Knowledge - INFO - process ingested knowledge for /app/data/T0015/29462/b6613se/react-bank/web/src/containers/Home/style.scss
2025-08-06 15:43:31,572 - Knowledge - INFO - done ingest for /app/data/T0015/29462/b6613se/react-bank/web/src/containers/Cards/index.tsx
2025-08-06 15:43:31,955 - Knowledge - INFO - Thread kw25 - File messages.ts - Remaining files in queue: 36
2025-08-06 15:43:32,071 - Knowledge - INFO - persist search terms embedding for web/src/containers/Auth/Login/index.tsx
2025-08-06 15:43:32,210 - Knowledge - INFO - process ingested knowledge for /app/data/T0015/29462/b6613se/react-bank/web/src/containers/Cards/index.tsx
2025-08-06 15:43:32,270 - Knowledge - INFO - start ingest for /app/data/T0015/29462/b6613se/react-bank/web/src/actions/messages.ts
2025-08-06 15:43:32,950 - Knowledge - INFO - persist search terms embedding for web/src/containers/Messages/index.tsx
2025-08-06 15:43:33,048 - Knowledge - INFO - done ingest for /app/data/T0015/29462/b6613se/react-bank/web/src/containers/Profile/ChangeDetails/index.tsx
2025-08-06 15:43:33,408 - Knowledge - INFO - process ingested knowledge for /app/data/T0015/29462/b6613se/react-bank/web/src/containers/Profile/ChangeDetails/index.tsx
2025-08-06 15:43:34,011 - Knowledge - INFO - persist search terms embedding for web/src/containers/Accounts/index.tsx
2025-08-06 15:43:34,150 - Knowledge - INFO - worker kw4 pull /app/data/T0015/29462/b6613se/react-bank/web/src/actions/actionTypes.ts from ingest queue
2025-08-06 15:43:34,167 - Knowledge - INFO - Found code-base-name: https://github.com/DanAnt123/react-bank.git:master
2025-08-06 15:43:34,175 - Knowledge - INFO - worker kw6 pull /app/data/T0015/29462/b6613se/react-bank/web/src/index.tsx from ingest queue
2025-08-06 15:43:34,239 - Knowledge - INFO - done ingest for /app/data/T0015/29462/b6613se/react-bank/web/src/containers/CurrencyStats/index.tsx
2025-08-06 15:43:34,243 - Knowledge - INFO - Thread kw4 - File actionTypes.ts - Remaining files in queue: 34
2025-08-06 15:43:34,350 - Knowledge - INFO - Found code_base: <app.utils.kg_build.knowledge.KnowledgeCodeBase object at 0x7fa3f4c2df50>
2025-08-06 15:43:34,458 - Knowledge - INFO - Thread kw6 - File index.tsx - Remaining files in queue: 34
2025-08-06 15:43:34,812 - Knowledge - INFO - start ingest for /app/data/T0015/29462/b6613se/react-bank/web/src/actions/actionTypes.ts
2025-08-06 15:43:34,824 - Knowledge - INFO - process ingested knowledge for /app/data/T0015/29462/b6613se/react-bank/web/src/containers/CurrencyStats/index.tsx
2025-08-06 15:43:34,860 - Knowledge - INFO - done ingest for /app/data/T0015/29462/b6613se/react-bank/web/src/tools/getUserInitialData.ts
2025-08-06 15:43:34,908 - Knowledge - INFO - persist ingested knowledge for /app/data/T0015/29462/b6613se/react-bank/web/src/containers/Navigation/index.tsx
2025-08-06 15:43:34,937 - Knowledge - INFO - done ingest for /app/data/T0015/29462/b6613se/react-bank/web/src/tools/index.ts
2025-08-06 15:43:35,024 - Knowledge - INFO - persist search terms embedding for web/src/containers/CurrencyStats/api-request.ts
2025-08-06 15:43:35,031 - Knowledge - INFO - start ingest for /app/data/T0015/29462/b6613se/react-bank/web/src/index.tsx
2025-08-06 15:43:35,369 - Knowledge - INFO - process ingested knowledge for /app/data/T0015/29462/b6613se/react-bank/web/src/tools/getUserInitialData.ts
2025-08-06 15:43:35,580 - Knowledge - INFO - process ingested knowledge for /app/data/T0015/29462/b6613se/react-bank/web/src/tools/index.ts
2025-08-06 15:43:35,624 - Knowledge - INFO - worker kw3 pull /app/data/T0015/29462/b6613se/react-bank/web/src/actions/panel.ts from ingest queue
2025-08-06 15:43:36,051 - Knowledge - INFO - Thread kw3 - File panel.ts - Remaining files in queue: 33
2025-08-06 15:43:36,111 - Knowledge - INFO - persist search terms embedding for web/src/containers/Panel/index.tsx
2025-08-06 15:43:36,149 - Knowledge - INFO - start ingest for /app/data/T0015/29462/b6613se/react-bank/web/src/actions/panel.ts
2025-08-06 15:43:36,292 - Knowledge - INFO - Found code-base-name: https://github.com/DanAnt123/react-bank.git:master
2025-08-06 15:43:36,302 - Knowledge - INFO - worker kw20 pull /app/data/T0015/29462/b6613se/react-bank/web/src/@types/card.model.ts from ingest queue
2025-08-06 15:43:36,670 - Knowledge - INFO - Thread kw20 - File card.model.ts - Remaining files in queue: 30
2025-08-06 15:43:36,310 - Knowledge - INFO - worker kw19 pull /app/data/T0015/29462/b6613se/react-bank/web/src/@types/account.model.ts from ingest queue
2025-08-06 15:43:36,312 - Knowledge - INFO - Found code-base-name: https://github.com/DanAnt123/react-bank.git:master
2025-08-06 15:43:36,330 - Knowledge - INFO - worker kw18 pull /app/data/T0015/29462/b6613se/react-bank/web/src/@types/transfer.model.ts from ingest queue
2025-08-06 15:43:36,549 - Knowledge - INFO - Found code_base: <app.utils.kg_build.knowledge.KnowledgeCodeBase object at 0x7fa3f4c2df50>
2025-08-06 15:43:36,304 - Knowledge - INFO - Found code-base-name: https://github.com/DanAnt123/react-bank.git:master
2025-08-06 15:43:36,789 - Knowledge - INFO - start ingest for /app/data/T0015/29462/b6613se/react-bank/web/src/@types/card.model.ts
2025-08-06 15:43:36,900 - Knowledge - INFO - Thread kw19 - File account.model.ts - Remaining files in queue: 30
2025-08-06 15:43:36,990 - Knowledge - INFO - persist search terms embedding for web/src/containers/Profile/index.tsx
2025-08-06 15:43:36,998 - Knowledge - INFO - Found code_base: <app.utils.kg_build.knowledge.KnowledgeCodeBase object at 0x7fa3f4c2df50>
2025-08-06 15:43:37,185 - Knowledge - INFO - Thread kw18 - File transfer.model.ts - Remaining files in queue: 30
2025-08-06 15:43:37,427 - Knowledge - INFO - persist ingested knowledge for /app/data/T0015/29462/b6613se/react-bank/web/src/containers/Home/style.scss
2025-08-06 15:43:37,605 - Knowledge - INFO - done ingest for /app/data/T0015/29462/b6613se/react-bank/web/src/containers/Home/index.tsx
2025-08-06 15:43:37,624 - Knowledge - INFO - Found code_base: <app.utils.kg_build.knowledge.KnowledgeCodeBase object at 0x7fa3f4c2df50>
2025-08-06 15:43:37,827 - Knowledge - INFO - Fast-track processing for simple file: /app/data/T0015/29462/b6613se/react-bank/web/src/@types/card.model.ts
2025-08-06 15:43:37,952 - Knowledge - INFO - start ingest for /app/data/T0015/29462/b6613se/react-bank/web/src/@types/account.model.ts
2025-08-06 15:43:38,293 - Knowledge - INFO - persist ingested knowledge for /app/data/T0015/29462/b6613se/react-bank/web/src/containers/Profile/ChangeDetails/index.tsx
2025-08-06 15:43:38,382 - Knowledge - INFO - start ingest for /app/data/T0015/29462/b6613se/react-bank/web/src/@types/transfer.model.ts
2025-08-06 15:43:38,491 - Knowledge - INFO - done ingest for /app/data/T0015/29462/b6613se/react-bank/web/src/actions/accounts.ts
2025-08-06 15:43:38,629 - Knowledge - INFO - process ingested knowledge for /app/data/T0015/29462/b6613se/react-bank/web/src/containers/Home/index.tsx
2025-08-06 15:43:38,722 - Knowledge - INFO - persist ingested knowledge for /app/data/T0015/29462/b6613se/react-bank/web/src/containers/Cards/index.tsx
2025-08-06 15:43:38,868 - Knowledge - INFO - done fast ingest for /app/data/T0015/29462/b6613se/react-bank/web/src/@types/card.model.ts
2025-08-06 15:43:38,982 - Knowledge - INFO - persist search terms embedding for web/src/containers/Navigation/index.tsx
2025-08-06 15:43:39,092 - Knowledge - INFO - Fast-track processing for simple file: /app/data/T0015/29462/b6613se/react-bank/web/src/@types/account.model.ts
2025-08-06 15:43:39,283 - Knowledge - INFO - Fast-track processing for simple file: /app/data/T0015/29462/b6613se/react-bank/web/src/@types/transfer.model.ts
2025-08-06 15:43:39,428 - Knowledge - INFO - process ingested knowledge for /app/data/T0015/29462/b6613se/react-bank/web/src/actions/accounts.ts
2025-08-06 15:43:40,077 - Knowledge - INFO - process ingested knowledge for /app/data/T0015/29462/b6613se/react-bank/web/src/@types/card.model.ts
2025-08-06 15:43:40,153 - Knowledge - INFO - done fast ingest for /app/data/T0015/29462/b6613se/react-bank/web/src/@types/account.model.ts
2025-08-06 15:43:40,201 - Knowledge - INFO - done ingest for /app/data/T0015/29462/b6613se/react-bank/web/src/actions/cards.ts
2025-08-06 15:43:40,316 - Knowledge - INFO - done fast ingest for /app/data/T0015/29462/b6613se/react-bank/web/src/@types/transfer.model.ts
2025-08-06 15:43:40,543 - Knowledge - INFO - done ingest for /app/data/T0015/29462/b6613se/react-bank/web/src/actions/index.ts
2025-08-06 15:43:40,694 - Knowledge - INFO - process ingested knowledge for /app/data/T0015/29462/b6613se/react-bank/web/src/@types/account.model.ts
2025-08-06 15:43:40,791 - Knowledge - INFO - process ingested knowledge for /app/data/T0015/29462/b6613se/react-bank/web/src/actions/cards.ts
2025-08-06 15:43:40,820 - Knowledge - INFO - persist search terms embedding for web/src/containers/Profile/ChangeDetails/Form.tsx
2025-08-06 15:43:40,998 - Knowledge - INFO - process ingested knowledge for /app/data/T0015/29462/b6613se/react-bank/web/src/@types/transfer.model.ts
2025-08-06 15:43:41,202 - Knowledge - INFO - process ingested knowledge for /app/data/T0015/29462/b6613se/react-bank/web/src/actions/index.ts
2025-08-06 15:43:41,412 - Knowledge - INFO - worker kw1 pull /app/data/T0015/29462/b6613se/react-bank/web/src/actions/transfers.ts from ingest queue
2025-08-06 15:43:41,419 - Knowledge - INFO - Found code-base-name: https://github.com/DanAnt123/react-bank.git:master
2025-08-06 15:43:41,435 - Knowledge - INFO - worker kw23 pull /app/data/T0015/29462/b6613se/react-bank/web/src/@types/message.model.ts from ingest queue
2025-08-06 15:43:41,459 - Knowledge - INFO - Found code-base-name: https://github.com/DanAnt123/react-bank.git:master
2025-08-06 15:43:41,509 - Knowledge - INFO - Found code-base-name: https://github.com/DanAnt123/react-bank.git:master
2025-08-06 15:43:41,514 - Knowledge - INFO - worker kw8 pull /app/data/T0015/29462/b6613se/react-bank/web/src/@types/stat.model.ts from ingest queue
2025-08-06 15:43:41,841 - Knowledge - INFO - done ingest for /app/data/T0015/29462/b6613se/react-bank/web/src/actions/profile.ts
2025-08-06 15:43:41,898 - Knowledge - INFO - Thread kw1 - File transfers.ts - Remaining files in queue: 27
2025-08-06 15:43:42,017 - Knowledge - INFO - Found code-base-name: https://github.com/DanAnt123/react-bank.git:master
2025-08-06 15:43:42,026 - Knowledge - INFO - Found code_base: <app.utils.kg_build.knowledge.KnowledgeCodeBase object at 0x7fa3f4c2df50>
2025-08-06 15:43:42,180 - Knowledge - INFO - Thread kw23 - File message.model.ts - Remaining files in queue: 27
2025-08-06 15:43:42,286 - Knowledge - INFO - Found code_base: <app.utils.kg_build.knowledge.KnowledgeCodeBase object at 0x7fa3f4c2df50>
2025-08-06 15:43:42,383 - Knowledge - INFO - Found code_base: <app.utils.kg_build.knowledge.KnowledgeCodeBase object at 0x7fa3f4c2df50>
2025-08-06 15:43:42,492 - Knowledge - INFO - persist search terms embedding for web/src/containers/Cards/index.tsx
2025-08-06 15:43:42,510 - Knowledge - INFO - Thread kw8 - File stat.model.ts - Remaining files in queue: 27
2025-08-06 15:43:42,602 - Knowledge - INFO - process ingested knowledge for /app/data/T0015/29462/b6613se/react-bank/web/src/actions/profile.ts
2025-08-06 15:43:42,719 - Knowledge - INFO - start ingest for /app/data/T0015/29462/b6613se/react-bank/web/src/actions/transfers.ts
2025-08-06 15:43:42,829 - Knowledge - INFO - Found code_base: <app.utils.kg_build.knowledge.KnowledgeCodeBase object at 0x7fa3f4c2df50>
2025-08-06 15:43:42,847 - Knowledge - INFO - done ingest for /app/data/T0015/29462/b6613se/react-bank/web/src/actions/messages.ts
2025-08-06 15:43:42,933 - Knowledge - INFO - persist ingested knowledge for /app/data/T0015/29462/b6613se/react-bank/web/src/tools/getUserInitialData.ts
2025-08-06 15:43:43,056 - Knowledge - INFO - start ingest for /app/data/T0015/29462/b6613se/react-bank/web/src/@types/message.model.ts
2025-08-06 15:43:43,189 - Knowledge - INFO - persist ingested knowledge for /app/data/T0015/29462/b6613se/react-bank/web/src/tools/validations/YupCustomValidations.ts
2025-08-06 15:43:43,310 - Knowledge - INFO - persist ingested knowledge for /app/data/T0015/29462/b6613se/react-bank/web/src/containers/CurrencyStats/index.tsx
2025-08-06 15:43:43,446 - Knowledge - INFO - worker kw2 pull /app/data/T0015/29462/b6613se/react-bank/web/src/actions/auth.ts from ingest queue
2025-08-06 15:43:43,454 - Knowledge - INFO - Found code-base-name: https://github.com/DanAnt123/react-bank.git:master
2025-08-06 15:43:43,468 - Knowledge - INFO - Found code-base-name: https://github.com/DanAnt123/react-bank.git:master
2025-08-06 15:43:43,477 - Knowledge - INFO - Found code-base-name: https://github.com/DanAnt123/react-bank.git:master
2025-08-06 15:43:43,489 - Knowledge - INFO - Found code-base-name: https://github.com/DanAnt123/react-bank.git:master
2025-08-06 15:43:43,492 - Knowledge - INFO - worker kw13 pull /app/data/T0015/29462/b6613se/react-bank/web/src/reducers/cards.ts from ingest queue
2025-08-06 15:43:43,493 - Knowledge - INFO - worker kw10 pull /app/data/T0015/29462/b6613se/react-bank/web/src/reducers/accounts.ts from ingest queue
2025-08-06 15:43:43,496 - Knowledge - INFO - Found code-base-name: https://github.com/DanAnt123/react-bank.git:master
2025-08-06 15:43:43,504 - Knowledge - INFO - worker kw7 pull /app/data/T0015/29462/b6613se/react-bank/web/src/reducers/transfers.ts from ingest queue
2025-08-06 15:43:43,511 - Knowledge - INFO - worker kw5 pull /app/data/T0015/29462/b6613se/react-bank/web/src/@types/index.ts from ingest queue
2025-08-06 15:43:43,517 - Knowledge - INFO - Found code-base-name: https://github.com/DanAnt123/react-bank.git:master
2025-08-06 15:43:43,526 - Knowledge - INFO - Found code-base-name: https://github.com/DanAnt123/react-bank.git:master
2025-08-06 15:43:43,554 - Knowledge - INFO - start ingest for /app/data/T0015/29462/b6613se/react-bank/web/src/@types/stat.model.ts
2025-08-06 15:43:43,742 - Knowledge - INFO - done ingest for /app/data/T0015/29462/b6613se/react-bank/web/src/actions/actionTypes.ts
2025-08-06 15:43:43,887 - Knowledge - INFO - persist ingested knowledge for /app/data/T0015/29462/b6613se/react-bank/web/src/containers/Home/index.tsx
2025-08-06 15:43:44,033 - Knowledge - INFO - process ingested knowledge for /app/data/T0015/29462/b6613se/react-bank/web/src/actions/messages.ts
2025-08-06 15:43:44,185 - Knowledge - INFO - Fast-track processing for simple file: /app/data/T0015/29462/b6613se/react-bank/web/src/@types/message.model.ts
2025-08-06 15:43:44,319 - Knowledge - INFO - done ingest for /app/data/T0015/29462/b6613se/react-bank/web/src/index.tsx
2025-08-06 15:43:44,362 - Knowledge - INFO - persist search terms embedding for web/src/containers/Profile/ChangeDetails/index.tsx
2025-08-06 15:43:44,625 - Knowledge - INFO - done ingest for /app/data/T0015/29462/b6613se/react-bank/web/src/actions/panel.ts
2025-08-06 15:43:44,668 - Knowledge - INFO - Thread kw2 - File auth.ts - Remaining files in queue: 22
2025-08-06 15:43:44,761 - Knowledge - INFO - Found code_base: <app.utils.kg_build.knowledge.KnowledgeCodeBase object at 0x7fa3f4c2df50>
2025-08-06 15:43:44,858 - Knowledge - INFO - Found code_base: <app.utils.kg_build.knowledge.KnowledgeCodeBase object at 0x7fa3f4c2df50>
2025-08-06 15:43:44,979 - Knowledge - INFO - Found code_base: <app.utils.kg_build.knowledge.KnowledgeCodeBase object at 0x7fa3f4c2df50>
2025-08-06 15:43:45,081 - Knowledge - INFO - Found code_base: <app.utils.kg_build.knowledge.KnowledgeCodeBase object at 0x7fa3f4c2df50>
2025-08-06 15:43:45,181 - Knowledge - INFO - Thread kw13 - File cards.ts - Remaining files in queue: 22
2025-08-06 15:43:45,292 - Knowledge - INFO - Thread kw10 - File accounts.ts - Remaining files in queue: 22
2025-08-06 15:43:45,377 - Knowledge - INFO - Found code_base: <app.utils.kg_build.knowledge.KnowledgeCodeBase object at 0x7fa3f4c2df50>
2025-08-06 15:43:45,446 - Knowledge - INFO - Thread kw7 - File transfers.ts - Remaining files in queue: 22
2025-08-06 15:43:45,548 - Knowledge - INFO - Thread kw5 - File index.ts - Remaining files in queue: 22
2025-08-06 15:43:45,662 - Knowledge - INFO - Found code_base: <app.utils.kg_build.knowledge.KnowledgeCodeBase object at 0x7fa3f4c2df50>
2025-08-06 15:43:45,740 - Knowledge - INFO - Found code_base: <app.utils.kg_build.knowledge.KnowledgeCodeBase object at 0x7fa3f4c2df50>
2025-08-06 15:43:45,847 - Knowledge - INFO - Fast-track processing for simple file: /app/data/T0015/29462/b6613se/react-bank/web/src/@types/stat.model.ts
2025-08-06 15:43:45,954 - Knowledge - INFO - process ingested knowledge for /app/data/T0015/29462/b6613se/react-bank/web/src/actions/actionTypes.ts
2025-08-06 15:43:46,212 - Knowledge - INFO - done fast ingest for /app/data/T0015/29462/b6613se/react-bank/web/src/@types/message.model.ts
2025-08-06 15:43:46,314 - Knowledge - INFO - process ingested knowledge for /app/data/T0015/29462/b6613se/react-bank/web/src/index.tsx
2025-08-06 15:43:46,378 - Knowledge - INFO - Found code-base-name: https://github.com/DanAnt123/react-bank.git:master
2025-08-06 15:43:46,482 - Knowledge - INFO - process ingested knowledge for /app/data/T0015/29462/b6613se/react-bank/web/src/actions/panel.ts
2025-08-06 15:43:46,539 - Knowledge - INFO - start ingest for /app/data/T0015/29462/b6613se/react-bank/web/src/actions/auth.ts
2025-08-06 15:43:46,649 - Knowledge - INFO - persist ingested knowledge for /app/data/T0015/29462/b6613se/react-bank/web/src/actions/accounts.ts
2025-08-06 15:43:46,750 - Knowledge - INFO - persist ingested knowledge for /app/data/T0015/29462/b6613se/react-bank/web/src/@types/account.model.ts
2025-08-06 15:43:46,794 - Knowledge - INFO - persist search terms embedding for web/src/tools/getUserInitialData.ts
2025-08-06 15:43:46,871 - Knowledge - INFO - persist ingested knowledge for /app/data/T0015/29462/b6613se/react-bank/web/src/actions/cards.ts
2025-08-06 15:43:46,970 - Knowledge - INFO - persist ingested knowledge for /app/data/T0015/29462/b6613se/react-bank/web/src/tools/index.ts
2025-08-06 15:43:47,042 - Knowledge - INFO - start ingest for /app/data/T0015/29462/b6613se/react-bank/web/src/reducers/cards.ts
2025-08-06 15:43:47,109 - Knowledge - INFO - start ingest for /app/data/T0015/29462/b6613se/react-bank/web/src/reducers/accounts.ts
2025-08-06 15:43:47,228 - Knowledge - INFO - persist ingested knowledge for /app/data/T0015/29462/b6613se/react-bank/web/src/@types/transfer.model.ts
2025-08-06 15:43:47,316 - Knowledge - INFO - start ingest for /app/data/T0015/29462/b6613se/react-bank/web/src/reducers/transfers.ts
2025-08-06 15:43:47,399 - Knowledge - INFO - start ingest for /app/data/T0015/29462/b6613se/react-bank/web/src/@types/index.ts
2025-08-06 15:43:47,480 - Knowledge - INFO - persist ingested knowledge for /app/data/T0015/29462/b6613se/react-bank/web/src/actions/index.ts
2025-08-06 15:43:47,589 - Knowledge - INFO - persist ingested knowledge for /app/data/T0015/29462/b6613se/react-bank/web/src/@types/card.model.ts
2025-08-06 15:43:47,703 - Knowledge - INFO - done fast ingest for /app/data/T0015/29462/b6613se/react-bank/web/src/@types/stat.model.ts
2025-08-06 15:43:47,897 - Knowledge - INFO - process ingested knowledge for /app/data/T0015/29462/b6613se/react-bank/web/src/@types/message.model.ts
2025-08-06 15:43:48,069 - Knowledge - INFO - Found code_base: <app.utils.kg_build.knowledge.KnowledgeCodeBase object at 0x7fa3f4c2df50>
2025-08-06 15:43:48,579 - Knowledge - INFO - done ingest for /app/data/T0015/29462/b6613se/react-bank/web/src/actions/transfers.ts
2025-08-06 15:43:49,021 - Knowledge - INFO - persist search terms embedding for web/src/containers/CurrencyStats/index.tsx
2025-08-06 15:43:49,155 - Knowledge - INFO - Fast-track processing for simple file: /app/data/T0015/29462/b6613se/react-bank/web/src/@types/index.ts
2025-08-06 15:43:49,480 - Knowledge - INFO - process ingested knowledge for /app/data/T0015/29462/b6613se/react-bank/web/src/@types/stat.model.ts
2025-08-06 15:43:49,645 - Knowledge - INFO - persist ingested knowledge for /app/data/T0015/29462/b6613se/react-bank/web/src/actions/profile.ts
2025-08-06 15:43:49,738 - Knowledge - INFO - process ingested knowledge for /app/data/T0015/29462/b6613se/react-bank/web/src/actions/transfers.ts
2025-08-06 15:43:49,854 - Knowledge - INFO - done fast ingest for /app/data/T0015/29462/b6613se/react-bank/web/src/@types/index.ts
2025-08-06 15:43:50,186 - Knowledge - INFO - persist search terms embedding for web/src/containers/Home/index.tsx
2025-08-06 15:43:50,298 - Knowledge - INFO - process ingested knowledge for /app/data/T0015/29462/b6613se/react-bank/web/src/@types/index.ts
2025-08-06 15:43:50,353 - Knowledge - INFO - Found code-base-name: https://github.com/DanAnt123/react-bank.git:master
2025-08-06 15:43:50,536 - Knowledge - INFO - Found code_base: <app.utils.kg_build.knowledge.KnowledgeCodeBase object at 0x7fa3f4c2df50>
2025-08-06 15:43:50,356 - Knowledge - INFO - Found code-base-name: https://github.com/DanAnt123/react-bank.git:master
2025-08-06 15:43:50,356 - Knowledge - INFO - Found code-base-name: https://github.com/DanAnt123/react-bank.git:master
2025-08-06 15:43:50,355 - Knowledge - INFO - worker kw16 pull /app/data/T0015/29462/b6613se/react-bank/web/src/store/index.tsx from ingest queue
2025-08-06 15:43:50,651 - Knowledge - INFO - persist ingested knowledge for /app/data/T0015/29462/b6613se/react-bank/web/src/actions/messages.ts
2025-08-06 15:43:50,747 - Knowledge - INFO - persist search terms embedding for web/src/actions/accounts.ts
2025-08-06 15:43:50,751 - Knowledge - INFO - Found code_base: <app.utils.kg_build.knowledge.KnowledgeCodeBase object at 0x7fa3f4c2df50>
2025-08-06 15:43:50,860 - Knowledge - INFO - Found code_base: <app.utils.kg_build.knowledge.KnowledgeCodeBase object at 0x7fa3f4c2df50>
2025-08-06 15:43:50,978 - Knowledge - INFO - Thread kw16 - File index.tsx - Remaining files in queue: 21
2025-08-06 15:43:51,235 - Knowledge - INFO - persist ingested knowledge for /app/data/T0015/29462/b6613se/react-bank/web/src/index.tsx
2025-08-06 15:43:51,283 - Knowledge - INFO - worker kw22 pull /app/data/T0015/29462/b6613se/react-bank/web/src/reducers/profile.ts from ingest queue
2025-08-06 15:43:51,283 - Knowledge - INFO - worker kw12 pull /app/data/T0015/29462/b6613se/react-bank/web/src/reducers/auth.ts from ingest queue
2025-08-06 15:43:51,333 - Knowledge - INFO - persist ingested knowledge for /app/data/T0015/29462/b6613se/react-bank/web/src/actions/panel.ts
2025-08-06 15:43:51,415 - Knowledge - INFO - start ingest for /app/data/T0015/29462/b6613se/react-bank/web/src/store/index.tsx
2025-08-06 15:43:51,586 - Knowledge - INFO - Thread kw22 - File profile.ts - Remaining files in queue: 19
2025-08-06 15:43:51,680 - Knowledge - INFO - Thread kw12 - File auth.ts - Remaining files in queue: 19
2025-08-06 15:43:51,886 - Knowledge - INFO - persist search terms embedding for web/src/tools/index.ts
2025-08-06 15:43:51,954 - Knowledge - INFO - start ingest for /app/data/T0015/29462/b6613se/react-bank/web/src/reducers/profile.ts
2025-08-06 15:43:52,033 - Knowledge - INFO - start ingest for /app/data/T0015/29462/b6613se/react-bank/web/src/reducers/auth.ts
2025-08-06 15:43:52,275 - Knowledge - INFO - Fast-track processing for simple file: /app/data/T0015/29462/b6613se/react-bank/web/src/reducers/auth.ts
2025-08-06 15:43:52,354 - Knowledge - INFO - done fast ingest for /app/data/T0015/29462/b6613se/react-bank/web/src/reducers/auth.ts
2025-08-06 15:43:52,483 - Knowledge - INFO - process ingested knowledge for /app/data/T0015/29462/b6613se/react-bank/web/src/reducers/auth.ts
2025-08-06 15:43:52,501 - Knowledge - INFO - persist search terms embedding for web/src/actions/index.ts
2025-08-06 15:43:52,762 - Knowledge - INFO - Found code-base-name: https://github.com/DanAnt123/react-bank.git:master
2025-08-06 15:43:52,787 - Knowledge - INFO - worker kw24 pull /app/data/T0015/29462/b6613se/react-bank/web/scss/_forms.scss from ingest queue
2025-08-06 15:43:52,914 - Knowledge - INFO - Found code_base: <app.utils.kg_build.knowledge.KnowledgeCodeBase object at 0x7fa3f4c2df50>
2025-08-06 15:43:52,988 - Knowledge - INFO - done ingest for /app/data/T0015/29462/b6613se/react-bank/web/src/actions/auth.ts
2025-08-06 15:43:53,006 - Knowledge - INFO - Thread kw24 - File _forms.scss - Remaining files in queue: 18
2025-08-06 15:43:53,101 - Knowledge - INFO - persist ingested knowledge for /app/data/T0015/29462/b6613se/react-bank/web/src/@types/message.model.ts
2025-08-06 15:43:53,288 - Knowledge - INFO - persist search terms embedding for web/src/actions/profile.ts
2025-08-06 15:43:53,298 - Knowledge - INFO - process ingested knowledge for /app/data/T0015/29462/b6613se/react-bank/web/src/actions/auth.ts
2025-08-06 15:43:53,441 - Knowledge - INFO - start ingest for /app/data/T0015/29462/b6613se/react-bank/web/scss/_forms.scss
2025-08-06 15:43:53,612 - Knowledge - INFO - Found code-base-name: https://github.com/DanAnt123/react-bank.git:master
2025-08-06 15:43:53,612 - Knowledge - INFO - worker kw11 pull /app/data/T0015/29462/b6613se/react-bank/web/src/reducers/panel.ts from ingest queue
2025-08-06 15:43:53,613 - Knowledge - INFO - Found code-base-name: https://github.com/DanAnt123/react-bank.git:master
2025-08-06 15:43:53,994 - Knowledge - INFO - Fast-track processing for simple file: /app/data/T0015/29462/b6613se/react-bank/web/scss/_forms.scss
2025-08-06 15:43:54,078 - Knowledge - INFO - Found code_base: <app.utils.kg_build.knowledge.KnowledgeCodeBase object at 0x7fa3f4c2df50>
2025-08-06 15:43:54,093 - Knowledge - INFO - persist search terms embedding for web/src/actions/messages.ts
2025-08-06 15:43:54,190 - Knowledge - INFO - Thread kw11 - File panel.ts - Remaining files in queue: 17
2025-08-06 15:43:54,306 - Knowledge - INFO - Found code_base: <app.utils.kg_build.knowledge.KnowledgeCodeBase object at 0x7fa3f4c2df50>
2025-08-06 15:43:54,412 - Knowledge - INFO - done fast ingest for /app/data/T0015/29462/b6613se/react-bank/web/scss/_forms.scss
2025-08-06 15:43:54,513 - Knowledge - INFO - persist ingested knowledge for /app/data/T0015/29462/b6613se/react-bank/web/src/actions/transfers.ts
2025-08-06 15:43:54,643 - Knowledge - INFO - worker kw17 pull /app/data/T0015/29462/b6613se/react-bank/web/src/reducers/messages.ts from ingest queue
2025-08-06 15:43:54,777 - Knowledge - INFO - done ingest for /app/data/T0015/29462/b6613se/react-bank/web/src/reducers/cards.ts
2025-08-06 15:43:54,802 - Knowledge - INFO - start ingest for /app/data/T0015/29462/b6613se/react-bank/web/src/reducers/panel.ts
2025-08-06 15:43:54,901 - Knowledge - INFO - persist ingested knowledge for /app/data/T0015/29462/b6613se/react-bank/web/src/@types/index.ts
2025-08-06 15:43:55,009 - Knowledge - INFO - process ingested knowledge for /app/data/T0015/29462/b6613se/react-bank/web/scss/_forms.scss
2025-08-06 15:43:55,229 - Knowledge - INFO - Thread kw17 - File messages.ts - Remaining files in queue: 16
2025-08-06 15:43:55,310 - Knowledge - INFO - persist search terms embedding for web/src/index.tsx
2025-08-06 15:43:55,337 - Knowledge - INFO - process ingested knowledge for /app/data/T0015/29462/b6613se/react-bank/web/src/reducers/cards.ts
2025-08-06 15:43:55,688 - Knowledge - INFO - start ingest for /app/data/T0015/29462/b6613se/react-bank/web/src/reducers/messages.ts
2025-08-06 15:43:55,853 - Knowledge - INFO - done ingest for /app/data/T0015/29462/b6613se/react-bank/web/src/reducers/transfers.ts
2025-08-06 15:43:56,087 - Knowledge - INFO - done ingest for /app/data/T0015/29462/b6613se/react-bank/web/src/reducers/accounts.ts
2025-08-06 15:43:56,154 - Knowledge - INFO - process ingested knowledge for /app/data/T0015/29462/b6613se/react-bank/web/src/reducers/transfers.ts
2025-08-06 15:43:56,200 - Knowledge - INFO - persist search terms embedding for web/src/actions/panel.ts
2025-08-06 15:43:56,212 - Knowledge - INFO - process ingested knowledge for /app/data/T0015/29462/b6613se/react-bank/web/src/reducers/accounts.ts
2025-08-06 15:43:56,386 - Knowledge - INFO - Found code-base-name: https://github.com/DanAnt123/react-bank.git:master
2025-08-06 15:43:56,387 - Knowledge - INFO - worker kw14 pull /app/data/T0015/29462/b6613se/react-bank/web/package.json from ingest queue
2025-08-06 15:43:56,388 - Knowledge - INFO - worker kw20 pull /app/data/T0015/29462/b6613se/react-bank/web/src/reducers/index.ts from ingest queue
2025-08-06 15:43:56,541 - Knowledge - INFO - Found code-base-name: https://github.com/DanAnt123/react-bank.git:master
2025-08-06 15:43:56,541 - Knowledge - INFO - Found code-base-name: https://github.com/DanAnt123/react-bank.git:master
2025-08-06 15:43:56,546 - Knowledge - INFO - Found code_base: <app.utils.kg_build.knowledge.KnowledgeCodeBase object at 0x7fa3f4c2df50>
2025-08-06 15:43:56,625 - Knowledge - INFO - Thread kw14 - File package.json - Remaining files in queue: 14
2025-08-06 15:43:56,715 - Knowledge - INFO - Thread kw20 - File index.ts - Remaining files in queue: 14
2025-08-06 15:43:56,799 - Knowledge - INFO - Found code_base: <app.utils.kg_build.knowledge.KnowledgeCodeBase object at 0x7fa3f4c2df50>
2025-08-06 15:43:56,868 - Knowledge - INFO - Found code_base: <app.utils.kg_build.knowledge.KnowledgeCodeBase object at 0x7fa3f4c2df50>
2025-08-06 15:43:56,965 - Knowledge - INFO - persist ingested knowledge for /app/data/T0015/29462/b6613se/react-bank/web/src/reducers/auth.ts
2025-08-06 15:43:57,045 - Knowledge - INFO - start ingest for /app/data/T0015/29462/b6613se/react-bank/web/package.json
2025-08-06 15:43:57,111 - Knowledge - INFO - done ingest for /app/data/T0015/29462/b6613se/react-bank/web/src/reducers/profile.ts
2025-08-06 15:43:57,120 - Knowledge - INFO - persist search terms embedding for web/src/actions/cards.ts
2025-08-06 15:43:57,149 - Knowledge - INFO - start ingest for /app/data/T0015/29462/b6613se/react-bank/web/src/reducers/index.ts
2025-08-06 15:43:57,230 - Knowledge - INFO - persist ingested knowledge for /app/data/T0015/29462/b6613se/react-bank/web/src/actions/actionTypes.ts
2025-08-06 15:43:57,345 - Knowledge - INFO - persist ingested knowledge for /app/data/T0015/29462/b6613se/react-bank/web/src/actions/auth.ts
2025-08-06 15:43:57,513 - Knowledge - INFO - Fast-track processing for simple file: /app/data/T0015/29462/b6613se/react-bank/web/package.json
2025-08-06 15:43:57,622 - Knowledge - INFO - process ingested knowledge for /app/data/T0015/29462/b6613se/react-bank/web/src/reducers/profile.ts
2025-08-06 15:43:57,692 - Knowledge - INFO - worker kw19 pull /app/data/T0015/29462/b6613se/react-bank/web/README-Create-React-App.md from ingest queue
2025-08-06 15:43:57,700 - Knowledge - INFO - worker kw18 pull /app/data/T0015/29462/b6613se/react-bank/web/scss/vendor.scss from ingest queue
2025-08-06 15:43:58,025 - Knowledge - INFO - done fast ingest for /app/data/T0015/29462/b6613se/react-bank/web/package.json
2025-08-06 15:43:58,140 - Knowledge - INFO - persist search terms embedding for web/src/actions/transfers.ts
2025-08-06 15:43:58,217 - Knowledge - INFO - Thread kw19 - File README-Create-React-App.md - Remaining files in queue: 12
2025-08-06 15:43:58,329 - Knowledge - INFO - Thread kw18 - File vendor.scss - Remaining files in queue: 12
2025-08-06 15:43:58,428 - Knowledge - INFO - process ingested knowledge for /app/data/T0015/29462/b6613se/react-bank/web/package.json
2025-08-06 15:43:58,554 - Knowledge - INFO - Found code-base-name: https://github.com/DanAnt123/react-bank.git:master
2025-08-06 15:43:58,557 - Knowledge - INFO - worker kw6 pull /app/data/T0015/29462/b6613se/react-bank/web/scss/pagination.scss from ingest queue
2025-08-06 15:43:58,560 - Knowledge - INFO - Found code-base-name: https://github.com/DanAnt123/react-bank.git:master
2025-08-06 15:43:58,570 - Knowledge - INFO - worker kw15 pull /app/data/T0015/29462/b6613se/react-bank/web/scss/_module.scss from ingest queue
2025-08-06 15:43:58,570 - Knowledge - INFO - worker kw3 pull /app/data/T0015/29462/b6613se/react-bank/web/scss/_custom-mixins.scss from ingest queue
2025-08-06 15:43:58,570 - Knowledge - INFO - Found code-base-name: https://github.com/DanAnt123/react-bank.git:master
2025-08-06 15:43:58,571 - Knowledge - INFO - Found code-base-name: https://github.com/DanAnt123/react-bank.git:master
2025-08-06 15:43:58,571 - Knowledge - INFO - worker kw23 pull /app/data/T0015/29462/b6613se/react-bank/web/scss/_all-utilities.scss from ingest queue
2025-08-06 15:43:58,674 - Knowledge - INFO - start ingest for /app/data/T0015/29462/b6613se/react-bank/web/README-Create-React-App.md
2025-08-06 15:43:58,722 - Knowledge - INFO - worker kw25 pull /app/data/T0015/29462/b6613se/react-bank/web/scss/site.scss from ingest queue
2025-08-06 15:43:58,786 - Knowledge - INFO - start ingest for /app/data/T0015/29462/b6613se/react-bank/web/scss/vendor.scss
2025-08-06 15:43:58,981 - Knowledge - INFO - Found code_base: <app.utils.kg_build.knowledge.KnowledgeCodeBase object at 0x7fa3f4c2df50>
2025-08-06 15:43:59,070 - Knowledge - INFO - Thread kw6 - File pagination.scss - Remaining files in queue: 7
2025-08-06 15:43:59,171 - Knowledge - INFO - Found code_base: <app.utils.kg_build.knowledge.KnowledgeCodeBase object at 0x7fa3f4c2df50>
2025-08-06 15:43:59,292 - Knowledge - INFO - Thread kw15 - File _module.scss - Remaining files in queue: 7
2025-08-06 15:43:59,303 - Knowledge - INFO - persist search terms embedding for web/src/actions/actionTypes.ts
2025-08-06 15:43:59,366 - Knowledge - INFO - Thread kw3 - File _custom-mixins.scss - Remaining files in queue: 7
2025-08-06 15:43:59,451 - Knowledge - INFO - Found code_base: <app.utils.kg_build.knowledge.KnowledgeCodeBase object at 0x7fa3f4c2df50>
2025-08-06 15:43:59,532 - Knowledge - INFO - Found code_base: <app.utils.kg_build.knowledge.KnowledgeCodeBase object at 0x7fa3f4c2df50>
2025-08-06 15:43:59,602 - Knowledge - INFO - Thread kw23 - File _all-utilities.scss - Remaining files in queue: 7
2025-08-06 15:43:59,731 - Knowledge - INFO - Fast-track processing for simple file: /app/data/T0015/29462/b6613se/react-bank/web/README-Create-React-App.md
2025-08-06 15:43:59,785 - Knowledge - INFO - done ingest for /app/data/T0015/29462/b6613se/react-bank/web/src/reducers/messages.ts
2025-08-06 15:43:59,814 - Knowledge - INFO - Thread kw25 - File site.scss - Remaining files in queue: 7
2025-08-06 15:44:00,004 - Knowledge - INFO - persist ingested knowledge for /app/data/T0015/29462/b6613se/react-bank/web/scss/_forms.scss
2025-08-06 15:44:00,115 - Knowledge - INFO - start ingest for /app/data/T0015/29462/b6613se/react-bank/web/scss/pagination.scss
2025-08-06 15:44:00,236 - Knowledge - INFO - persist ingested knowledge for /app/data/T0015/29462/b6613se/react-bank/web/src/reducers/cards.ts
2025-08-06 15:44:00,336 - Knowledge - INFO - start ingest for /app/data/T0015/29462/b6613se/react-bank/web/scss/_module.scss
2025-08-06 15:44:00,507 - Knowledge - INFO - start ingest for /app/data/T0015/29462/b6613se/react-bank/web/scss/_custom-mixins.scss
2025-08-06 15:44:00,649 - Knowledge - INFO - done ingest for /app/data/T0015/29462/b6613se/react-bank/web/src/store/index.tsx
2025-08-06 15:44:00,656 - Knowledge - INFO - persist ingested knowledge for /app/data/T0015/29462/b6613se/react-bank/web/src/@types/stat.model.ts
2025-08-06 15:44:00,708 - Knowledge - INFO - done ingest for /app/data/T0015/29462/b6613se/react-bank/web/src/reducers/panel.ts
2025-08-06 15:44:00,790 - Knowledge - INFO - persist ingested knowledge for /app/data/T0015/29462/b6613se/react-bank/web/src/reducers/accounts.ts
2025-08-06 15:44:00,892 - Knowledge - INFO - start ingest for /app/data/T0015/29462/b6613se/react-bank/web/scss/_all-utilities.scss
2025-08-06 15:44:00,976 - Knowledge - INFO - done fast ingest for /app/data/T0015/29462/b6613se/react-bank/web/README-Create-React-App.md
2025-08-06 15:44:01,065 - Knowledge - INFO - persist search terms embedding for web/src/actions/auth.ts
2025-08-06 15:44:01,096 - Knowledge - INFO - process ingested knowledge for /app/data/T0015/29462/b6613se/react-bank/web/src/reducers/messages.ts
2025-08-06 15:44:01,153 - Knowledge - INFO - start ingest for /app/data/T0015/29462/b6613se/react-bank/web/scss/site.scss
2025-08-06 15:44:01,343 - Knowledge - INFO - Fast-track processing for simple file: /app/data/T0015/29462/b6613se/react-bank/web/scss/pagination.scss
2025-08-06 15:44:01,594 - Knowledge - INFO - Fast-track processing for simple file: /app/data/T0015/29462/b6613se/react-bank/web/scss/_custom-mixins.scss
2025-08-06 15:44:01,696 - Knowledge - INFO - process ingested knowledge for /app/data/T0015/29462/b6613se/react-bank/web/src/store/index.tsx
2025-08-06 15:44:01,891 - Knowledge - INFO - process ingested knowledge for /app/data/T0015/29462/b6613se/react-bank/web/src/reducers/panel.ts
2025-08-06 15:44:02,083 - Knowledge - INFO - Fast-track processing for simple file: /app/data/T0015/29462/b6613se/react-bank/web/scss/_all-utilities.scss
2025-08-06 15:44:02,176 - Knowledge - INFO - done ingest for /app/data/T0015/29462/b6613se/react-bank/web/src/reducers/index.ts
2025-08-06 15:44:02,176 - Knowledge - INFO - process ingested knowledge for /app/data/T0015/29462/b6613se/react-bank/web/README-Create-React-App.md
2025-08-06 15:44:02,266 - Knowledge - INFO - Found code-base-name: https://github.com/DanAnt123/react-bank.git:master
2025-08-06 15:44:02,271 - Knowledge - INFO - Found code-base-name: https://github.com/DanAnt123/react-bank.git:master
2025-08-06 15:44:02,272 - Knowledge - INFO - worker kw1 pull /app/data/T0015/29462/b6613se/react-bank/web/tsconfig.base.json from ingest queue
2025-08-06 15:44:02,272 - Knowledge - INFO - worker kw21 pull /app/data/T0015/29462/b6613se/react-bank/web/scss/_custom-variables.scss from ingest queue
2025-08-06 15:44:02,273 - Knowledge - INFO - worker kw12 pull /app/data/T0015/29462/b6613se/react-bank/web/public/index.html from ingest queue
2025-08-06 15:44:02,274 - Knowledge - INFO - Found code-base-name: https://github.com/DanAnt123/react-bank.git:master
2025-08-06 15:44:02,440 - Knowledge - INFO - Fast-track processing for simple file: /app/data/T0015/29462/b6613se/react-bank/web/scss/site.scss
2025-08-06 15:44:02,530 - Knowledge - INFO - done fast ingest for /app/data/T0015/29462/b6613se/react-bank/web/scss/pagination.scss
2025-08-06 15:44:02,616 - Knowledge - INFO - done fast ingest for /app/data/T0015/29462/b6613se/react-bank/web/scss/_custom-mixins.scss
2025-08-06 15:44:02,726 - Knowledge - INFO - persist search terms embedding for web/src/reducers/cards.ts
2025-08-06 15:44:02,909 - Knowledge - INFO - done fast ingest for /app/data/T0015/29462/b6613se/react-bank/web/scss/_all-utilities.scss
2025-08-06 15:44:03,018 - Knowledge - INFO - process ingested knowledge for /app/data/T0015/29462/b6613se/react-bank/web/src/reducers/index.ts
2025-08-06 15:44:03,218 - Knowledge - INFO - Found code_base: <app.utils.kg_build.knowledge.KnowledgeCodeBase object at 0x7fa3f4c2df50>
2025-08-06 15:44:03,342 - Knowledge - INFO - Found code_base: <app.utils.kg_build.knowledge.KnowledgeCodeBase object at 0x7fa3f4c2df50>
2025-08-06 15:44:03,452 - Knowledge - INFO - Thread kw1 - File tsconfig.base.json - Remaining files in queue: 4
2025-08-06 15:44:03,558 - Knowledge - INFO - Thread kw21 - File _custom-variables.scss - Remaining files in queue: 4
2025-08-06 15:44:03,641 - Knowledge - INFO - Thread kw12 - File index.html - Remaining files in queue: 4
2025-08-06 15:44:03,722 - Knowledge - INFO - Found code_base: <app.utils.kg_build.knowledge.KnowledgeCodeBase object at 0x7fa3f4c2df50>
2025-08-06 15:44:03,831 - Knowledge - INFO - done fast ingest for /app/data/T0015/29462/b6613se/react-bank/web/scss/site.scss
2025-08-06 15:44:03,934 - Knowledge - INFO - process ingested knowledge for /app/data/T0015/29462/b6613se/react-bank/web/scss/pagination.scss
2025-08-06 15:44:04,002 - Knowledge - INFO - process ingested knowledge for /app/data/T0015/29462/b6613se/react-bank/web/scss/_custom-mixins.scss
2025-08-06 15:44:04,210 - Knowledge - INFO - process ingested knowledge for /app/data/T0015/29462/b6613se/react-bank/web/scss/_all-utilities.scss
2025-08-06 15:44:04,271 - Knowledge - INFO - done ingest for /app/data/T0015/29462/b6613se/react-bank/web/scss/_module.scss
2025-08-06 15:44:04,412 - Knowledge - INFO - persist ingested knowledge for /app/data/T0015/29462/b6613se/react-bank/web/src/reducers/profile.ts
2025-08-06 15:44:04,525 - Knowledge - INFO - persist ingested knowledge for /app/data/T0015/29462/b6613se/react-bank/web/src/reducers/transfers.ts
2025-08-06 15:44:04,538 - Knowledge - INFO - persist search terms embedding for web/src/reducers/accounts.ts
2025-08-06 15:44:04,601 - Knowledge - INFO - start ingest for /app/data/T0015/29462/b6613se/react-bank/web/tsconfig.base.json
2025-08-06 15:44:04,676 - Knowledge - INFO - start ingest for /app/data/T0015/29462/b6613se/react-bank/web/scss/_custom-variables.scss
2025-08-06 15:44:04,790 - Knowledge - INFO - start ingest for /app/data/T0015/29462/b6613se/react-bank/web/public/index.html
2025-08-06 15:44:04,905 - Knowledge - INFO - persist ingested knowledge for /app/data/T0015/29462/b6613se/react-bank/web/package.json
2025-08-06 15:44:05,016 - Knowledge - INFO - process ingested knowledge for /app/data/T0015/29462/b6613se/react-bank/web/scss/site.scss
2025-08-06 15:44:05,417 - Knowledge - INFO - process ingested knowledge for /app/data/T0015/29462/b6613se/react-bank/web/scss/_module.scss
2025-08-06 15:44:05,700 - Knowledge - INFO - worker kw2 pull /app/data/T0015/29462/b6613se/react-bank/README.md from ingest queue
2025-08-06 15:44:05,700 - Knowledge - INFO - worker kw5 pull /app/data/T0015/29462/b6613se/react-bank/web/tsconfig.json from ingest queue
2025-08-06 15:44:05,704 - Knowledge - INFO - worker kw4 pull /app/data/T0015/29462/b6613se/react-bank/web/public/manifest.json from ingest queue
2025-08-06 15:44:05,706 - Knowledge - INFO - Found code-base-name: https://github.com/DanAnt123/react-bank.git:master
2025-08-06 15:44:05,711 - Knowledge - INFO - Found code-base-name: https://github.com/DanAnt123/react-bank.git:master
2025-08-06 15:44:05,712 - Knowledge - INFO - Found code-base-name: https://github.com/DanAnt123/react-bank.git:master
2025-08-06 15:44:05,713 - Knowledge - INFO - worker kw13 pull /app/data/T0015/29462/b6613se/react-bank/web/public/robots.txt from ingest queue
2025-08-06 15:44:06,908 - Knowledge - INFO - Thread kw13 - File robots.txt - Remaining files in queue: 0
2025-08-06 15:44:05,832 - Knowledge - INFO - Fast-track processing for simple file: /app/data/T0015/29462/b6613se/react-bank/web/tsconfig.base.json
2025-08-06 15:44:05,907 - Knowledge - INFO - Fast-track processing for simple file: /app/data/T0015/29462/b6613se/react-bank/web/scss/_custom-variables.scss
2025-08-06 15:44:06,389 - Knowledge - INFO - Thread kw2 - File README.md - Remaining files in queue: 0
2025-08-06 15:44:06,469 - Knowledge - INFO - Thread kw5 - File tsconfig.json - Remaining files in queue: 0
2025-08-06 15:44:06,551 - Knowledge - INFO - Thread kw4 - File manifest.json - Remaining files in queue: 0
2025-08-06 15:44:06,640 - Knowledge - INFO - Found code_base: <app.utils.kg_build.knowledge.KnowledgeCodeBase object at 0x7fa3f4c2df50>
2025-08-06 15:44:06,718 - Knowledge - INFO - Found code_base: <app.utils.kg_build.knowledge.KnowledgeCodeBase object at 0x7fa3f4c2df50>
2025-08-06 15:44:07,689 - Knowledge - INFO - persist ingested knowledge for /app/data/T0015/29462/b6613se/react-bank/web/src/reducers/panel.ts
2025-08-06 15:44:05,714 - Knowledge - INFO - Found code-base-name: https://github.com/DanAnt123/react-bank.git:master
2025-08-06 15:44:06,988 - Knowledge - INFO - start ingest for /app/data/T0015/29462/b6613se/react-bank/web/public/robots.txt
2025-08-06 15:44:07,044 - Knowledge - INFO - done ingest for /app/data/T0015/29462/b6613se/react-bank/web/scss/vendor.scss
2025-08-06 15:44:07,098 - Knowledge - INFO - done fast ingest for /app/data/T0015/29462/b6613se/react-bank/web/tsconfig.base.json
2025-08-06 15:44:07,205 - Knowledge - INFO - done fast ingest for /app/data/T0015/29462/b6613se/react-bank/web/scss/_custom-variables.scss
2025-08-06 15:44:07,295 - Knowledge - INFO - start ingest for /app/data/T0015/29462/b6613se/react-bank/README.md
2025-08-06 15:44:07,380 - Knowledge - INFO - start ingest for /app/data/T0015/29462/b6613se/react-bank/web/tsconfig.json
2025-08-06 15:44:07,492 - Knowledge - INFO - start ingest for /app/data/T0015/29462/b6613se/react-bank/web/public/manifest.json
2025-08-06 15:44:07,591 - Knowledge - INFO - persist ingested knowledge for /app/data/T0015/29462/b6613se/react-bank/web/src/store/index.tsx
2025-08-06 15:44:06,833 - Knowledge - INFO - Found code_base: <app.utils.kg_build.knowledge.KnowledgeCodeBase object at 0x7fa3f4c2df50>
2025-08-06 15:44:07,847 - Knowledge - INFO - done ingest for /app/data/T0015/29462/b6613se/react-bank/web/public/index.html
2025-08-06 15:44:07,913 - Knowledge - INFO - Found code_base: <app.utils.kg_build.knowledge.KnowledgeCodeBase object at 0x7fa3f4c2df50>
2025-08-06 15:44:07,991 - Knowledge - INFO - Fast-track processing for simple file: /app/data/T0015/29462/b6613se/react-bank/web/public/robots.txt
2025-08-06 15:44:08,112 - Knowledge - INFO - process ingested knowledge for /app/data/T0015/29462/b6613se/react-bank/web/scss/vendor.scss
2025-08-06 15:44:08,218 - Knowledge - INFO - process ingested knowledge for /app/data/T0015/29462/b6613se/react-bank/web/tsconfig.base.json
2025-08-06 15:44:08,309 - Knowledge - INFO - process ingested knowledge for /app/data/T0015/29462/b6613se/react-bank/web/scss/_custom-variables.scss
2025-08-06 15:44:08,391 - Knowledge - INFO - Fast-track processing for simple file: /app/data/T0015/29462/b6613se/react-bank/README.md
2025-08-06 15:44:08,475 - Knowledge - INFO - Fast-track processing for simple file: /app/data/T0015/29462/b6613se/react-bank/web/tsconfig.json
2025-08-06 15:44:08,570 - Knowledge - INFO - Fast-track processing for simple file: /app/data/T0015/29462/b6613se/react-bank/web/public/manifest.json
2025-08-06 15:44:08,747 - Knowledge - INFO - persist ingested knowledge for /app/data/T0015/29462/b6613se/react-bank/web/README-Create-React-App.md
2025-08-06 15:44:08,851 - Knowledge - INFO - process ingested knowledge for /app/data/T0015/29462/b6613se/react-bank/web/public/index.html
2025-08-06 15:44:08,931 - Knowledge - INFO - persist ingested knowledge for /app/data/T0015/29462/b6613se/react-bank/web/scss/_custom-mixins.scss
2025-08-06 15:44:09,001 - Knowledge - INFO - done fast ingest for /app/data/T0015/29462/b6613se/react-bank/web/public/robots.txt
2025-08-06 15:44:09,195 - Knowledge - INFO - persist search terms embedding for web/src/reducers/profile.ts
2025-08-06 15:44:09,347 - Knowledge - INFO - done fast ingest for /app/data/T0015/29462/b6613se/react-bank/README.md
2025-08-06 15:44:09,417 - Knowledge - INFO - done fast ingest for /app/data/T0015/29462/b6613se/react-bank/web/tsconfig.json
2025-08-06 15:44:09,524 - Knowledge - INFO - done fast ingest for /app/data/T0015/29462/b6613se/react-bank/web/public/manifest.json
2025-08-06 15:44:09,933 - Knowledge - INFO - process ingested knowledge for /app/data/T0015/29462/b6613se/react-bank/web/public/robots.txt
2025-08-06 15:44:10,153 - Knowledge - INFO - process ingested knowledge for /app/data/T0015/29462/b6613se/react-bank/README.md
2025-08-06 15:44:10,236 - Knowledge - INFO - process ingested knowledge for /app/data/T0015/29462/b6613se/react-bank/web/tsconfig.json
2025-08-06 15:44:10,348 - Knowledge - INFO - process ingested knowledge for /app/data/T0015/29462/b6613se/react-bank/web/public/manifest.json
2025-08-06 15:44:10,415 - Knowledge - INFO - persist search terms embedding for web/src/reducers/transfers.ts
2025-08-06 15:44:10,844 - Knowledge - INFO - Found code-base-name: https://github.com/DanAnt123/react-bank.git:master
2025-08-06 15:44:10,909 - Knowledge - INFO - Found code_base: <app.utils.kg_build.knowledge.KnowledgeCodeBase object at 0x7fa3f4c2df50>
2025-08-06 15:44:10,845 - Knowledge - INFO - Found code-base-name: https://github.com/DanAnt123/react-bank.git:master
2025-08-06 15:44:10,951 - Knowledge - INFO - Found code-base-name: https://github.com/DanAnt123/react-bank.git:master
2025-08-06 15:44:11,223 - Knowledge - INFO - Found code_base: <app.utils.kg_build.knowledge.KnowledgeCodeBase object at 0x7fa3f4c2df50>
2025-08-06 15:44:11,000 - Knowledge - INFO - persist ingested knowledge for /app/data/T0015/29462/b6613se/react-bank/web/scss/pagination.scss
2025-08-06 15:44:11,116 - Knowledge - INFO - Found code_base: <app.utils.kg_build.knowledge.KnowledgeCodeBase object at 0x7fa3f4c2df50>
2025-08-06 15:44:10,951 - Knowledge - INFO - Found code-base-name: https://github.com/DanAnt123/react-bank.git:master
2025-08-06 15:44:11,275 - Knowledge - INFO - persist search terms embedding for web/src/reducers/panel.ts
2025-08-06 15:44:11,305 - Knowledge - INFO - persist ingested knowledge for /app/data/T0015/29462/b6613se/react-bank/web/scss/site.scss
2025-08-06 15:44:11,475 - Knowledge - INFO - persist ingested knowledge for /app/data/T0015/29462/b6613se/react-bank/web/src/reducers/index.ts
2025-08-06 15:44:11,590 - Knowledge - INFO - Found code_base: <app.utils.kg_build.knowledge.KnowledgeCodeBase object at 0x7fa3f4c2df50>
2025-08-06 15:44:11,692 - Knowledge - INFO - Found code-base-name: https://github.com/DanAnt123/react-bank.git:master
2025-08-06 15:44:11,693 - Knowledge - INFO - Found code-base-name: https://github.com/DanAnt123/react-bank.git:master
2025-08-06 15:44:11,693 - Knowledge - INFO - Found code-base-name: https://github.com/DanAnt123/react-bank.git:master
2025-08-06 15:44:11,774 - Knowledge - INFO - Found code-base-name: https://github.com/DanAnt123/react-bank.git:master
2025-08-06 15:44:11,856 - Knowledge - INFO - Found code-base-name: https://github.com/DanAnt123/react-bank.git:master
2025-08-06 15:44:11,857 - Knowledge - INFO - Found code-base-name: https://github.com/DanAnt123/react-bank.git:master
2025-08-06 15:44:11,953 - Knowledge - INFO - persist ingested knowledge for /app/data/T0015/29462/b6613se/react-bank/web/scss/_module.scss
2025-08-06 15:44:12,074 - Knowledge - INFO - Found code_base: <app.utils.kg_build.knowledge.KnowledgeCodeBase object at 0x7fa3f4c2df50>
2025-08-06 15:44:12,165 - Knowledge - INFO - Found code_base: <app.utils.kg_build.knowledge.KnowledgeCodeBase object at 0x7fa3f4c2df50>
2025-08-06 15:44:12,214 - Knowledge - INFO - persist search terms embedding for web/src/store/index.tsx
2025-08-06 15:44:12,278 - Knowledge - INFO - Found code_base: <app.utils.kg_build.knowledge.KnowledgeCodeBase object at 0x7fa3f4c2df50>
2025-08-06 15:44:12,379 - Knowledge - INFO - Found code_base: <app.utils.kg_build.knowledge.KnowledgeCodeBase object at 0x7fa3f4c2df50>
2025-08-06 15:44:12,461 - Knowledge - INFO - Found code_base: <app.utils.kg_build.knowledge.KnowledgeCodeBase object at 0x7fa3f4c2df50>
2025-08-06 15:44:12,571 - Knowledge - INFO - Found code_base: <app.utils.kg_build.knowledge.KnowledgeCodeBase object at 0x7fa3f4c2df50>
2025-08-06 15:44:12,780 - Knowledge - INFO - persist ingested knowledge for /app/data/T0015/29462/b6613se/react-bank/web/scss/vendor.scss
2025-08-06 15:44:12,857 - Knowledge - INFO - persist ingested knowledge for /app/data/T0015/29462/b6613se/react-bank/web/tsconfig.base.json
2025-08-06 15:44:13,028 - Knowledge - INFO - Found code-base-name: https://github.com/DanAnt123/react-bank.git:master
2025-08-06 15:44:13,028 - Knowledge - INFO - Found code-base-name: https://github.com/DanAnt123/react-bank.git:master
2025-08-06 15:44:13,028 - Knowledge - INFO - Found code-base-name: https://github.com/DanAnt123/react-bank.git:master
2025-08-06 15:44:13,060 - Knowledge - INFO - persist ingested knowledge for /app/data/T0015/29462/b6613se/react-bank/web/scss/_custom-variables.scss
2025-08-06 15:44:13,131 - Knowledge - INFO - persist ingested knowledge for /app/data/T0015/29462/b6613se/react-bank/web/public/index.html
2025-08-06 15:44:13,228 - Knowledge - INFO - persist ingested knowledge for /app/data/T0015/29462/b6613se/react-bank/README.md
2025-08-06 15:44:13,325 - Knowledge - INFO - persist ingested knowledge for /app/data/T0015/29462/b6613se/react-bank/web/public/manifest.json
2025-08-06 15:44:13,453 - Knowledge - INFO - persist search terms embedding for web/src/reducers/index.ts
2025-08-06 15:44:13,590 - Knowledge - INFO - Found code_base: <app.utils.kg_build.knowledge.KnowledgeCodeBase object at 0x7fa3f4c2df50>
2025-08-06 15:44:13,669 - Knowledge - INFO - Found code_base: <app.utils.kg_build.knowledge.KnowledgeCodeBase object at 0x7fa3f4c2df50>
2025-08-06 15:44:13,762 - Knowledge - INFO - Found code_base: <app.utils.kg_build.knowledge.KnowledgeCodeBase object at 0x7fa3f4c2df50>
2025-08-06 15:44:14,352 - Knowledge - INFO - persist ingested knowledge for /app/data/T0015/29462/b6613se/react-bank/web/public/robots.txt
2025-08-06 15:44:14,452 - Knowledge - INFO - persist ingested knowledge for /app/data/T0015/29462/b6613se/react-bank/web/tsconfig.json
2025-08-06 15:44:14,526 - Knowledge - INFO - persist ingested knowledge for /app/data/T0015/29462/b6613se/react-bank/web/scss/_all-utilities.scss
2025-08-06 15:44:14,595 - Knowledge - INFO - persist search terms embedding for web/scss/_module.scss
2025-08-06 15:44:15,153 - Knowledge - INFO - Found code-base-name: https://github.com/DanAnt123/react-bank.git:master
2025-08-06 15:44:15,266 - Knowledge - INFO - Found code_base: <app.utils.kg_build.knowledge.KnowledgeCodeBase object at 0x7fa3f4c2df50>
2025-08-06 15:44:15,353 - Knowledge - INFO - persist ingested knowledge for /app/data/T0015/29462/b6613se/react-bank/web/src/reducers/messages.ts
2025-08-06 15:44:15,944 - Knowledge - INFO - persist search terms embedding for web/scss/vendor.scss
2025-08-06 15:44:17,633 - Knowledge - INFO - persist search terms embedding for web/src/reducers/messages.ts
2025-08-06 15:44:17,711 - Knowledge - INFO - Knowledge creation complete
2025-08-06 15:44:17,801 - Knowledge - INFO - Updating org costs, total cost: 0.0339136
2025-08-06 15:44:18,724 - Knowledge - INFO - Saving knowledge to Redis...
2025-08-06 15:44:18,900 - Knowledge - INFO - Knowledge saved to Redis successfully
